Date,KO,PEP
2018-01-02,3.5500906918387085,4.496369429920698
2018-01-03,3.5478922483561868,4.493740331525825
2018-01-04,3.561878921933373,4.498653912367231
2018-01-05,3.5616612517013975,4.501523035259392
2018-01-08,3.5601410046833775,4.4957763636897266
2018-01-09,3.565128696757534,4.496538946480375
2018-01-10,3.5616612517013975,4.49144449805785
2018-01-11,3.5610104492288226,4.486324392888148
2018-01-12,3.5633964230667816,4.490593065460036
2018-01-16,3.5715968411111425,4.494673960087248
2018-01-17,3.5778101925350776,4.505811385778348
2018-01-18,3.579090669056183,4.504720332930687
2018-01-19,3.5850454530307214,4.514083800443245
2018-01-22,3.5896995299572576,4.525173361712173
2018-01-23,3.5911757413172096,4.523443200658373
2018-01-24,3.5991526989287412,4.522123467972377
2018-01-25,3.599361525927806,4.520140182183887
2018-01-26,3.6136817042673406,4.527228439508268
2018-01-29,3.5964307293416917,4.509914440432176
2018-01-30,3.590332669316753,4.511751244923101
2018-01-31,3.594122061863067,4.515165274781451
2018-02-01,3.5911757413172096,4.515165274781451
2018-02-02,3.5758860244921133,4.501523035259392
2018-02-05,3.5357147052315967,4.4654019073807
2018-02-06,3.5308016146907373,4.457507785660525
2018-02-07,3.528336379663566,4.456979518583586
2018-02-08,3.495022542134556,4.427019332548678
2018-02-09,3.495718417018114,4.436326906788629
2018-02-12,3.515007284216973,4.443049880211768
2018-02-13,3.519998056177132,4.444924742942996
2018-02-14,3.517959252661159,4.417533104672814
2018-02-15,3.533260898701898,4.434436653962967
2018-02-16,3.5377174423968016,4.435247006106113
2018-02-20,3.5154617739330325,4.420918422817228
2018-02-21,3.500575799168435,4.407307468021371
2018-02-22,3.504720310638244,4.418906880220496
2018-02-23,3.5165978884239313,4.422743276965098
2018-02-26,3.516370814092145,4.434166119022146
2018-02-27,3.5070154037319456,4.433715306249982
2018-02-28,3.4978027945850116,4.423199153690747
2018-03-01,3.502649972245705,4.415781510019996
2018-03-02,3.5093054696865087,4.424254561794283
2018-03-05,3.5131857790200773,4.427825056779144
2018-03-06,3.514097003144307,4.429194691731377
2018-03-07,3.511589733886886,4.4315644724081995
2018-03-08,3.5258644909672787,4.45175268915974
2018-03-09,3.534154243023567,4.455848449969794
2018-03-12,3.527662620032033,4.457712754556461
2018-03-13,3.528560417565312,4.465223343402267
2018-03-14,3.51946485128524,4.456470359619011
2018-03-15,3.5169495026016833,4.450949109802859
2018-03-16,3.5121295431840758,4.447819315018334
2018-03-19,3.507516643203674,4.436287884746048
2018-03-20,3.505202647413337,4.432110597116313
2018-03-21,3.5014884592975557,4.421499452863363
2018-03-22,3.495891471508963,4.414115507375668
2018-03-23,3.4857843795506174,4.397392966155391
2018-03-26,3.4942529632195165,4.40359114624852
2018-03-27,3.4989270804289325,4.411332005205377
2018-03-28,3.5089025205040203,4.425537607085965
2018-03-29,3.511438735486544,4.425263100925934
2018-04-02,3.493784208548374,4.405835708120783
2018-04-03,3.5102870498811662,4.416428558960299
2018-04-04,3.5299173432705406,4.434654820701766
2018-04-05,3.533527615638601,4.438188529399303
2018-04-06,3.522658135148422,4.426635882083477
2018-04-09,3.520607036906164,4.427367821191252
2018-04-10,3.5242506802196987,4.427550722290248
2018-04-11,3.5242506802196987,4.420947592411175
2018-04-12,3.525159632756135,4.4175372464948754
2018-04-13,3.536002103934146,4.426270167731134
2018-04-16,3.539814370219024,4.432292542196792
2018-04-17,3.544280770791233,4.422694381458722
2018-04-18,3.536002103934146,4.405181766403367
2018-04-19,3.531498825173698,4.391914021041204
2018-04-20,3.5185511576288886,4.3622073866035915
2018-04-23,3.5240230880149186,4.363182884742324
2018-04-24,3.503114934884778,4.3520073773562205
2018-04-25,3.488144044457308,4.349144501453332
2018-04-26,3.495657331811636,4.3697898612592665
2018-04-27,3.508671864623871,4.354665388189663
2018-04-30,3.506360085703331,4.347066075497724
2018-05-01,3.4919078023686505,4.3289720099736915
2018-05-02,3.4793854841247365,4.309619099127341
2018-05-03,3.475335498552531,4.313417441306028
2018-05-04,3.4864926653557844,4.327558694546205
2018-05-07,3.4812857472852388,4.3198515497020145
2018-05-08,3.4734240020967593,4.305083202025301
2018-05-09,3.4727060407069614,4.298553261469741
2018-05-10,3.482234350565715,4.310029950530383
2018-05-11,3.4812857472852388,4.311674023557966
2018-05-14,3.478909706517853,4.308796171284736
2018-05-15,3.4712688067719024,4.30518711859347
2018-05-16,3.4671856284932665,4.309207463429575
2018-05-17,3.4850754747950945,4.316690676527292
2018-05-18,3.482234350565715,4.31249479197927
2018-05-21,3.4876725333826952,4.332798070473749
2018-05-22,3.4838928879770505,4.337009760127193
2018-05-23,3.487436694448163,4.34219988006545
2018-05-24,3.4855483285840148,4.339508483496187
2018-05-25,3.487436694448163,4.340805050262504
2018-05-29,3.4940186712927908,4.348649926512265
2018-05-30,3.504507150956814,4.355844669014091
2018-05-31,3.5014884592975557,4.349361891130406
2018-06-01,3.5042752495049454,4.349361891130406
2018-06-04,3.5128193053629353,4.348064243303181
2018-06-05,3.504043179533259,4.348962847273207
2018-06-06,3.5121295431840758,4.355130742820773
2018-06-07,3.5116688679845516,4.3583983854100055
2018-06-08,3.523340788200547,4.3714598905418125
2018-06-11,3.5274281818985886,4.37846069487521
2018-06-12,3.5337529438064164,4.390690226246348
2018-06-13,3.5285605295157336,4.39822328347582
2018-06-14,3.523753373672039,4.396892565434544
2018-06-15,3.5360681072856734,4.420208366982221
2018-06-18,3.5230645859904115,4.399267874609381
2018-06-19,3.5242121146324195,4.4047565680743785
2018-06-20,3.5163832795896313,4.403339862525287
2018-06-21,3.5124459850016176,4.416763901063514
2018-06-22,3.516152302684368,4.427246050839776
2018-06-25,3.523753373672039,4.432951203978572
2018-06-26,3.5180000966472638,4.424288753826062
2018-06-27,3.51198169947407,4.4263227206008375
2018-06-28,3.521226022314454,4.430102650554693
2018-06-29,3.530157904969852,4.431849231225396
2018-07-02,3.5276467086659613,4.437893214937529
2018-07-03,3.533117483874264,4.431206185448104
2018-07-05,3.548233141000867,4.438075824246503
2018-07-06,3.547785400430826,4.438167161478187
2018-07-09,3.542394499557845,4.421601300088854
2018-07-10,3.555150658671101,4.468108486427852
2018-07-11,3.5511398918091754,4.465003407038992
2018-07-12,3.5484571556214743,4.455988486435306
2018-07-13,3.550022649120346,4.466335448818172
2018-07-16,3.5497995329470156,4.468728591849896
2018-07-17,3.561357733816318,4.485582955314579
2018-07-18,3.55848057505569,4.485147687054618
2018-07-19,3.558258903534161,4.493300067802369
2018-07-20,3.5620206528470226,4.495371310927728
2018-07-23,3.5547057872299725,4.481308426701864
2018-07-24,3.5615787195544293,4.484363450942586
2018-07-25,3.579751193690804,4.488451275493225
2018-07-26,3.5830000050053097,4.486626878335437
2018-07-27,3.582351171445892,4.480346239244036
2018-07-30,3.5827839153138874,4.479470679938142
2018-07-31,3.5913992770669845,4.486626878335437
2018-08-01,3.586238718419208,4.47446621334027
2018-08-02,3.581701492001949,4.483927565303394
2018-08-03,3.591184469191195,4.497867800633937
2018-08-06,3.5918281239191048,4.507111236658746
2018-08-07,3.588607386165582,4.479821255106004
2018-08-08,3.5810518151025508,4.473409685345849
2018-08-09,3.5853762417341772,4.4752580729161435
2018-08-10,3.579534081586228,4.467931455340231
2018-08-13,3.574093576636492,4.469259517725647
2018-08-14,3.5754022134616106,4.469967038920075
2018-08-15,3.579534081586228,4.473056941891319
2018-08-16,3.5825673546589303,4.480083695166223
2018-08-17,3.5907556617609653,4.486279025067244
2018-08-20,3.593541359872766,4.485234738661481
2018-08-21,3.5825673546589303,4.475434159269277
2018-08-22,3.5762736519951615,4.462334340660749
2018-08-23,3.571253094873348,4.459568206624898
2018-08-24,3.5697201900787983,4.46153200059872
2018-08-27,3.5710346661389303,4.463847639296209
2018-08-28,3.564006020878656,4.452755300941409
2018-08-29,3.5631239294173334,4.4606399812658575
2018-08-30,3.5547057872299725,4.459836456508683
2018-08-31,3.546216067887138,4.460283144633333
2018-09-04,3.5504699369483137,4.451224931938582
2018-09-05,3.5642266382776637,4.470143797367977
2018-09-06,3.572783760574319,4.481735356175932
2018-09-07,3.5716906670582893,4.475016696495919
2018-09-10,3.5791000352122166,4.482351557119558
2018-09-11,3.5782310572894245,4.480236285148031
2018-09-12,3.5830000050053097,4.484814205848476
2018-09-13,3.5825639605829505,4.494777481877335
2018-09-14,3.5860490119948785,4.491118155634034
2018-09-17,3.593198674563855,4.498336791200011
2018-09-18,3.5847434480071425,4.485955375938572
2018-09-19,3.5853963372981035,4.484111259755878
2018-09-20,3.600083426722616,4.496775864277896
2018-09-21,3.598795964945055,4.49408150708229
2018-09-24,3.5877869409075336,4.470838825734816
2018-09-25,3.579285743714363,4.468163435824109
2018-09-26,3.5830000050053097,4.4639570377720945
2018-09-27,3.586483856704844,4.459912947483911
2018-09-28,3.5903883419796117,4.46664377763375
2018-10-01,3.5912538688515636,4.456846434782183
2018-10-02,3.5972924030630544,4.438707890904604
2018-10-03,3.5834363892387415,4.4276091305911685
2018-10-04,3.5830000050053097,4.419109806457965
2018-10-05,3.5836544569898012,4.417983174346428
2018-10-08,3.5966471324807685,4.433820987973948
2018-10-09,3.5947088187213887,4.433174044397345
2018-10-10,3.579285743714363,4.425933617916531
2018-10-11,3.5562556564410546,4.404464081031302
2018-10-12,3.5571513313839027,4.406555946280125
2018-10-15,3.5622854376881543,4.4098746010180205
2018-10-16,3.575117798501903,4.426399628936859
2018-10-17,3.583218061932388,4.434930017518529
2018-10-18,3.577752109945776,4.431415073181602
2018-10-19,3.59341483390225,4.453045815354744
2018-10-22,3.585613872370675,4.444943101293612
2018-10-23,3.594061878332639,4.451593732944015
2018-10-24,3.6020115688042025,4.476966373447974
2018-10-25,3.5972924030630544,4.475991923312559
2018-10-26,3.5845256176265003,4.454495171373903
2018-10-29,3.596216685781859,4.476345976331422
2018-10-30,3.6210876609811713,4.484111259755878
2018-10-31,3.626322915305031,4.471818133447469
2018-11-01,3.6233945420931386,4.46404648080564
2018-11-02,3.6288260988231653,4.460992989314537
2018-11-05,3.643098735023063,4.4895460825790074
2018-11-06,3.651687580520971,4.496688961252519
2018-11-07,3.6569680149557167,4.500154544258278
2018-11-08,3.6561574606656926,4.504039434312324
2018-11-09,3.663227461940962,4.516200382856427
2018-11-12,3.667044457090391,4.511849831198505
2018-11-13,3.666844033177549,4.5133022864031815
2018-11-14,3.6648366047278866,4.509110343237662
2018-11-15,3.664434439557454,4.51039526329874
2018-11-16,3.6730422531385214,4.5235786377258345
2018-11-19,3.679796639125364,4.5291398608933795
2018-11-20,3.657170329424072,4.503522607301122
2018-11-21,3.643919540147699,4.497296104082771
2018-11-23,3.6498534622966354,4.498423126704846
2018-11-26,3.6467887053251777,4.50231473586959
2018-11-27,3.6569680149557167,4.5073083908484755
2018-11-28,3.6638311817417635,4.5248449473582655
2018-11-29,3.656913466726305,4.52290234574912
2018-11-30,3.685492472473029,4.553461605699955
2018-12-03,3.671305061071581,4.528887680463739
2018-12-04,3.6690889994426445,4.518920625897804
2018-12-06,3.665046905141287,4.518646721510516
2018-12-07,3.6591568410775963,4.5098788582399525
2018-12-10,3.662207979998881,4.513068081122522
2018-12-11,3.668281789255739,4.522490898086359
2018-12-12,3.661801522581161,4.5200152446005974
2018-12-13,3.6668679184855653,4.53148760880534
2018-12-14,3.6642368151932256,4.493601047960852
2018-12-17,3.6435540781662183,4.484077933732164
2018-12-18,3.643346993608163,4.474910500221292
2018-12-19,3.634617033748323,4.458685032689732
2018-12-20,3.6270728951952584,4.460228818821496
2018-12-21,3.6277039038442402,4.453034978106233
2018-12-24,3.593272761619327,4.421563349229896
2018-12-26,3.6143717685311323,4.443023322203244
2018-12-27,3.6268624704652543,4.453034978106233
2018-12-28,3.6198952337780055,4.46158925017412
2018-12-31,3.6230684562406643,4.462675841973692
2019-01-02,3.6141585510722027,4.451754734878076
2019-01-03,3.6079599354571963,4.442377009472829
2019-01-04,3.6277039038442402,4.462675841973692
2019-01-07,3.6145846323703767,4.454039766628733
2019-01-08,3.6258100884275946,4.463580463400073
2019-01-09,3.60645777579475,4.435239319982446
2019-01-10,3.617137519654634,4.441360607497416
2019-01-11,3.622856779593777,4.4414529033256525
2019-01-14,3.6188353877566968,4.433656347838603
2019-01-15,3.6277039038442402,4.44909737960204
2019-01-16,3.6139456992949115,4.443115823568063
2019-01-17,3.6169246861850555,4.451205353656556
2019-01-18,3.6285444272112035,4.458957581634311
2019-01-22,3.630852179773292,4.457503275518741
2019-01-23,3.6423117263771814,4.464936082449257
2019-01-24,3.630223256342361,4.453765785088155
2019-01-25,3.623490555231638,4.452395283588079
2019-01-28,3.619259481416267,4.4475364780536495
2019-01-29,3.6241236242102755,4.449189053318937
2019-01-30,3.6337817019782217,4.465748414782583
2019-01-31,3.6394073233730713,4.482304542141484
2019-02-01,3.6511805697572943,4.47803526698672
2019-02-04,3.662410804032883,4.48602533977572
2019-02-05,3.6626138806541744,4.484343822091445
2019-02-06,3.6626138806541744,4.485671516646971
2019-02-07,3.665856632140406,4.48602533977572
2019-02-08,3.667474219246557,4.485405895117907
2019-02-11,3.6696938582469802,4.484963322517488
2019-02-12,3.670701079209957,4.492195869037548
2019-02-13,3.673315638803694,4.495091986050728
2019-02-14,3.5851897567933535,4.481593958672873
2019-02-15,3.57748307428563,4.51065525263561
2019-02-19,3.5683787028374097,4.510827898525693
2019-02-20,3.574383843707763,4.509964790427593
2019-02-21,3.5910945579240905,4.512293139903115
2019-02-22,3.5783667617223953,4.517961757003316
2019-02-25,3.570829497079765,4.511948491503867
2019-02-26,3.565250974585322,4.511172849472102
2019-02-27,3.570829497079765,4.505985628140478
2019-02-28,3.579690989961793,4.516399588693709
2019-03-01,3.580573048131896,4.521058293499751
2019-03-04,3.5865051977981657,4.520972313422676
2019-03-05,3.585409240552569,4.519766236653365
2019-03-06,3.5821143558254795,4.525181130592287
2019-03-07,3.5783667617223953,4.52036949838864
2019-03-08,3.5686017995672246,4.512847710787359
2019-03-11,3.598048487359895,4.524581013518795
2019-03-12,3.595229253660856,4.524409485328742
2019-03-13,3.598913986090595,4.5244950876934045
2019-03-14,3.596291491158444,4.515187980888626
2019-03-15,3.5875002222830683,4.5165724128428995
2019-03-18,3.589925712218583,4.530396439089224
2019-03-19,3.5932234408192034,4.537364370161034
2019-03-20,3.5925647225225767,4.539310316994402
2019-03-21,3.5921256859927273,4.548731745700239
2019-03-22,3.601311878329366,4.559391523494106
2019-03-25,3.6034868681036114,4.56046772130097
2019-03-26,3.6166518405924433,4.570102604211199
2019-03-27,3.616008585694438,4.569036572951206
2019-03-28,3.615364506183303,4.568626191180829
2019-03-29,3.6213576666584415,4.574436597275379
2019-04-01,3.61836588316544,4.5699386307975995
2019-04-02,3.6151498576796675,4.567311868327075
2019-04-03,3.6067402497382,4.56632558617735
2019-04-04,3.613215533541793,4.565585057078219
2019-04-05,3.6130003203332905,4.566818967761388
2019-04-08,3.614720422400988,4.5699386307975995
2019-04-09,3.617294886868688,4.57133111447087
2019-04-10,3.6166518405924433,4.570266392734114
2019-04-11,3.6181515709354466,4.5672299332129835
2019-04-12,3.6187936538477974,4.571822112075729
2019-04-15,3.624340932976365,4.583453455320264
2019-04-16,3.623276320253334,4.573293660073468
2019-04-17,3.630280695757951,4.610183386228167
2019-04-18,3.6345018431606357,4.610812957489395
2019-04-22,3.632815662980254,4.605685495088079
2019-04-23,3.6497597490427607,4.610812957489395
2019-04-24,3.6449774593481075,4.6094742646305775
2019-04-25,3.6420552155140586,4.603230439685124
2019-04-26,3.6507964525910923,4.605369064525873
2019-04-29,3.654106324794087,4.607660673456613
2019-04-30,3.6672374343747376,4.618338413121014
2019-05-01,3.657611046187428,4.611992715230017
2019-05-02,3.6534863291804722,4.608765171963966
2019-05-03,3.66028297345956,4.615366440150077
2019-05-06,3.6551382384101974,4.612228121063904
2019-05-07,3.645394297669395,4.602040675644647
2019-05-08,3.6422645660908497,4.60235808448926
2019-05-09,3.632815662980254,4.602596075024082
2019-05-10,3.6493450244594157,4.618025886407791
2019-05-13,3.646435534428877,4.611363659037226
2019-05-14,3.6596670912983775,4.613327740449608
2019-05-15,3.669680442517737,4.6284395181884275
2019-05-16,3.677781030219481,4.6355267934525175
2019-05-17,3.6700870147245785,4.6373672753337205
2019-05-20,3.6629475848110653,4.633375150932407
2019-05-21,3.657816968921479,4.626117315251506
2019-05-22,3.6791917955159823,4.633990367898462
2019-05-23,3.683211662383346,4.633221157712106
2019-05-24,3.6783856673572997,4.629598600547662
2019-05-28,3.6680524986618166,4.615052832001187
2019-05-29,3.6580226525480315,4.619275106748541
2019-05-30,3.6711026740985537,4.622702137933781
2019-05-31,3.6686635315078537,4.61794777712835
2019-06-03,3.6858162383552386,4.625574905370502
2019-06-04,3.6862163041423686,4.626272480925913
2019-06-05,3.7016957993670934,4.64408743794994
2019-06-06,3.713831432480159,4.655862691112226
2019-06-07,3.7155808583965713,4.66708942266884
2019-06-10,3.713442451639003,4.66798787175423
2019-06-11,3.7124686384758796,4.665064273336173
2019-06-12,3.718489846027536,4.664613618747377
2019-06-13,3.716340863668168,4.6631103283308954
2019-06-14,3.7198550973603113,4.661529347269689
2019-06-17,3.711242856073033,4.659946007203485
2019-06-18,3.7067110645615524,4.656468870528351
2019-06-19,3.716145348372695,4.662433235738061
2019-06-20,3.7266532590370574,4.672245479129518
2019-06-21,3.724521766930789,4.6707537693783365
2019-06-24,3.731673319137028,4.672096501009975
2019-06-25,3.728587027849129,4.66963322095451
2019-06-26,3.716145348372695,4.658435822969008
2019-06-27,3.7153625332043716,4.6536631229076635
2019-06-28,3.712224943772341,4.649401839524379
2019-07-01,3.7254909979931172,4.655028911529394
2019-07-02,3.7328282384774463,4.6592667679498705
2019-07-03,3.735134356498288,4.670977599883639
2019-07-05,3.735326194532583,4.6637122035335965
2019-07-08,3.733213037014795,4.6602478716520315
2019-07-09,3.7252972637015285,4.654042816878888
2019-07-10,3.7297456065947614,4.674107402036333
2019-07-11,3.73398191667942,4.673660947796495
2019-07-12,3.735518268837346,4.665664758562644
2019-07-15,3.7357099422395623,4.672170992844056
2019-07-16,3.7359018518706435,4.6695586113663134
2019-07-17,3.7366687586455685,4.661906138845609
2019-07-18,3.733790002921683,4.662658720096346
2019-07-19,3.7214131056646944,4.641439032793839
2019-07-22,3.718099431622138,4.64289853292405
2019-07-23,3.777046128024494,4.646423239932632
2019-07-24,3.766870921435914,4.634651506133999
2019-07-25,3.7535810700612537,4.632947457093689
2019-07-26,3.774096592860559,4.650087664389525
2019-07-29,3.770768383857148,4.652447205256684
2019-07-30,3.7657547668508267,4.644432493148438
2019-07-31,3.7452558141996297,4.623757280739688
2019-08-01,3.733790002921683,4.618501189554268
2019-08-02,3.7395395228870862,4.62461745972207
2019-08-05,3.726459474256216,4.59671473943568
2019-08-06,3.7383919699780117,4.6130592883693975
2019-08-07,3.7556518445784586,4.623522251565179
2019-08-08,3.765196045314803,4.636661652410808
2019-08-09,3.760154519625462,4.629919291718785
2019-08-12,3.756027961724161,4.627973390914719
2019-08-13,3.76165112410411,4.640208445898984
2019-08-14,3.7520727775226663,4.63395471240539
2019-08-15,3.7685430851017316,4.64627014480238
2019-08-16,3.7785174216223587,4.654194581465788
2019-08-19,3.78365005549958,4.660323395728507
2019-08-20,3.768728884678414,4.656468870528351
2019-08-21,3.7728036442532544,4.658586633063617
2019-08-22,3.779986727820864,4.661002062203494
2019-08-23,3.766127280504219,4.642821681267473
2019-08-26,3.780903949105177,4.66911019278557
2019-08-27,3.7841987371316654,4.676707800673155
2019-08-28,3.791300721702423,4.679893666266057
2019-08-29,3.790211346498762,4.686014456901787
2019-08-30,3.790029496145932,4.691220764237436
2019-09-03,3.794742344094706,4.696545507584086
2019-09-04,3.803205576837436,4.70876470074002
2019-09-05,3.7914820828471427,4.692606989235459
2019-09-06,3.7934756606568483,4.702777087103148
2019-09-09,3.7805369875108368,4.695690832547318
2019-09-10,3.778333693666526,4.691724311491709
2019-09-11,3.785111931720812,4.695397668719962
2019-09-12,3.791300721702423,4.702194676992868
2019-09-13,3.7830411843137695,4.695984049796223
2019-09-16,3.7774973791803035,4.68448480790829
2019-09-17,3.7826728355792856,4.6905459844081125
2019-09-18,3.7824882195154794,4.689070962504495
2019-09-19,3.7878217308664515,4.688923347597001
2019-09-20,3.7765702124315297,4.683223611664054
2019-09-23,3.7808274881296606,4.688628052395444
2019-09-24,3.7837784290570933,4.688037130039183
2019-09-25,3.781381371762428,4.686040704102072
2019-09-26,3.785434444175282,4.690693149881243
2019-09-27,3.783962633668349,4.689808710366351
2019-09-30,3.7863532593596236,4.700809762662796
2019-10-01,3.7902035043459583,4.702777087103148
2019-10-02,3.7610544368757055,4.677491344365378
2019-10-03,3.7752708380620756,4.706845590489008
2019-10-04,3.7881886199911126,4.723739791015407
2019-10-07,3.7758278071398554,4.709813754637343
2019-10-08,3.770429942689664,4.701830619560849
2019-10-09,3.775085112744911,4.706265407872394
2019-10-10,3.771921966717446,4.706555472319135
2019-10-11,3.765190566973425,4.704740755965945
2019-10-14,3.765190566973425,4.703359227368069
2019-10-15,3.7691228240734467,4.695177634843897
2019-10-16,3.7687489595329686,4.695837591280615
2019-10-17,3.7743416912336683,4.69978807076939
2019-10-18,3.7925793605372404,4.694590571268112
2019-10-21,3.7824882195154794,4.693636040600802
2019-10-22,3.7754563539754953,4.697595279196511
2019-10-23,3.7900202734697155,4.703359227368069
2019-10-24,3.7894711554825897,4.706555472319135
2019-10-25,3.773597804256516,4.697448847780289
2019-10-28,3.77024322811663,4.696936690933311
2019-10-29,3.767252013875815,4.693342343529862
2019-10-30,3.7771264584690596,4.6993498830655955
2019-10-31,3.7861694946271056,4.701320148130655
2019-11-01,3.776384640929747,4.69956907033992
2019-11-04,3.7621840008421032,4.686558540794455
2019-11-05,3.7485422200267386,4.678013696981866
2019-11-06,3.755765399235858,4.681217330938253
2019-11-07,3.7460593571842526,4.672851508480185
2019-11-08,3.7445279416454573,4.6714253248587205
2019-11-11,3.7374161812811364,4.665851245779889
2019-11-12,3.7349052316304263,4.662749547831308
2019-11-13,3.7483513732496143,4.672626528090145
2019-11-14,3.752540448384891,4.67292644316637
2019-11-15,3.7532999808961143,4.6765199173831435
2019-11-18,3.760111713881209,4.678386669400805
2019-11-19,3.7610544368757055,4.682183713155477
2019-11-20,3.763688369590617,4.675996925854061
2019-11-21,3.7587912961217484,4.677267121598161
2019-11-22,3.760111713881209,4.678461332277213
2019-11-25,3.763688369590617,4.676669658603886
2019-11-26,3.776384640929747,4.6905459844081125
2019-11-27,3.777311892374452,4.692092345944615
2019-11-29,3.7745067200661557,4.691503397793297
2019-12-02,3.7810397203427666,4.691871443586265
2019-12-03,3.781969792408894,4.68877571089613
2019-12-04,3.791036238717761,4.702267721820858
2019-12-05,3.789192385793538,4.702230819271314
2019-12-06,3.7934278152649714,4.709684564353758
2019-12-09,3.7869755072355944,4.708227407177703
2019-12-10,3.7814117138776036,4.7017174348904485
2019-12-11,3.784753789854688,4.707789804346189
2019-12-12,3.788269355529036,4.708373163430976
2019-12-13,3.7934278152649714,4.713897996520782
2019-12-16,3.7934278152649714,4.707497893829046
2019-12-17,3.7934278152649714,4.700983224511781
2019-12-18,3.7840122347611094,4.6995135317043495
2019-12-19,3.7915886290163323,4.703183756233329
2019-12-20,3.8034837844524487,4.713752769609637
2019-12-23,3.8023914324492782,4.707351941051433
2019-12-24,3.7987424146677067,4.706256857037542
2019-12-26,3.804392714035671,4.704794761983139
2019-12-27,3.8103725552029846,4.7109939732253165
2019-12-30,3.8089261949153754,4.705672261717598
2019-12-31,3.8103725552029846,4.704648552252584
2020-01-02,3.8038475234381144,4.698409686483178
2020-01-03,3.798376813666615,4.697009842430337
2020-01-06,3.7980110789525448,4.700836317726091
2020-01-07,3.7902988986660353,4.684993518639149
2020-01-08,3.7921406283372523,4.690129236634954
2020-01-09,3.8101920540334393,4.690797154300089
2020-01-10,3.8136193846714144,4.688866302349264
2020-01-13,3.824366778344367,4.703623724592028
2020-01-14,3.822047728927839,4.7059644986283296
2020-01-15,3.834470398360179,4.722990927096809
2020-01-16,3.8365845563911973,4.725931840504865
2020-01-17,3.8386938436923757,4.7376811988882785
2020-01-21,3.842725211402006,4.741919756687142
2020-01-22,3.8503920371133775,4.752577468287435
2020-01-23,3.8542038023850598,4.754459235501222
2020-01-24,3.851606429862571,4.749364192081435
2020-01-27,3.8481331996105346,4.743891534802509
2020-01-28,3.839922517286182,4.7459999386554825
2020-01-29,3.839922517286182,4.741002843693581
2020-01-30,3.8718576384662478,4.755711213798745
2020-01-31,3.86401194517964,4.743046953569097
2020-02-03,3.8670894658050927,4.7464912892779525
2020-02-04,3.8715181368012237,4.751461166845516
2020-02-05,3.8716879814755796,4.758973733515542
2020-02-06,3.8740640508542494,4.759181281750566
2020-02-07,3.8774486042331584,4.766361192560384
2020-02-10,3.886865049826038,4.7683539754416655
2020-02-11,3.884184008720715,4.771233531571298
2020-02-12,3.881158492719144,4.771233531571298
2020-02-13,3.8845194733991053,4.773899766061176
2020-02-14,3.890207015396494,4.777443616111053
2020-02-18,3.883176232196027,4.767942043701906
2020-02-19,3.8871997728876826,4.7674612529182765
2020-02-20,3.8863629507581385,4.764915776416028
2020-02-21,3.8932050082758374,4.769657814600579
2020-02-24,3.8682835225565078,4.747403185916857
2020-02-25,3.8540307191970564,4.73654800095205
2020-02-26,3.8502185363305252,4.742765223577575
2020-02-27,3.802755824219316,4.702450898934948
2020-02-28,3.7761909073835485,4.67010807385558
2020-03-02,3.820618085363388,4.711284727904564
2020-03-03,3.823118746981595,4.696640898304549
2020-03-04,3.8728766425381593,4.745649034410627
2020-03-05,3.8351754771363002,4.721786838015946
2020-03-06,3.8087454324636005,4.715685529260055
2020-03-09,3.7452438255466642,4.662573214920078
2020-03-10,3.779363947750128,4.692692760673225
2020-03-11,3.75196990534296,4.659418030914607
2020-03-12,3.6502421050114773,4.5416931130337765
2020-03-13,3.686372920300485,4.641532838342656
2020-03-16,3.6178514156755313,4.521992725441252
2020-03-17,3.659397904137382,4.643648885377762
2020-03-18,3.608751603541249,4.588938003537937
2020-03-19,3.5390414022639116,4.558884474305343
2020-03-20,3.4508777299347724,4.437526362532874
2020-03-23,3.4313675090269813,4.449481853529734
2020-03-24,3.480462175473462,4.528602738038298
2020-03-25,3.533768312835173,4.516761959835326
2020-03-26,3.596186762064318,4.583464604813962
2020-03-27,3.562199601386804,4.585126359867044
2020-03-30,3.61209050205147,4.625955101414085
2020-03-31,3.5952831882493146,4.582133194059772
2020-04-01,3.5459502937915732,4.5655097277236
2020-04-02,3.5884804452156214,4.612960577970715
2020-04-03,3.585746464120871,4.618837048658585
2020-04-06,3.6485296552969406,4.670226823345663
2020-04-07,3.645095235777095,4.665028630864082
2020-04-08,3.6728719063477024,4.681221149116061
2020-04-09,3.6972480224705695,4.688883703950577
2020-04-13,3.6540850950414074,4.668165903082841
2020-04-14,3.6956140802613895,4.723956814014294
2020-04-15,3.6684704399231562,4.699305720422629
2020-04-16,3.657700878184435,4.703812805864665
2020-04-17,3.6778779394374608,4.717796175208392
2020-04-20,3.645525071781108,4.695744632646234
2020-04-21,3.620499334962995,4.668547936569921
2020-04-22,3.6270883151313495,4.681296731894493
2020-04-23,3.6136447928672917,4.663340914819614
2020-04-24,3.62160036464097,4.694331280351952
2020-04-27,3.6508839270032727,4.695075479722895
2020-04-28,3.6500281719191774,4.708813743898044
2020-04-29,3.6581254293258616,4.686860845814504
2020-04-30,3.631675116996271,4.678805078291923
2020-05-01,3.6253354130891906,4.662419402454488
2020-05-04,3.6151965689520145,4.668395040421164
2020-05-05,3.6209399739742723,4.674107473247977
2020-05-06,3.6065192890137427,4.667325187760996
2020-05-07,3.6031617055246525,4.673195833679985
2020-05-08,3.6364575773674432,4.693363509365758
2020-05-11,3.6240189206867535,4.694480332000648
2020-05-12,3.608082463283962,4.683706444783483
2020-05-13,3.5882528811539856,4.6838571589251305
2020-05-14,3.5827759621527044,4.684759064735319
2020-05-15,3.572656080306103,4.706096032556565
2020-05-18,3.611423696051592,4.702927929586378
2020-05-19,3.6018155716399165,4.674563052742961
2020-05-20,3.631675116996271,4.670988815095811
2020-05-21,3.6158612751175188,4.662957174545294
2020-05-22,3.612757069538362,4.665028630864082
2020-05-26,3.6360238252546457,4.659418030914607
2020-05-27,3.6498141930497163,4.667554446117671
2020-05-28,3.6574886334117895,4.678805078291923
2020-05-29,3.6487437106316576,4.673195833679985
2020-06-01,3.655362619569138,4.684082588265146
2020-06-02,3.6534455226154905,4.681371955479667
2020-06-03,3.674543595813486,4.6828035180854215
2020-06-04,3.674960574200345,4.6734503299937105
2020-06-05,3.699083316885496,4.6876705504219975
2020-06-08,3.7144464595234465,4.685932262820826
2020-06-09,3.6972480224705695,4.691664277057955
2020-06-10,3.689463027850727,4.700350172103629
2020-06-11,3.6240189206867535,4.6523202847007035
2020-06-12,3.634379388266129,4.661353015423805
2020-06-15,3.6496137570387375,4.672760595399409
2020-06-16,3.6597136343751817,4.681839360194391
2020-06-17,3.6556429512932294,4.682522580860334
2020-06-18,3.664406391395337,4.690234280731322
2020-06-19,3.6435477914108403,4.678873260508
2020-06-22,3.637444805163932,4.677119599748439
2020-06-23,3.635256382182274,4.679482299901123
2020-06-24,3.6133260026385354,4.665684794859942
2020-06-25,3.6195778169636337,4.679862796646935
2020-06-26,3.5888405612704948,4.660810338511309
2020-06-29,3.60680982051552,4.6773485403631305
2020-06-30,3.6139977087886086,4.686310102692985
2020-07-01,3.6171261464550253,4.687065916776489
2020-07-02,3.618464222162555,4.690761506865816
2020-07-06,3.6262323519368564,4.694142770774343
2020-07-07,3.625789874615232,4.696166291715072
2020-07-08,3.6226885675957288,4.701021074297355
2020-07-09,3.5966138749181993,4.689707056920387
2020-07-10,3.6244619787099306,4.702807465010896
2020-07-13,3.6266742276062445,4.706148448178805
2020-07-14,3.640283124535662,4.7106599504950735
2020-07-15,3.6517712160599083,4.697064337165501
2020-07-16,3.6463687661370643,4.698484467730689
2020-07-17,3.660782056416043,4.704293540383176
2020-07-20,3.645718462615125,4.692716596416853
2020-07-21,3.668865342435637,4.702584210838902
2020-07-22,3.6956230793168205,4.714268975361111
2020-07-23,3.691488923377718,4.72210535525438
2020-07-24,3.695829277588318,4.714636671005187
2020-07-27,3.6956230793168205,4.726400303681141
2020-07-28,3.6894157520834474,4.724291640341084
2020-07-29,3.686089214763891,4.728287075163827
2020-07-30,3.6791934325433853,4.726545530017723
2020-07-31,3.669712814948853,4.72632751363211
2020-08-03,3.6496137570387375,4.719329244888679
2020-08-04,3.6580017024925207,4.724946405374351
2020-08-05,3.6692893629766847,4.716032081793244
2020-08-06,3.6747803014715905,4.713165829854342
2020-08-07,3.6814971540694073,4.719622009282128
2020-08-10,3.679822430464768,4.714048607808899
2020-08-11,3.6842134146227066,4.707703734378
2020-08-12,3.6945911652380494,4.727343999371307
2020-08-13,3.6935581852125523,4.729518873648738
2020-08-14,3.6950040397029174,4.725600877245934
2020-08-17,3.690038164416251,4.728214354867506
2020-08-18,3.6943846166415897,4.72959096020006
2020-08-19,3.672460842193178,4.717498648076618
2020-08-20,3.672038552526546,4.719475705852364
2020-08-21,3.6705590842071265,4.71757228814907
2020-08-24,3.6850476975586965,4.726182323226264
2020-08-25,3.6837959640722193,4.723709093670322
2020-08-26,3.6890002773504036,4.732194245718528
2020-08-27,3.6904529225941354,4.731688759203216
2020-08-28,3.7230889665588016,4.742754452710615
2020-08-31,3.7170501323984637,4.743611437723826
2020-09-01,3.708738159627407,4.737380706950777
2020-09-02,3.7500157427432512,4.766411127117878
2020-09-03,3.73604887577412,4.745837824796453
2020-09-04,3.747081278896336,4.741451385962059
2020-09-08,3.7226874364249585,4.718046386715439
2020-09-09,3.730287245039547,4.729489026947927
2020-09-10,3.726494744044844,4.712201112068736
2020-09-11,3.747473044624545,4.719962507168157
2020-09-14,3.7486568543465286,4.726275063664366
2020-09-15,3.7553393912219812,4.718562288626214
2020-09-16,3.7502335389550323,4.713831887356459
2020-09-17,3.745496728615656,4.700557281002867
2020-09-18,3.7435167699359306,4.687484223933188
2020-09-21,3.7161892428890755,4.685733434989412
2020-09-22,3.7277336324055517,4.6926433398872724
2020-09-23,3.6981001373910707,4.683902996344466
2020-09-24,3.708212969325034,4.688320594496328
2020-09-25,3.708623531572879,4.703181611933651
2020-09-28,3.72005201488976,4.73574191901921
2020-09-29,3.712720095976091,4.729853863646461
2020-09-30,3.721876694969982,4.740297727642199
2020-10-01,3.718020793202339,4.756046336633389
2020-10-02,3.7216743221689708,4.736393982704665
2020-10-05,3.722079488090694,4.735451894543224
2020-10-06,3.713128812309002,4.719152061066127
2020-10-07,3.7257180616047227,4.728759358535879
2020-10-08,3.7437148610568687,4.734871861180069
2020-10-09,3.750627030601192,4.739142603401937
2020-10-12,3.756122570778176,4.765447709996036
2020-10-13,3.7389474516993717,4.775319263999826
2020-10-14,3.736954197519772,4.76818818602832
2020-10-15,3.734356976662652,4.760510452514667
2020-10-16,3.735156938301326,4.762629442829585
2020-10-19,3.7269279833297286,4.748059795162132
2020-10-20,3.73954459963528,4.748274447591673
2020-10-21,3.734356976662652,4.747486633936118
2020-10-22,3.748065214548037,4.747558495563212
2020-10-23,3.7449032156479056,4.747200194852433
2020-10-26,3.7305488982851696,4.736393982704665
2020-10-27,3.732555221868153,4.744042543452921
2020-10-28,3.692901107239241,4.707813214096062
2020-10-29,3.6941515581192745,4.706470812808536
2020-10-30,3.6949843242013953,4.701232895736556
2020-11-02,3.706568845250516,4.715090974119726
2020-11-03,3.7214715391677307,4.728978530678879
2020-11-04,3.7178177311331075,4.7349442999915015
2020-11-05,3.723293725405753,4.736321648834238
2020-11-06,3.7234959550271673,4.738709112611333
2020-11-09,3.784679442448113,4.739214733516688
2020-11-10,3.811147571225427,4.762558786509912
2020-11-11,3.8037096276879327,4.777824241903482
2020-11-12,3.7930144629040408,4.777407138286484
2020-11-13,3.8012804994418588,4.783437604359076
2020-11-16,3.8087365499847596,4.790667009393458
2020-11-17,3.8055743701779563,4.787092963837745
2020-11-18,3.7854403322650354,4.774204044833913
2020-11-19,3.7952757147883527,4.77378555707782
2020-11-20,3.7865799771184814,4.77448323999095
2020-11-23,3.78676989260666,4.771690228915819
2020-11-24,3.7969681974391176,4.778727070706279
2020-11-25,3.7915042020082286,4.779629341464983
2020-11-27,3.7871493560892806,4.782677277227253
2020-11-30,3.773865888066026,4.780114566674668
2020-12-01,3.7823566402308018,4.79279198996177
2020-12-02,3.78370114668013,4.7828152595691815
2020-12-03,3.7964764939093953,4.788737736432438
2020-12-04,3.8165467809553792,4.798383130720596
2020-12-07,3.8004474699555173,4.7950863757393405
2020-12-08,3.8040265385038237,4.796118240599475
2020-12-09,3.80684329007535,4.797285482530937
2020-12-10,3.801579095582064,4.790259667574607
2020-12-11,3.8072182638474685,4.792331417466644
2020-12-14,3.8057176940905406,4.787213549080815
2020-12-15,3.8163609265564036,4.790950770126134
2020-12-16,3.801767632206585,4.791779285961782
2020-12-17,3.8057176940905406,4.79742278593696
2020-12-18,3.8145019942539347,4.805760596189558
2020-12-21,3.797044803678335,4.795292934843328
2020-12-22,3.7960975554481835,4.785756649205043
2020-12-23,3.8021443433862077,4.788460841942076
2020-12-24,3.808903781130948,4.792951979925112
2020-12-28,3.8222868613914605,4.805624432911536
2020-12-29,3.821732888323625,4.809090226953495
2020-12-30,3.827443444787401,4.8083435593492005
2020-12-31,3.834764111100269,4.815041602638183
2021-01-04,3.7960975554481835,4.787491043420636
2021-01-05,3.7850434147405063,4.790467225985388
2021-01-06,3.752713587757821,4.778159288427376
2021-01-07,3.7415668111345166,4.77493588068765
2021-01-08,3.7637372167663083,4.7868671453976095
2021-01-11,3.746359236343305,4.772264922760271
2021-01-12,3.7445646545455764,4.767609263054582
2021-01-13,3.7455620620271723,4.775777830628465
2021-01-14,3.7268472817159144,4.769939964061031
2021-01-15,3.7160233987375575,4.767326520001429
2021-01-19,3.71211425546519,4.77205387414842
2021-01-20,3.7156126141941197,4.766901898515834
2021-01-21,3.7211436950583137,4.754657407809143
2021-01-22,3.711701675200385,4.747324297643194
2021-01-25,3.7176645735643854,4.758731659412992
2021-01-26,3.7280654675919864,4.770222227993006
2021-01-27,3.712526572439002,4.743348140034703
2021-01-28,3.725220936612511,4.751644382137308
2021-01-29,3.704665395574649,4.73264185268638
2021-02-01,3.7114955543040167,4.73563960643328
2021-02-02,3.7213478370360282,4.74580766580321
2021-02-03,3.7174595855339674,4.743203074118005
2021-02-04,3.722368660095491,4.75515824859169
2021-02-05,3.7353427635331853,4.764281012707256
2021-02-08,3.7407657151714573,4.760300174779727
2021-02-09,3.736349043106016,4.754585660301993
2021-02-10,3.734334923564806,4.740881883963232
2021-02-11,3.7483493064420363,4.720857181542826
2021-02-12,3.7560728152002127,4.712673652299217
2021-02-16,3.7477525392949675,4.716476332062351
2021-02-17,3.744963809057579,4.71707115581687
2021-02-18,3.757649700520657,4.72381642861821
2021-02-19,3.7445646545455764,4.702462666536719
2021-02-22,3.7548886511661324,4.698530820956664
2021-02-23,3.7531091457063135,4.704498245428827
2021-02-24,3.7564672251398914,4.699287804832141
2021-02-25,3.745761550332224,4.683338979462899
2021-02-26,3.721960474365596,4.677088715374385
2021-03-01,3.740365424602256,4.688096820836657
2021-03-02,3.7443651979671126,4.691536079582163
2021-03-03,3.7419670733681545,4.676701763384802
2021-03-04,3.7411664791359476,4.6822513122350395
2021-03-05,3.758043845110953,4.714332319480523
2021-03-08,3.774640999295024,4.707543968880355
2021-03-09,3.7594209737468205,4.708451675818755
2021-03-10,3.770760387737112,4.718458203070518
2021-03-11,3.759814065606804,4.715759644499176
2021-03-12,3.7578302358886306,4.714407355864141
2021-03-15,3.771046802271919,4.714332319480523
2021-03-16,3.7747633580141806,4.721672019310719
2021-03-17,3.7751534405769767,4.718757624153402
2021-03-18,3.76199183980631,4.710566849063881
2021-03-19,3.7667264193560412,4.725321833538065
2021-03-22,3.7704588609909386,4.749561065298196
2021-03-23,3.778076836505648,4.761535992223044
2021-03-24,3.7806032906818494,4.7568638223062685
2021-03-25,3.7902615003513165,4.76275366591407
2021-03-26,3.8096795978086084,4.784502214403158
2021-03-29,3.8248358039890507,4.79918012724652
2021-03-30,3.8117513802688565,4.7833802136393055
2021-03-31,3.803438541648258,4.775703980026527
2021-04-01,3.79963679577328,4.774501403657177
2021-04-05,3.805333668774946,4.787720598428532
2021-04-06,3.812503501235173,4.79127638107714
2021-04-07,3.8141941076089707,4.789465298596288
2021-04-08,3.8111866438176243,4.7833802136393055
2021-04-09,3.812315376506912,4.7835908003826875
2021-04-12,3.8155070971943,4.786741937313763
2021-04-13,3.810621672695006,4.786951944610714
2021-04-14,3.8104335313895223,4.780359140087248
2021-04-15,3.8151321932322597,4.7817655404667505
2021-04-16,3.8216734323524237,4.794681461733856
2021-04-19,3.8276173724934393,4.7987658035319685
2021-04-20,3.8307602048363925,4.805375969873318
2021-04-21,3.83885031166064,4.814054102985689
2021-04-22,3.835732348055109,4.807843809774118
2021-04-23,3.836283230571779,4.806199114451765
2021-04-26,3.821300917029468,4.78911656391102
2021-04-27,3.8198090481888536,4.785832626935134
2021-04-28,3.819995768572193,4.77838676082471
2021-04-29,3.832420582183196,4.793154302116684
2021-04-30,3.8272468991326876,4.794681461733856
2021-05-03,3.836466982650667,4.805924891426721
2021-05-04,3.830206270518737,4.793292995619058
2021-05-05,3.8276173724934393,4.79280678852674
2021-05-06,3.837567471567248,4.804345929116416
2021-05-07,3.8370177074393665,4.804345929116416
2021-05-10,3.8443287125507664,4.812283532583102
2021-05-11,3.833525613200052,4.804964143356957
2021-05-12,3.828357575910563,4.795166884605896
2021-05-13,3.8370177074393665,4.809895276117784
2021-05-14,3.841045094680214,4.8113973497416245
2021-05-17,3.8393995617322925,4.8085278505886535
2021-05-18,3.8338935206971256,4.804002471362611
2021-05-19,3.8307602048363925,4.803452493245908
2021-05-20,3.8395823319934546,4.815753497249483
2021-05-21,3.8390334285394183,4.814870447319262
2021-05-24,3.842323320530331,4.819956032809903
2021-05-25,3.8421408051513084,4.822994929991305
2021-05-26,3.8465116805412385,4.822994929991305
2021-05-27,3.8548360572455502,4.810851362641559
2021-05-28,3.851225281510351,4.820564366956998
2021-06-01,3.8510443838121273,4.818466831276383
2021-06-02,3.855016351168752,4.822455362929981
2021-06-03,3.857535608717984,4.8260168509891015
2021-06-04,3.8682612845976743,4.827167328473615
2021-06-07,3.8646989062578045,4.826558291157917
2021-06-08,3.85771525552479,4.817174286640389
2021-06-09,3.8546558924079712,4.815328177356771
2021-06-10,3.862376384058274,4.825543118010948
2021-06-11,3.866838143117372,4.8261524067271555
2021-06-14,3.8634235121667753,4.832093389608025
2021-06-15,3.860900193398072,4.832160272761297
2021-06-16,3.8474548614559896,4.8221495137822075
2021-06-17,3.852563766644082,4.831756352061456
2021-06-18,3.8308555313782784,4.81066296424878
2021-06-21,3.8417684719426677,4.818471885672471
2021-06-22,3.8454408936747244,4.819971604182814
2021-06-23,3.8373436396853458,4.806735984377076
2021-06-24,3.842320293877256,4.812380777482612
2021-06-25,3.8410325629931674,4.817447848904401
2021-06-28,3.839927355152671,4.821741712706083
2021-06-29,3.8325281416386057,4.821061367071646
2021-06-30,3.837159144165375,4.829397195559527
2021-07-01,3.834383001549167,4.82959928758146
2021-07-02,3.8384517872956665,4.834379167637315
2021-07-06,3.8328993063874024,4.835855296481423
2021-07-07,3.8410325629931674,4.840271196920097
2021-07-08,3.8375284299509755,4.840738246592861
2021-07-09,3.8436063686429205,4.83819940505774
2021-07-12,3.8439735266533503,4.838399665784096
2021-07-13,3.853836662254966,4.861213338625622
2021-07-14,3.8761238206681177,4.8714896778663945
2021-07-15,3.8793180789037063,4.876073446069703
2021-07-16,3.87860914251434,4.879738309693611
2021-07-19,3.866658531207933,4.879610174995459
2021-07-20,3.8684512079415017,4.879738309693611
2021-07-21,3.8812650271258846,4.876009552890697
2021-07-22,3.8798492545939607,4.8756869987714735
2021-07-23,3.88936661978775,4.888428463519067
2021-07-26,3.8902434298344404,4.887728413274983
2021-07-27,3.8937422252113083,4.893251996954196
2021-07-28,3.884619455712121,4.884029154957445
2021-07-29,3.890068051330491,4.886071546935274
2021-07-30,3.8897172020227515,4.88696409997014
2021-08-02,3.8870837784923578,4.8829423629416695
2021-08-03,3.887786578060853,4.885178657827734
2021-08-04,3.8732757214493514,4.86831422260124
2021-08-05,3.8803806207665046,4.870000279868171
2021-08-06,3.8828553986323406,4.870130120067149
2021-08-09,3.883031810926709,4.870259709298149
2021-08-10,3.885676225851304,4.870777898353721
2021-08-11,3.8844429311632034,4.874720110116457
2021-08-12,3.886380249822365,4.874913422836972
2021-08-13,3.8932182245389937,4.8842206766428395
2021-08-16,3.897576813667631,4.893948192413796
2021-08-17,3.8940914324038323,4.892998693945698
2021-08-18,3.8803806207665046,4.882685972186885
2021-08-19,3.8867321933985726,4.89937463496392
2021-08-20,3.8828553986323406,4.8958448312774845
2021-08-23,3.8793180789037063,4.8926821466206025
2021-08-24,3.8716700291924298,4.880187637031726
2021-08-25,3.8727408035680666,4.8757514946361935
2021-08-26,3.863243526168671,4.872072080590311
2021-08-27,3.865222072363456,4.874074997914625
2021-08-30,3.8747009830050394,4.880892984283433
2021-08-31,3.8770120771302645,4.8833896755921815
2021-09-01,3.8837377769179806,4.893062082921758
2021-09-02,3.885147980377097,4.893795112153425
2021-09-03,3.8844429311632034,4.894686626897752
2021-09-07,3.865581300645219,4.878255930154116
2021-09-08,3.8789636735328723,4.892328286962274
2021-09-09,3.868988584012868,4.8859915813734265
2021-09-10,3.864502988412274,4.884256113945799
2021-09-13,3.8727408035680666,4.88618399488933
2021-09-14,3.8734595408393093,4.882260320128289
2021-09-15,3.876865340381063,4.887852176605148
2021-09-16,3.8673353800551875,4.8848991924364
2021-09-17,3.8507578481980604,4.875664296168642
2021-09-20,3.843753493077332,4.8722845970636195
2021-09-21,3.843568379084653,4.87182866512068
2021-09-22,3.8450472719081823,4.87488569250628
2021-09-23,3.8433833942477342,4.875664296168642
2021-09-24,3.840603770022407,4.876118366698683
2021-09-27,3.8353943583838004,4.866474106901959
2021-09-28,3.8171349243328017,4.855478639017355
2021-09-29,3.823195794018849,4.863719763784353
2021-09-30,3.813900349231831,4.851232495244342
2021-10-01,3.8243279675051447,4.8548165911333285
2021-10-04,3.8237620409890885,4.849835538831994
2021-10-05,3.825458943816639,4.855743406754108
2021-10-06,3.8372579735389265,4.8810348509819
2021-10-07,3.8404181539557993,4.890220624899766
2021-10-08,3.8448624788732033,4.887916237665826
2021-10-11,3.846893000804952,4.889261032237989
2021-10-12,3.846893000804952,4.893667851351679
2021-10-13,3.847077581855548,4.900399542090113
2021-10-14,3.853875880964899,4.908405835282559
2021-10-15,3.851492392406857,4.905576065873779
2021-10-18,3.8415310064425015,4.901032212185582
2021-10-19,3.8454166740156257,4.9136663907375135
2021-10-20,3.854242036714052,4.9211956561024275
2021-10-21,3.8491032092554085,4.907903292437926
2021-10-22,3.8509416362139444,4.912854127719689
2021-10-25,3.846893000804952,4.908154651780421
2021-10-26,3.851308867733947,4.920327585518299
2021-10-27,3.8704020690717096,4.916846742486675
2021-10-28,3.8797245245844323,4.923115753567379
2021-10-29,3.8855959336,4.922992059145741
2021-11-01,3.8820415041512573,4.920885796874502
2021-11-02,3.8807945850519756,4.930021753294653
2021-11-03,3.8841756932264704,4.939561903768479
2021-11-04,3.8896678173938364,4.939622627324617
2021-11-05,3.893899092204076,4.949855758140946
2021-11-08,3.8848860263522145,4.928114993423014
2021-11-09,3.8877226365330917,4.934741968881372
2021-11-10,3.8917856538312714,4.93797785757294
2021-11-11,3.8921382687430164,4.929714286401442
2021-11-12,3.8898444361728814,4.929468399259752
2021-11-15,3.890020945772073,4.936514113221485
2021-11-16,3.882931355559066,4.933518210512701
2021-11-17,3.8774020061903944,4.933885253647135
2021-11-18,3.8684190119783786,4.9341914409726915
2021-11-19,3.863352787220427,4.936575022126977
2021-11-22,3.8695011524821785,4.938648311987555
2021-11-23,3.876865340381063,4.945327379829463
2021-11-24,3.8687797228336587,4.9361474859417775
2021-11-26,3.8376302637275193,4.9201414086802755
2021-11-29,3.853326355383977,4.9385874199120705
2021-11-30,3.821243941689833,4.911665716896158
2021-12-01,3.818380136060828,4.914041351982277
2021-12-02,3.832995502627145,4.923643670107557
2021-12-03,3.841812750032816,4.948788784263429
2021-12-06,3.8670791715148765,4.959117322263929
2021-12-07,3.8725277245553014,4.957974734561337
2021-12-08,3.8687169444337415,4.9597178842019325
2021-12-09,3.866168146189976,4.958455526349435
2021-12-10,3.8917228239524904,4.974323529440481
2021-12-13,3.917680115245196,4.97928239277973
2021-12-14,3.9183724339819825,4.976806245348477
2021-12-15,3.9228607471081625,4.9895936243574415
2021-12-16,3.932971255377354,4.9910499100467565
2021-12-17,3.9171606183942025,4.9703506036615055
2021-12-20,3.913864037349534,4.976983218808181
2021-12-21,3.9178532209068355,4.974027700229261
2021-12-22,3.924925176844511,4.980224536025807
2021-12-23,3.9256124995329675,4.979105720797573
2021-12-27,3.932971255377354,4.989010744435139
2021-12-28,3.9368850878659614,4.9941879081420515
2021-12-29,3.938073249278385,4.9977204272679145
2021-12-30,3.9351852937059326,4.9959846313989305
2021-12-31,3.9424743446873203,5.001989937199731
2022-01-03,3.943992898340203,4.99777844135505
2022-01-04,3.960550175219411,4.999222659042245
2022-01-05,3.9688089125249237,5.002622831473972
2022-01-06,3.9635309145406565,5.002853015371415
2022-01-07,3.9612132331394254,5.0041175174309735
2022-01-10,3.9628693195943434,5.004634353222132
2022-01-11,3.96320035300013,5.00417485443826
2022-01-12,3.964688069690673,5.003082838807139
2022-01-13,3.9706170456389955,5.004691762935779
2022-01-14,3.9786305982819963,5.013038816082155
2022-01-18,3.9706170456389955,5.003427679878023
2022-01-19,3.9722576442717674,5.01058778727121
2022-01-20,3.9681507292930407,5.003312814381959
2022-01-21,3.96320035300013,5.004921573453619
2022-01-24,3.9550614626775125,4.999799515808191
2022-01-25,3.9527238256149007,4.9882522529918045
2022-01-26,3.9490393300643656,4.977632554592275
2022-01-27,3.9498779316530297,4.976688175481286
2022-01-28,3.969631032837408,4.9959846313989305
2022-01-31,3.9724214125515105,5.000895428967972
2022-02-01,3.965018356963996,4.994071769486432
2022-02-02,3.975204099330438,5.012070624194079
2022-02-03,3.9822078542160892,5.011500296664006
2022-02-04,3.97160151212732,4.9949418091345255
2022-02-07,3.9820455386887166,4.9909914005391
2022-02-08,3.9885181211162104,4.9922132685065845
2022-02-09,3.972913059041099,4.991748025319501
2022-02-10,3.978467701023264,4.970766201845357
2022-02-11,3.960550175219411,4.972012912649041
2022-02-14,3.966997792994148,4.960798287011916
2022-02-15,3.970781010854995,4.956349266111397
2022-02-16,3.9706170456389955,4.958395721365111
2022-02-17,3.9904516275875053,4.96109826906442
2022-02-18,3.9971899612149557,4.966838714203732
2022-02-22,3.9930239752761203,4.970647628381387
2022-02-23,3.981883125664784,4.960738194257342
2022-02-24,3.9641923617316346,4.943187488668549
2022-02-25,4.00213462084177,4.97082580087517
2022-02-28,3.9923816844364968,4.942881975614033
2022-03-01,3.988034089091086,4.933864273967492
2022-03-02,3.9954295652277967,4.947634652315793
2022-03-03,3.9960701124786895,4.9465633524615935
2022-03-04,3.997669512757303,4.961638886125853
2022-03-07,3.9735681880032563,4.9415284111576785
2022-03-08,3.933141883814103,4.912930179224317
2022-03-09,3.9382430094605763,4.909948288798278
2022-03-10,3.9197556351968936,4.891416902637546
2022-03-11,3.9204464433442365,4.8863558683507975
2022-03-14,3.9387197298237804,4.900309014373094
2022-03-15,3.9570004410455284,4.920062228479293
2022-03-16,3.954313208711609,4.924455092358901
2022-03-17,3.964852720387848,4.932189863224383
2022-03-18,3.9650191528795595,4.943618987901135
2022-03-21,3.972974076137247,4.942205204542896
2022-03-22,3.9765991244688315,4.953095661002215
2022-03-23,3.96999857069438,4.947848601326223
2022-03-24,3.9795551548181263,4.953886234648702
2022-03-25,3.988534234992124,4.958557015153844
2022-03-28,3.9948525882495156,4.961518050074853
2022-03-29,3.998721044961954,4.976252290671128
2022-03-30,3.999525099093819,4.974884140989967
2022-03-31,3.9961437606869037,4.971424875486339
2022-04-01,4.010078492350092,4.985543655779405
2022-04-04,4.0048155783550765,4.982948500556108
2022-04-05,4.003695818528281,4.984011002357869
2022-04-06,4.013730180647304,5.000917513715779
2022-04-07,4.019103971719194,5.0018452487137885
2022-04-08,4.025232678722732,5.0052007334365545
2022-04-11,4.024919446626603,5.002135117722219
2022-04-12,4.036604439844096,5.006182442376821
2022-04-13,4.039234113059515,5.004449719250778
2022-04-14,4.043704237854315,4.998070830583033
2022-04-18,4.034743983974926,4.9894240641009615
2022-04-19,4.044472871259423,5.003871647740977
2022-04-20,4.0580578899640045,5.018626048920228
2022-04-21,4.0618408431479756,5.015029211485342
2022-04-22,4.047235256575562,4.999523986836335
2022-04-25,4.057754774389228,5.0087180724724645
2022-04-26,4.044165675969366,5.006182442376821
2022-04-27,4.051975067509639,5.015086432634923
2022-04-28,4.061538872251878,5.030128708583933
2022-04-29,4.037378749605864,4.9969651126994785
2022-05-02,4.019103971719194,4.973692307219494
2022-05-03,4.013413117411142,4.975062614408101
2022-05-04,4.043858051928713,5.009408447263549
2022-05-05,4.035829597471661,4.989247823953353
2022-05-06,4.039388481847662,4.989365563297806
2022-05-09,4.037378749605864,4.9969065357501306
2022-05-10,4.028048855777196,4.99568316436723
2022-05-11,4.032724548278522,4.990831311818689
2022-05-12,4.035829597471661,4.989306539481055
2022-05-13,4.054412638373387,5.008602691836
2022-05-16,4.0580578899640045,5.018626048920228
2022-05-17,4.055325280399633,5.012853494504539
2022-05-18,3.983156538571616,4.948888012710932
2022-05-19,3.9633539425398174,4.9338040785168005
2022-05-20,3.9795551548181263,4.940049772306978
2022-05-23,4.009919393331646,4.960733275473414
2022-05-24,4.028204757000535,4.974050175348751
2022-05-25,4.028985527689143,4.980879211857555
2022-05-26,4.032569079641876,4.987603220687392
2022-05-27,4.038461440843862,4.99731454366106
2022-05-31,4.018157719303018,4.973632667671405
2022-06-01,4.01325454808668,4.966093311021312
2022-06-02,4.023664649126119,4.974165180965161
2022-06-03,4.011667746605039,4.963125331237488
2022-06-06,4.010078492350092,4.967302091642716
2022-06-07,4.016104337190131,4.973445070187068
2022-06-08,4.010396614469621,4.968449463412158
2022-06-09,3.9929125927917557,4.9504888065516015
2022-06-10,3.9865820727661454,4.948890609615508
2022-06-13,3.9854413422987003,4.931636827254751
2022-06-14,3.957636480962852,4.908714403737493
2022-06-15,3.9650375311172956,4.919354451014055
2022-06-16,3.954931517944038,4.914526038198333
2022-06-17,3.9610075912656573,4.914717294108617
2022-06-21,3.98215209234317,4.93769110136949
2022-06-22,3.9895382250057607,4.945870944509971
2022-06-23,4.00140529674053,4.958565373857092
2022-06-24,4.019977832087335,4.970860203671475
2022-06-27,4.017913432842992,4.9721835479073935
2022-06-28,4.007848730028592,4.958016766163103
2022-06-29,4.01504815463777,4.97446497746023
2022-06-30,4.017913432842992,4.974045216093517
2022-07-01,4.041011337156037,4.990293171933653
2022-07-05,4.023777571032417,4.9880471930672385
2022-07-06,4.0258299121583265,4.997997071666901
2022-07-07,4.017913432842992,4.996003108784907
2022-07-08,4.021562862920852,5.004886071894079
2022-07-11,4.018390079155725,4.996648673875406
2022-07-12,4.014091165698733,4.9909424325041165
2022-07-13,4.0094530182078625,4.994475973064323
2022-07-14,4.006241725104809,4.999635791432053
2022-07-15,4.011374897191294,5.000454248153845
2022-07-18,3.9976815581260445,4.983599723875792
2022-07-19,4.0118546695341255,4.994240646978416
2022-07-20,3.9952454433749716,4.983599723875792
2022-07-21,3.9929664913611345,4.9850842733230225
2022-07-22,3.996707796228803,4.9915911681277
2022-07-25,4.006402590453812,4.993005207467381
2022-07-26,4.02267086424424,5.004595054833453
2022-07-27,4.01950194215066,5.0031973207822205
2022-07-28,4.036028570724502,5.021960790098111
2022-07-29,4.03774408291769,5.022646709316042
2022-08-01,4.043183435014112,5.033956702947471
2022-08-02,4.02945054984511,5.025671522599246
2022-08-03,4.0338406563667295,5.033278202039564
2022-08-04,4.029921729921832,5.027834357618988
2022-08-05,4.025356731572402,5.020300552154709
2022-08-08,4.018866772636139,5.0162823645850585
2022-08-09,4.020136366102064,5.020014087987599
2022-08-10,4.029607792810507,5.028232341154361
2022-08-11,4.022829040221492,5.0231037275533765
2022-08-12,4.030392891423624,5.036102009145194
2022-08-15,4.042873567463612,5.047038163651174
2022-08-16,4.051057037730439,5.052822469613986
2022-08-17,4.0487476888436325,5.05226770233009
2022-08-18,4.0539744409903244,5.053266003467672
2022-08-19,4.053207447904534,5.051990252035023
2022-08-22,4.038211506814184,5.042398017682761
2022-08-23,4.039301156913947,5.041949241777284
2022-08-24,4.040700594460727,5.0469266305113205
2022-08-25,4.0455056545704124,5.0469823495890855
2022-08-26,4.021087658455329,5.0231037275533765
2022-08-29,4.01504815463777,5.0199567449928795
2022-08-30,4.005759043200933,5.011323228801625
2022-08-31,3.998654302770713,5.007152572229596
2022-09-01,4.003342689840675,5.017211624669872
2022-09-02,3.9895382250057607,5.00446056897453
2022-09-06,3.9900287277456004,4.997699096197803
2022-09-07,4.008330335285229,5.019523089226702
2022-09-08,4.005276267204617,5.016169269773755
2022-09-09,4.008490865026792,5.019349755767228
2022-09-12,4.011374897191294,5.023267572186639
2022-09-13,3.978355684838557,4.985233389694017
2022-09-14,3.983633632902909,4.992790660787538
2022-09-15,3.9699532118475753,4.97605202101189
2022-09-16,3.9701211732803396,4.982601440386533
2022-09-19,3.9776506015820994,4.993087099973211
2022-09-20,3.976149072743919,4.99421241653548
2022-09-21,3.9677669256572727,4.991366777067476
2022-09-22,3.9654072671263108,4.992316361722785
2022-09-23,3.9542074502975177,4.99184163028144
2022-09-26,3.941671578651533,4.9914261979010295
2022-09-27,3.9155872027644176,4.976835287136772
2022-09-28,3.9261729099534506,4.992731320978622
2022-09-29,3.9189514627880175,4.980443053563442
2022-09-30,3.9091816006320377,4.960131290316182
2022-10-03,3.920364733700017,4.972246656547035
2022-10-04,3.922656802169268,4.98343959717886
2022-10-05,3.9131009916969948,4.976775098145425
2022-10-06,3.891351058122054,4.957309713974822
2022-10-07,3.8818568181430875,4.9499732557574845
2022-10-10,3.879653051926535,4.9512718357546674
2022-10-11,3.881306410400392,4.956019170940985
2022-10-12,3.893348123335887,4.996990996842777
2022-10-13,3.9065003525851476,5.027342082537098
2022-10-14,3.89044224331624,5.001702797328418
2022-10-17,3.903273213252982,5.016516909561549
2022-10-18,3.916650723994916,5.029916094247429
2022-10-19,3.908109872038089,5.020157682993098
2022-10-20,3.8922592811838266,5.009137285434302
2022-10-21,3.908109872038089,5.018425711312844
2022-10-24,3.936474202280426,5.044771511974819
2022-10-25,3.960162279452374,5.0480864770906155
2022-10-26,3.967598423963468,5.052564195300457
2022-10-27,3.9699532118475753,5.051502502438101
2022-10-28,3.9904042948356766,5.070057063486467
2022-10-31,3.9753141057934287,5.066483572513661
2022-11-01,3.971799237822483,5.061957437351528
2022-11-02,3.957784513836916,5.0479183190004475
2022-11-03,3.9572742874837115,5.045334186096144
2022-11-04,3.9654072671263108,5.050943191647557
2022-11-07,3.969280867719201,5.058910111273525
2022-11-08,3.9711282779606165,5.06168082626659
2022-11-09,3.9571041541649223,5.049656057999199
2022-11-10,3.992377319445219,5.067144246910239
2022-11-11,3.999578642443849,5.046851875745179
2022-11-14,3.989910518050002,5.039410307225363
2022-11-15,3.9882624552839836,5.04200967512979
2022-11-16,3.986446670238373,5.048423100275394
2022-11-17,3.9895810097534428,5.057910736660123
2022-11-18,3.9966388865195275,5.065106004831586
2022-11-21,4.011896648157898,5.084169581972477
2022-11-22,4.016236195679352,5.084277888435643
2022-11-23,4.0207172144369245,5.085575424908967
2022-11-25,4.021674586620738,5.0803205934429245
2022-11-28,4.021834150725306,5.079124892261042
2022-11-29,4.018319286124199,5.072030146169978
2022-11-30,4.043310566703242,5.087896097247323
2022-12-01,4.046136341956455,5.096214592140822
2022-12-02,4.0548767685795015,5.09508422061899
2022-12-05,4.04110723003719,5.081147301909703
2022-12-06,4.040634315232351,5.072977286129328
2022-12-07,4.042209471716215,5.076000690380378
2022-12-08,4.046449669022475,5.084745286220966
2022-12-09,4.035894241159418,5.08103827659496
2022-12-12,4.048954088168237,5.085778416971127
2022-12-13,4.0492666002483615,5.085234652893757
2022-12-14,4.0492666002483615,5.082457140942081
2022-12-15,4.035419056342151,5.065350370327489
2022-12-16,4.029698274318699,5.065849703517205
2022-12-19,4.0311314562789295,5.0713794897989874
2022-12-20,4.030335618173236,5.070772664872239
2022-12-21,4.0462929844072395,5.07775588987985
2022-12-22,4.039056808100469,5.069999931288873
2022-12-23,4.0466063957785,5.0764400648980095
2022-12-27,4.052698796951036,5.0808743370311165
2022-12-28,4.042681374571246,5.073637983738224
2022-12-29,4.0486413452909025,5.074902362683468
2022-12-30,4.043310566703242,5.0676225066230245
2023-01-03,4.032880533617839,5.060679380203217
2023-01-04,4.032403778948786,5.0582237972000215
2023-01-05,4.020894790155215,5.047720334423976
2023-01-06,4.040003704951913,5.070055050494714
2023-01-09,4.027464842329783,5.060233605244245
2023-01-10,4.019768789000478,5.051946133955906
2023-01-11,4.01783546819786,5.053070147416466
2023-01-12,4.004850344235038,5.040239032215052
2023-01-13,4.008438212448788,5.037162141100859
2023-01-17,4.012499620215409,5.0418304347359
2023-01-18,3.9817127877435365,5.016288130256926
2023-01-19,3.9802068033654545,5.004625449816256
2023-01-20,3.9862168972217944,5.006098038764419
2023-01-23,3.9887103399024855,5.0016142168187105
2023-01-24,3.9940092718225793,5.010854793116562
2023-01-25,4.000265434613856,5.018092971376116
2023-01-26,3.9982941398881087,5.008097490005285
2023-01-27,3.9930179244933073,5.004566398784736
2023-01-30,3.995494557831928,5.003740649575224
2023-01-31,4.00664588744084,5.012786299337369
2023-02-01,4.0068089084191,5.015938791919703
2023-02-02,3.9895402018991253,5.006627742514066
2023-02-03,3.9820471747785824,5.0016142168187105
2023-02-06,3.987713722923256,5.017453125264794
2023-02-07,3.9860504133799775,5.015938791919703
2023-02-08,3.9802068033654545,5.0136045144079775
2023-02-09,3.978530807229245,5.023024960063613
2023-02-10,3.978530807229245,5.042625630643573
2023-02-13,3.9948346796463876,5.051496155048701
2023-02-14,3.9780275601396595,5.040181948490199
2023-02-15,3.9780275601396595,5.041546621039244
2023-02-16,3.971799237822483,5.038701967884604
2023-02-17,3.986882272394071,5.043079224034383
2023-02-21,3.981545409946195,5.042511633571608
2023-02-22,3.984551094053433,5.042171338576026
2023-02-23,3.986383211698344,5.043249477755673
2023-02-24,3.982214184130143,5.041262529455678
2023-02-27,3.981879924091716,5.040978159771201
2023-02-28,3.9766843045964237,5.027356088021646
2023-03-01,3.9657015258685027,5.014597364731043
2023-03-02,3.9802068033654545,5.032880033292221
2023-03-03,3.9755070891967748,5.031898705757815
2023-03-06,3.9908665926260976,5.033918142634515
2023-03-07,3.9850512115382597,5.02894913162646
2023-03-08,3.9855508663741683,5.03166784092098
2023-03-09,3.9758437005927667,5.024071438257209
2023-03-10,3.9716303360822858,5.0254093463605924
2023-03-13,3.9817127877435365,5.03512790971321
2023-03-14,3.985384200705503,5.034090857398996
2023-03-15,3.992025382135155,5.051797465124921
2023-03-16,3.9975131899293346,5.05111797324306
2023-03-17,3.992858972794552,5.0432691697802845
2023-03-20,4.002475909922368,5.057218104612314
2023-03-21,3.9978448565986913,5.059580165574928
2023-03-22,3.9933586109858576,5.05111797324306
2023-03-23,3.9911912369962015,5.046233904843747
2023-03-24,4.007414330954627,5.065629145687922
2023-03-27,4.0147761897080745,5.0678600136535135
2023-03-28,4.015916556642537,5.067525642902996
2023-03-29,4.023054718666993,5.074412684277507
2023-03-30,4.022893027453022,5.075297880565969
2023-03-31,4.025799204438318,5.083394271816684
2023-04-03,4.03174636392878,5.084490781346353
2023-04-04,4.028696892135004,5.0809227916029025
2023-04-05,4.03813611762249,5.090717720782664
2023-04-06,4.038772745588005,5.094630703878834
2023-04-10,4.036383011694958,5.088319076861127
2023-04-11,4.0346270294608875,5.086789554613435
2023-04-12,4.036383011694958,5.084819528222912
2023-04-13,4.043693938153762,5.094739379616446
2023-04-14,4.042109062345317,5.090009584318035
2023-04-17,4.048590698359535,5.095119090813293
2023-04-18,4.050165475757262,5.097176895231142
2023-04-19,4.05205147669199,5.096581795292645
2023-04-20,4.05643904420453,5.099878523132624
2023-04-21,4.05784505269806,5.10031032283339
2023-04-24,4.056282662248681,5.100795572630097
2023-04-25,4.054717562321903,5.1232371062920175
2023-04-26,4.050007976646109,5.117050612141115
2023-04-27,4.05205147669199,5.123131574916219
2023-04-28,4.05940507172992,5.129437775219262
2023-05-01,4.0617406123214215,5.133567718856409
2023-05-02,4.057220455398377,5.136537138321821
2023-05-03,4.0515803927673515,5.136172925313471
2023-05-04,4.052679508714152,5.142397761135209
2023-05-05,4.057376492862596,5.1469896560932815
2023-05-08,4.05581330351983,5.142242509000214
2023-05-09,4.047487143278256,5.146320102742731
2023-05-10,4.049220906940704,5.1469896560932815
2023-05-11,4.054874255341516,5.152482021855393
2023-05-12,4.058781448357928,5.156467254557715
2023-05-15,4.056126189778517,5.1469896560932815
2023-05-16,4.044801818487941,5.14265613428096
2023-05-17,4.043693938153762,5.13554843093346
2023-05-18,4.03813611762249,5.132941594908409
2023-05-19,4.038613777838866,5.1344021811150675
2023-05-22,4.017380736353091,5.106922298971663
2023-05-23,4.015591037250368,5.103863581555381
2023-05-24,4.007085754166721,5.097501685125625
2023-05-25,3.9993355773392687,5.091588700989796
2023-05-26,3.9968496665779067,5.090391095381715
2023-05-30,3.988852148240241,5.07960192012161
2023-05-31,3.9868426993454924,5.083668630139357
2023-06-01,3.9925255776752833,5.089752186466041
2023-06-02,4.011674514280412,5.099963651357412
2023-06-05,4.004948238459434,5.100669796621942
2023-06-06,3.9976789669833894,5.086288027604547
2023-06-07,3.9961856325352776,5.078269889485577
2023-06-08,3.998673262483458,5.089257973574135
2023-06-09,4.000328507242008,5.090630017595734
2023-06-12,3.9960195375678538,5.088158962512218
2023-06-13,3.999997523693228,5.08617795784879
2023-06-14,4.006757277574906,5.095116660222551
2023-06-15,4.020405302830022,5.108888397476654
2023-06-16,4.02756564535888,5.110663625730751
2023-06-20,4.020895269122218,5.106732055592152
2023-06-21,4.023666491458935,5.10737932647941
2023-06-22,4.0304801166873965,5.11768045561489
2023-06-23,4.019915233335043,5.110824962716805
2023-06-26,4.020242224066931,5.1044630709373555
2023-06-27,4.018116345766082,5.111630705714228
2023-06-28,4.008741896567549,5.098005823908635
2023-06-29,4.000446050594461,5.0989854030158135
2023-06-30,4.003772665978612,5.106246350448506
2023-07-03,4.009732869382012,5.1082959844684295
2023-07-05,4.017133581406387,5.1135620644643
2023-07-06,4.009402700355794,5.113669252879244
2023-07-07,3.9961047628827697,5.094625092074291
2023-07-10,3.9885461082082263,5.1012666504893724
2023-07-11,3.992080384906611,5.099529002798261
2023-07-12,3.997442444417302,5.095116660222551
2023-07-13,4.005929084932417,5.118640776760422
2023-07-14,4.015001421306239,5.122260265665147
2023-07-17,4.0135223087959675,5.108457427127761
2023-07-18,4.009567763893693,5.1020804073146175
2023-07-19,4.027079209251067,5.1118453934944315
2023-07-20,4.03917304415412,5.12803504594999
2023-07-21,4.039974100721205,5.13256787542334
2023-07-24,4.040294531666649,5.136556332076497
2023-07-25,4.036926558201705,5.138858343903461
2023-07-26,4.049696161574446,5.140111756724075
2023-07-27,4.039974100721205,5.123958983953886
2023-07-28,4.0406146587056675,5.13335611518318
2023-07-31,4.031772828562672,5.118267519458746
2023-08-01,4.02918579940376,5.114847567768687
2023-08-02,4.0322571227272785,5.122791544526591
2023-08-03,4.027079209251067,5.116452035013213
2023-08-04,4.011876487591413,5.102893409717903
2023-08-07,4.01975180061745,5.1152221035381835
2023-08-08,4.01532954085866,5.102026096994627
2023-08-09,4.017625152962417,5.099529002798261
2023-08-10,4.01532954085866,5.098278160090599
2023-08-11,4.019424923554194,5.099854983666917
2023-08-14,4.014672780950514,5.0975704166188
2023-08-15,4.0079155545740495,5.085130887880724
2023-08-16,4.0080807944415096,5.08435859086052
2023-08-17,4.01022802235102,5.069010528254722
2023-08-18,4.0158220685834465,5.067496235988563
2023-08-21,4.0072538363813095,5.06113414457883
2023-08-22,4.00111214790441,5.053479948691006
2023-08-23,4.004602645736666,5.0671593401912824
2023-08-24,4.001944268125981,5.061868141507185
2023-08-25,4.0065915412084765,5.0744311994750975
2023-08-28,4.009402700355794,5.07904661630787
2023-08-29,4.0084115387033,5.082812015902078
2023-08-30,4.0079155545740495,5.083640828897056
2023-08-31,3.9972752970205105,5.073046290442986
2023-09-01,3.9885461082082263,5.058325348623611
2023-09-05,3.9802501317400236,5.051686656840858
2023-09-06,3.979569773624722,5.054954194651219
2023-09-07,3.9718846121876887,5.064466442067568
2023-09-08,3.9718846121876887,5.063729334331418
2023-09-11,3.981269659406862,5.078706747827143
2023-09-12,3.9713702434927463,5.0750114866906095
2023-09-13,3.9737686094628533,5.082889619143056
2023-09-14,3.9820132431495314,5.091479213166125
2023-09-15,3.9730785861836933,5.083779827380115
2023-09-18,3.9792726489845274,5.081218493765195
2023-09-19,3.9772120307699144,5.075292063857417
2023-09-20,3.981671088242658,5.075628519121838
2023-09-21,3.9661509548349,5.058667366237021
2023-09-22,3.967193037632544,5.0580397756535564
2023-09-25,3.956721777284596,5.052662226449762
2023-09-26,3.948442084019308,5.042225549124091
2023-09-27,3.9381289968243745,5.024978049220258
2023-09-28,3.935623609193741,5.024565225315381
2023-09-29,3.938665055235624,5.024211340913691
2023-10-02,3.929693263806913,5.022616455136201
2023-10-03,3.9188195434389668,5.013888865929217
2023-10-04,3.9217306769881235,5.021078317120284
2023-10-05,3.8721953576390145,4.9675109184975454
2023-10-06,3.8866004149361317,4.968697089823046
2023-10-09,3.881695769894792,4.975350339671036
2023-10-10,3.9032099464898082,4.994014574256705
2023-10-11,3.8972697044428326,4.983128363799876
2023-10-12,3.880371249869102,4.95481355400748
2023-10-13,3.8818847315839027,4.9668861137287035
2023-10-16,3.8920430827529837,4.97361345559051
2023-10-17,3.903950194073748,4.969195869795116
2023-10-18,3.903580023366363,4.979493770284892
2023-10-19,3.909115110331697,4.97038015124824
2023-10-20,3.913154719534418,4.9668861137287035
2023-10-23,3.904135074258995,4.96738569135058
2023-10-24,3.932573034014447,4.98048079647842
2023-10-25,3.9411627698325034,4.981466744675664
2023-10-26,3.935085917468797,4.9756599997454565
2023-10-27,3.9253577731682245,4.9645082676372505
2023-10-30,3.9416974270521457,4.981035557789385
2023-10-31,3.9477342081665783,4.9871787336847975
2023-11-01,3.9468487133749006,4.996869614008543
2023-11-02,3.958299506225056,5.008687495861796
2023-11-03,3.9521500319515757,5.008447640882695
2023-11-06,3.956195386987798,5.0079081902546845
2023-11-07,3.959874749857533,5.010783293397725
2023-11-08,3.958299506225056,5.012038727767665
2023-11-09,3.950739024171685,5.0046634166619945
2023-11-10,3.9517974299541305,5.009226933844503
2023-11-13,3.955493053258411,5.014306424035443
2023-11-14,3.9584746801602924,5.016330613130013
2023-11-15,3.9603992801299532,5.011202048337028
2023-11-16,3.9593500170760043,5.013948585699536
2023-11-17,3.961272862099871,5.008267992294018
2023-11-20,3.96371495538839,5.006827700398986
2023-11-21,3.9746305949512317,5.014485092527982
2023-11-22,3.981328887411133,5.022911821410364
2023-11-24,3.9838931118757035,5.023797899121364
2023-11-27,3.9820132431495314,5.0175793088612854
2023-11-28,3.9840639307331576,5.02078230801554
2023-11-29,3.9780711972912517,5.010663776763537
2023-11-30,3.98960218964421,5.024997402427062
2023-12-01,3.9930187687907814,5.027371293754208
2023-12-04,3.991824219476295,5.030035626781573
2023-12-05,3.9933596659980997,5.022915438830049
2023-12-06,3.9923363439207673,5.02035183095894
2023-12-07,3.994722585573778,5.020053188179326
2023-12-08,3.9925069938029583,5.009366891543689
2023-12-11,3.9998166869131615,5.022200744401344
2023-12-12,4.006232559791298,5.026066260804279
2023-12-13,4.014778874613279,5.046861195870031
2023-12-14,3.9998166869131615,5.024759422219013
2023-12-15,3.9923363439207673,5.017302472113379
2023-12-18,3.999477984166592,5.028674725719267
2023-12-19,3.9962535916525295,5.0229749234102465
2023-12-20,3.9752977774738913,5.009427391209838
2023-12-21,3.9818722402745323,5.017122689256024
2023-12-22,3.9875467806718006,5.021365986223485
2023-12-26,3.991653523483224,5.028378658499954
2023-12-27,3.9942115414885118,5.031571515285671
2023-12-28,3.9948928287641983,5.031512440269897
2023-12-29,3.997951980476706,5.034165379873916
2024-01-02,4.012941679118816,5.05208004388294
2024-01-03,4.015279311413296,5.05231131836052
2024-01-04,4.011938210782803,5.04371696019705
2024-01-05,4.010430910289323,5.028852244074077
2024-01-08,4.017777883012351,5.029858118816323
2024-01-09,4.015946194070554,5.018319723046352
2024-01-10,4.0192740211720555,5.016823282608618
2024-01-11,4.012774550295385,5.01207925840205
2024-01-12,4.022425081806091,5.01891795525175
2024-01-16,4.01577949790158,5.012319868869238
2024-01-17,4.01577949790158,5.013943516248051
2024-01-18,4.01860935483287,5.018319723046352
2024-01-19,4.01310884897357,5.009969993080002
2024-01-22,4.008753670782434,5.005920624898079
2024-01-23,4.013443035933495,5.02112754278994
2024-01-24,3.9976125053812055,5.0088837814381675
2024-01-25,4.001847264948754,5.014664235685122
2024-01-26,4.005390728706637,5.022438831573139
2024-01-29,4.011436029682103,5.024164976491533
2024-01-30,4.014278187250877,5.032869288596245
2024-01-31,4.0074099617373165,5.026422493464926
2024-02-01,4.032147522394254,5.045057458791741
2024-02-02,4.02490588487475,5.040796859023211
2024-02-05,4.016612563574197,5.040504162163111
2024-02-06,4.014945668819733,5.043425215363042
2024-02-07,4.01577949790158,5.04371696019705
2024-02-08,4.01310884897357,5.057501485600822
2024-02-09,4.008585840495517,5.021306405856447
2024-02-12,4.010933596268831,5.038689010608354
2024-02-13,4.005053700419239,5.028496975997301
2024-02-14,4.004042281426079,5.020411468225358
2024-02-15,4.005895954068942,5.022438831573139
2024-02-16,4.005727504505069,5.013222276999811
2024-02-20,4.027545322437169,5.027134278125025
2024-02-21,4.03640227997982,5.028201056047633
2024-02-22,4.034931568536133,5.024759422219013
2024-02-23,4.035748904961348,5.032751387820904
2024-02-26,4.027710136901144,5.024818997800184
2024-02-27,4.021596846297378,5.024224687848856
2024-02-28,4.022590742253857,5.0174820205923805
2024-02-29,4.016279503068816,5.014914759362465
2024-03-01,4.008082111260318,5.010368433133963
2024-03-04,4.012774550295385,5.015096357386067
2024-03-05,4.007914029582347,4.9947540331248135
2024-03-06,4.008417982036867,5.000660992415425
2024-03-07,4.006568913426056,5.001335799173611
2024-03-08,4.007914029582347,5.0009678445744195
2024-03-11,4.019938246023323,5.0112187216882855
2024-03-12,4.024244884363454,5.010064554269586
2024-03-13,4.034440805328098,5.0146731514744785
2024-03-14,4.032211795651149,5.011522250081092
2024-03-15,4.021911257414411,5.01079366778495
2024-03-18,4.026077377874099,5.050093761779912
2024-03-19,4.027739019112995,5.053241925672803
2024-03-20,4.036335647864362,5.053591045693128
2024-03-21,4.031715905043331,5.057018262543204
2024-03-22,4.032046638878532,5.054521631686561
2024-03-25,4.030557643868539,5.057887740745583
2024-03-26,4.032872826201114,5.058640509431929
2024-03-27,4.040934012632787,5.0634919054582666
2024-03-28,4.043388911921148,5.071754011045721
2024-04-01,4.035182593389756,5.060087034855538
2024-04-02,4.0264099815174506,5.051144349031026
2024-04-03,4.0210756865149575,5.040825186347518
2024-04-04,4.01217774905357,5.04064839887743
2024-04-05,4.015712921699659,5.0376379231220465
2024-04-08,4.011671821027332,5.040235773197362
2024-04-09,4.019235572374728,5.046291233125925
2024-04-10,4.00574903984564,5.036513766412124
2024-04-11,4.007953124089788,5.033015525939515
2024-04-12,3.9948274458843835,5.031470099367946
2024-04-15,3.9924224469030145,5.024605351733668
2024-04-16,3.9910453891875317,5.027894150234618
2024-04-17,3.9987660969207215,5.039645913617909
2024-04-18,4.005579314893098,5.055974025908674
2024-04-19,4.026742338522548,5.066713175097799
2024-04-22,4.033037981786941,5.080005264611319
2024-04-23,4.034523223402907,5.04986021318896
2024-04-24,4.049418231199136,5.08537427962613
2024-04-25,4.052500594244568,5.0812510071344255
2024-04-26,4.052500594244568,5.075005763699408
2024-04-29,4.057347860327405,5.078190120372906
2024-04-30,4.052986353034821,5.076883340253964
2024-05-01,4.055573221149212,5.072553598505424
2024-05-02,4.056541590546503,5.074265123079192
2024-05-03,4.059441084983723,5.078246976720794
2024-05-06,4.062332131006376,5.076371770646916
2024-05-07,4.0666532193955724,5.088806792262938
2024-05-08,4.070319459354197,5.08537427962613
2024-05-09,4.070796641181732,5.089031514842262
2024-05-10,4.076821705793391,5.098700311639583
2024-05-13,4.0818674357254645,5.10485530987108
2024-05-14,4.0742892937618995,5.099145190011522
2024-05-15,4.074764650296351,5.096863291746818
2024-05-16,4.077769725524143,5.1169982063566195
2024-05-17,4.07317927062288,5.111961039157719
2024-05-20,4.065854355012932,5.101588443137292
2024-05-21,4.071273725539665,5.105849940070088
2024-05-22,4.07270328962897,5.111412016986779
2024-05-23,4.058153480561022,5.095804001512212
2024-05-24,4.056702883313328,5.088638381842395
2024-05-28,4.053795360817772,5.062396649092363
2024-05-29,4.051852482250045,5.04945127400768
2024-05-30,4.056218926945797,5.045528910614619
2024-05-31,4.071591568653524,5.059624335592696
2024-06-03,4.071591568653524,5.049918605450485
2024-06-04,4.087513511311215,5.065333997683019
2024-06-05,4.087200753621701,5.063030875842725
2024-06-06,4.090792691417104,5.061357919905468
2024-06-07,4.087044370109839,5.056662468134223
2024-06-10,4.0820247595927395,5.026150297881407
2024-06-11,4.081395573192001,5.021134790536646
2024-06-12,4.070796641181732,5.013594371990176
2024-06-13,4.072544557278311,5.010537734812764
2024-06-14,4.0732640764234915,5.01347224920388
2024-06-17,4.074382696784334,5.027595951514662
2024-06-18,4.074542240101656,5.029640157005882
2024-06-20,4.067331331400466,5.030840752061033
2024-06-21,4.076775248549672,5.034434210806709
2024-06-24,4.095712085801101,5.039205094687817
2024-06-25,4.093677785206825,5.034852612731006
2024-06-26,4.096961958029273,5.031200669609813
2024-06-27,4.0947738142575085,5.028317795483347
2024-06-28,4.090697299123243,5.020286246007388
2024-07-01,4.084867191557629,5.007840253912847
2024-07-02,4.082810686302022,5.012067272069719
2024-07-03,4.085657045159484,5.006058286895782
2024-07-05,4.0924239262564885,5.01700665707536
2024-07-08,4.079797585242465,5.003101697975073
2024-07-09,4.075499808080685,5.00174374904845
2024-07-10,4.0777305523901335,5.012128319603775
2024-07-11,4.082018644765619,5.0143263902783035
2024-07-12,4.09148249923301,5.029039418379846
2024-07-15,4.086919476277441,5.013777426804346
2024-07-16,4.100390852228155,5.01925475749669
2024-07-17,4.114910660231298,5.049916258088666
2024-07-18,4.114604113271072,5.052737620984865
2024-07-19,4.116136780134194,5.046791636211583
2024-07-22,4.108140309035786,5.036703080176069
2024-07-23,4.1110697078116765,5.028438118789417
2024-07-24,4.124069629467619,5.0397404765787535
2024-07-25,4.128012794631127,5.056545687914367
2024-07-26,4.1427367682368095,5.0666105482002
2024-07-29,4.139449972344336,5.069269770526135
2024-07-30,4.152088667836463,5.069096598000726
2024-07-31,4.138102428397399,5.066147297646057
2024-08-01,4.156217172306322,5.0793223598233155
2024-08-02,4.176175643134835,5.0967734193613445
2024-08-05,4.158275169659446,5.074050232743795
2024-08-06,4.157540660973842,5.065104367179065
2024-08-07,4.1635474573610916,5.061037810999945
2024-08-08,4.167483895230346,5.064408411164071
2024-08-09,4.166755944424556,5.064524469603674
2024-08-12,4.1593023737258195,5.05888161311209
2024-08-13,4.1635474573610916,5.064408411164071
2024-08-14,4.165298924932249,5.072152306369984
2024-08-15,4.166319061438659,5.0652783286866185
2024-08-16,4.174009837085789,5.065857596872204
2024-08-19,4.171114661886674,5.0727855400059605
2024-08-20,4.176896771518207,5.084396482843522
2024-08-21,4.179631439132016,5.080750487475735
2024-08-22,4.176175643134835,5.083770845068886
2024-08-23,4.182788814472109,5.084510055697275
2024-08-26,4.1977217586421665,5.085078576412565
2024-08-27,4.206995409540495,5.081263803651649
2024-08-28,4.210485987863601,5.0733604770305485
2024-08-29,4.214658256268589,5.062782563343067
2024-08-30,4.220470564734577,5.067362740788497
2024-09-03,4.227894392380102,5.09396099326926
2024-09-04,4.2217118522324855,5.099465711293766
2024-09-05,4.2023693341279325,5.103825400688347
2024-09-06,4.201947511087001,5.100419684976937
2024-09-09,4.211878566040744,5.105201400537977
2024-09-10,4.207694546028689,5.10306648525013
2024-09-11,4.201103902230424,5.091584197870964
2024-09-12,4.203211990619713,5.099912110106538
2024-09-13,4.2125680842557855,5.100532475407184
2024-09-16,4.222184281368089,5.099686469571422
2024-09-17,4.218014707988463,5.097765860556431
2024-09-18,4.217318029491223,5.088336301039789
2024-09-19,4.2014434875396995,5.0851919774130225
2024-09-20,4.215783693750728,5.065066411422179
2024-09-23,4.217039244629291,5.070484684432225
2024-09-24,4.211447163527542,5.057678715654728
2024-09-25,4.213127847967896,5.05461363025028
2024-09-26,4.212427981361278,5.056324137210124
2024-09-27,4.217875366160372,5.058149397205147
2024-09-30,4.2188500146516725,5.058443569810934
2024-10-01,4.2167603820246855,5.0662342877388635
2024-10-02,4.206950873570079,5.055498720393417
2024-10-03,4.200026567029272,5.049464777540321
2024-10-04,4.1950510149994304,5.04613641958537
2024-10-07,4.178381662049907,5.041601555827867
2024-10-08,4.180842105252947,5.060616871421971
2024-10-09,4.186463690233865,5.072980057862524
2024-10-10,4.18185327323686,5.0755847644130165
2024-10-11,4.186463690233865,5.086050518345474
2024-10-14,4.197470833325077,5.093403026500615
2024-10-15,4.197470833325077,5.092266470554685
2024-10-16,4.200735278242431,5.084160981218304
2024-10-17,4.191195847577189,5.085249286765382
2024-10-18,4.198891720766468,5.08747972114397
2024-10-21,4.184736968894505,5.087193968564847
2024-10-22,4.184736968894505,5.083530372788871
2024-10-23,4.163784856929347,5.075353566686209
2024-10-24,4.15329038593937,5.070775251147136
2024-10-25,4.147627957640133,5.068623650665364
2024-10-28,4.14388515295265,5.057207618266265
2024-10-29,4.1270958681664185,5.043334150710374
2024-10-30,4.132572007284536,5.035603072870926
2024-10-31,4.1232753347889775,5.034820541114588
2024-11-01,4.11867120705493,5.031865842145091
2024-11-04,4.120208314138939,5.036384893610789
2024-11-05,4.124193609689569,5.045421728399102
2024-11-06,4.098314763995795,5.02653733817513
2024-11-07,4.097686495743489,5.02221733592767
2024-11-08,4.101762444126419,5.028962814988176
2024-11-11,4.0929628784612655,5.023801513337159
2024-11-12,4.090434492550494,5.024288409482277
2024-11-13,4.087264849706685,5.026719440628034
2024-11-14,4.0800963505544745,5.0292050893483955
2024-11-15,4.067062245621202,4.988862294273265
2024-11-18,4.0690038005822835,4.987032406855074
2024-11-19,4.080735699893105,4.976811611829406
2024-11-20,4.087106170775686,4.98961866115036
2024-11-21,4.099256237091476,4.999647413455664
2024-11-22,4.101762444126419,5.00994719119681
2024-11-25,4.108933115350762,5.01640778573224
2024-11-26,4.1115703353880715,5.010934321648685
2024-11-27,4.109709578918143,5.014381827451354
2024-11-29,4.111818524722565,5.0188580270626515
2024-12-02,4.10508550694724,5.01640778573224
2024-12-03,4.103040960293661,5.008093614615387
2024-12-04,4.082201880251052,4.9986489696915335
2024-12-05,4.093550217578074,5.000582594925831
2024-12-06,4.087332591153104,4.99209462044566
2024-12-09,4.088451453719781,5.002685381116362
2024-12-10,4.09339132381432,5.005003007428205
2024-12-11,4.089090214758665,4.985609368924028
2024-12-12,4.10806606095435,4.999104633962859
2024-12-13,4.0967239441106456,4.993234717309593
2024-12-16,4.087652348214722,4.980813815960307
2024-12-17,4.1011500418988565,4.981582785582099
2024-12-18,4.092437112176334,4.970570548089626
2024-12-19,4.086052347155956,4.951217213149358
2024-12-20,4.087652348214722,4.959893947823325
2024-12-23,4.084930859768229,4.950028054432624
2024-12-24,4.0922779140148995,4.960024931890541
2024-12-26,4.0879720030644435,4.957600875799448
2024-12-27,4.086052347155956,4.960548375808226
2024-12-30,4.07930422071422,4.952866342353467
2024-12-31,4.083005222785702,4.955104798217053
2025-01-02,4.076236562228996,4.942864014157685
2025-01-03,4.074780145839778,4.939128868502438
2025-01-06,4.059440426617778,4.916283923692983
2025-01-07,4.0599336187434805,4.9103181238918125
2025-01-08,4.074132175387803,4.918127996104099
2025-01-10,4.063706873901445,4.891153504973522
2025-01-13,4.073159399311053,4.904109232193389
2025-01-14,4.079465433020786,4.907218553231167
2025-01-15,4.075103941277403,4.906044881138767
2025-01-16,4.082844708801058,4.918127996104099
2025-01-17,4.090206985926351,4.929729728170036
2025-01-21,4.085571872866723,4.931751201468037
2025-01-22,4.0752658320898565,4.928649773938294
2025-01-23,4.071211003666712,4.9322223205099105
2025-01-24,4.077529361887327,4.935581064210592
2025-01-27,4.108535913207818,4.971735436038993
2025-01-28,4.08461016696633,4.943130137259965
2025-01-29,4.092118817945291,4.943928516871428
2025-01-30,4.1113502126434405,4.954051917383869
2025-01-31,4.10241098829687,4.946054454354932
2025-02-03,4.100361086923786,4.943263335480007
2025-02-04,4.089568938066699,4.897095144374938
2025-02-05,4.0967239441106456,4.912104857106893
2025-02-06,4.100518877173099,4.9099743887039935
2025-02-07,4.10806606095435,4.904662544077707
2025-02-10,4.119126366520431,4.903070564194429
2025-02-11,4.165294187044629,4.911967443008732
2025-02-12,4.181580853898622,4.900573532204008
2025-02-13,4.193012966280854,4.904662544077707
2025-02-14,4.183907077752504,4.896397830089535
2025-02-18,4.186517265253168,4.901337163331355
2025-02-19,4.201180924622495,4.91313396425436
2025-02-20,4.200752655199854,4.9354468387161665
2025-02-21,4.21928351048351,4.964530212050773
2025-02-24,4.208574585681026,4.9668078926793795
2025-02-25,4.221243791909554,4.98337436851159
2025-02-26,4.211545220756058,4.9514812307474605
2025-02-27,4.212533399319003,4.954841628136736
2025-02-28,4.217319378805384,4.964334612819762
2025-03-03,4.2327868546976735,4.980621585951164
2025-03-04,4.202891942365658,4.9690151796154005
2025-03-05,4.201323526091737,4.967002902521618
2025-03-06,4.206731345876438,4.971735436038993
2025-03-07,4.220404093748158,4.979437939059733
2025-03-10,4.220683959421187,4.991089536882304
2025-03-11,4.214929252259417,4.96568161799764
2025-03-12,4.199323993313536,4.937992406535148
2025-03-13,4.194738004680529,4.939139139420858
2025-03-14,4.1954612758012715,4.940823016989591
2025-03-17,4.2092467749534626,4.959161126547042
2025-03-18,4.198637308309814,4.943511511304658
2025-03-19,4.197194834516797,4.93758758198386
2025-03-20,4.203382238274586,4.9310846968974404
2025-03-21,4.188351000012482,4.919464666833791
2025-03-24,4.192420269046904,4.926316267813641
2025-03-25,4.190387588884878,4.92008316562598
2025-03-26,4.2078193079778865,4.941159474326076
2025-03-27,4.218049765133298,4.94806510362149
2025-03-28,4.212805762331892,4.945389057309254
2025-03-31,4.230413036009322,4.9498674328548775
2025-04-01,4.233897614284537,4.94806510362149
2025-04-02,4.226355596501332,4.944383717975815
2025-04-03,4.251960931091115,4.9593594534694905
2025-04-04,4.2065333660204125,4.927408140824838
2025-04-07,4.183972764309877,4.903804785768005
2025-04-08,4.184703860818066,4.883415322693384
2025-04-09,4.206819185463001,4.920426672691712
2025-04-10,4.218332649295356,4.9104173082188804
2025-04-11,4.227756420521691,4.912426987706136
2025-04-14,4.2419351626069455,4.928362649364123
2025-04-15,4.2337584773096015,4.9013572480286385
2025-04-16,4.2312503630018,4.881917330863035
2025-04-17,4.249498113377969,4.9013572480286385
2025-04-21,4.246342308823903,4.893556127487213
2025-04-22,4.26175145391989,4.905688488602339
2025-04-23,4.25359922942918,4.8972886236014785
2025-04-24,4.242901010191287,4.847200717369668
2025-04-25,4.234454079206587,4.832834387537129
2025-04-28,4.232783865335651,4.835679306009777
2025-04-29,4.240554073988761,4.839782629517079
2025-04-30,4.243314675122131,4.849194131198156
2025-05-01,4.225794716984768,4.834108074884316
2025-05-02,4.230831676211497,4.835604538549269
2025-05-05,4.231529316268072,4.822358417464185
2025-05-06,4.231808302566467,4.812842933578569
2025-05-07,4.241244746939098,4.821827905946651
2025-05-08,4.224109853400841,4.818106547291769
2025-05-09,4.214935000546976,4.810545608833359
2025-05-12,4.200797010801002,4.8200068696764395
2025-05-13,4.192565162545537,4.8095483087459
2025-05-14,4.1954612758012715,4.7951719319678165
2025-05-15,4.2302733023255135,4.818639097812894
2025-05-16,4.235704525089352,4.822282524524772
2025-05-19,4.234732029838044,4.820841984456974
2025-05-20,4.231390071105231,4.820917925309601
2025-05-21,4.233619210348052,4.8083197733430545
2025-05-22,4.223688277370499,4.808089293759234
2025-05-23,4.232505040362953,4.802076661768796
2025-05-27,4.232644462567222,4.817649964143473
2025-05-28,4.223829045888635,4.812307286514945
2025-05-29,4.22859619635647,4.821827905946651
2025-05-30,4.237092653698075,4.818258777562636
2025-06-02,4.235704525089352,4.814142323309722
2025-06-03,4.223969571198837,4.821297174302173
2025-06-04,4.226916272977239,4.820462624278293
2025-06-05,4.220449940145808,4.81566894223626
2025-06-06,4.226635918334021,4.81831025562259
2025-06-09,4.232505040362953,4.817771855174399
2025-06-10,4.240554073988761,4.832058243758218
2025-06-11,4.236676406373896,4.81730987377315
2025-06-12,4.239032450149234,4.8356172627419705
2025-06-13,4.229084832573202,4.8245966323413745
2025-06-16,4.222019779136363,4.828867294998465
2025-06-17,4.209175359288644,4.812602830029738
2025-06-18,4.203268781069809,4.810899869636932
2025-06-20,4.197908420912646,4.810899869636932
2025-06-23,4.210897548419633,4.8110548154020325
2025-06-24,4.217614047888572,4.826123963567184
2025-06-25,4.209318978940526,4.802731596508569
2025-06-26,4.207018585638395,4.804292601796408
2025-06-27,4.219321777499418,4.826047560622667
2025-06-30,4.225275913237298,4.833649938290418
2025-07-01,4.238195780389308,4.857743824115346
2025-07-02,4.227534846845785,4.8667230580394465
2025-07-03,4.233720758784807,4.858630747177409
2025-07-07,4.228944246299314,4.85173744303663
2025-07-08,4.218041338047227,4.856116029639958
2025-07-09,4.207162401766657,4.851960524053462
2025-07-10,4.211327378156993,4.863787981498799
2025-07-11,4.212759790038493,4.857743824115346
2025-07-14,4.207018585638395,4.860033218423706
2025-07-15,4.205433762404873,4.846965908442855
2025-07-16,4.204135290568205,4.85840903092214
2025-07-17,4.223011977097142,4.930308622429833
2025-07-18,4.212473516955065,4.915066678393741
2025-07-21,4.215618135143786,4.904257234367979
2025-07-22,4.209749714178002,4.934425520980594
2025-07-23,4.202546229937903,4.931820215959291
2025-07-24,4.201677999164606,4.923893656114414
2025-07-25,4.202690690656935,4.916531509107722
2025-07-28,4.186953759898605,4.903339448779211
2025-07-29,4.205721943844899,4.919594146545047
2025-07-30,4.196600249150833,4.912410154181836
2025-07-31,4.184012057922334,4.877218757226749
2025-08-01,4.198198893494317,4.887031210784566
2025-08-04,4.199649992134219,4.889039571827439
2025-08-05,4.200954411578397,4.88825108255712
2025-08-06,4.20759395317794,4.897885461404039
2025-08-07,4.220742791859528,4.91980259371411
2025-08-08,4.2194639473971725,4.928726068950939
2025-08-11,4.225275913237298,4.926381785051228
2025-08-12,4.22471040952782,4.940092782421129
2025-08-13,4.2211685234885525,4.956837602788217
2025-08-14,4.208169443765483,4.951937754083693
2025-08-15,4.213475114410997,4.963843421927771
2025-08-18,4.202112151696447,4.958175869796727
2025-08-19,4.216474126700311,4.9754776290491725
2025-08-20,4.224568871987876,4.9660352374678425
2025-08-21,4.224003191576855,4.954357050582258
2025-08-22,4.216474126700311,4.958777425790358
2025-08-25,4.199214998093647,4.9491077519016295
2025-08-26,4.196309311767829,4.940977681454179
2025-08-27,4.197763152975312,4.94532195029167
2025-08-28,4.190911415017071,4.940841669614504
2025-08-29,4.200084911434712,4.952139567851907
2025-09-02,4.201099102419126,4.963045108516983
2025-09-03,4.200084911434712,4.952072265167658
2025-09-04,4.189300952976738,4.940229114440563
2025-09-05,4.185042789222162,4.946554025173788
2025-09-08,4.1772134257974205,4.914062527607028
2025-09-09,4.1835700901901784,4.923823537628567
2025-09-10,4.182980612232201,4.920744019563241
2025-09-11,4.18002741530951,4.931689007296161
2025-09-12,4.170965213212446,4.926823914164555
2025-09-15,4.166594959932479,4.9064833351297175
2025-09-16,4.1670478031873275,4.9021364950976585
2025-09-17,4.179052835918186,4.910669497973275
2025-09-18,4.170363541768274,4.907122999799324
2025-09-19,4.1699119620715495,4.9144152766870715
2025-09-22,4.166594959932479,4.909252340116433
2025-09-23,4.174118326920316,4.915402290268867
2025-09-24,4.170213155726079,4.9173033808410604
2025-09-25,4.1631149866876465,4.901350666646845
2025-09-26,4.158405476514383,4.905060228152751
2025-09-29,4.164023979124299,4.903135696624257
2025-09-30,4.168254777265627,4.905060228152751
2025-10-01,4.175166924757478,4.924102983798919
2025-10-02,4.1649320275536645,4.918287660904314
2025-10-03,4.173218350609923,4.9159659408197856
2025-10-06,4.1649320275536645,4.8997770410851045
2025-10-07,4.175316684986003,4.9075491405274105
2025-10-08,4.165234724646287,4.893601870598938
2025-10-09,4.169008544469661,4.935011578556342
2025-10-10,4.179052835918186,4.971448255506188
2025-10-13,4.175466422789761,4.963487533495143
2025-10-14,4.18603904727235,4.9811293326623876
2025-10-15,4.179649303462932,4.978618792788558
2025-10-16,4.187223329137637,4.988558568104037
2025-10-17,4.19972083245553,4.995347520527424
2025-10-20,4.19972083245553,4.994892104112123
2025-10-21,4.239537019471202,4.991893456502742
2025-10-22,4.233763454721278,4.990913797542092
2025-10-23,4.221401142850241,4.980931399745701
2025-10-24,4.218107179789545,4.981195441282226
2025-10-27,4.223115390910178,4.988296567875902
2025-10-28,4.224541857026162,4.971714601036612
2025-10-29,4.198404832597695,4.944981676643428
2025-10-30,4.207579987456293,4.95444690451802
2025-10-31,4.206419470065948,4.944502621028992
2025-11-03,4.19282988188437,4.927311512084324
2025-11-04,4.202930157360371,4.922424800904355
2025-11-05,4.200743052181763,4.922144885312801
2025-11-06,4.208738932783611,4.913144729947461
2025-11-07,4.230084925068474,4.922774724080349
2025-11-10,4.2296595303880204,4.920463633033159
2025-11-11,4.244998031986628,4.937565038286568
2025-11-12,4.243600688724899,4.932797684804461
2025-11-13,4.237428722780904,4.937151391618656
2025-11-14,4.238694278135749,4.942858462369544
2025-11-17,4.231925992153779,4.956342714680111
2025-11-18,4.239537019471202,4.962681251837074
2025-11-19,4.237991377330876,4.95146040114767
2025-11-20,4.239396575230551,4.944571087122273
2025-11-21,4.26353754738105,4.946144080867426
2025-11-24,4.258590553262129,4.940455893068599
2025-11-25,4.258865975309317,4.944639548528269
2025-11-26,4.262577573448006,4.957356923566103
2025-11-28,4.26586528209286,4.962479739920666
2025-12-01,4.256734088816431,4.967643032600568
2025-12-02,4.238783756833247,4.961605339826937
2025-12-03,4.240762786804859,4.957897529057404
2025-12-04,4.235665886309281,4.950099925854789
2025-12-05,4.2292578432522365,4.946884873783964
2025-12-08,4.232822947770863,4.951082479027188
2025-12-09,4.230542652342937,4.944260996068991
2025-12-10,4.232253388898901,4.978646521603273
2025-12-11,4.216461972538271,4.97422795368032
2025-12-12,4.236658980853383,4.984972499727993
2025-12-15,4.243019922139431,4.988748966642236
2025-12-16,4.234529680585751,4.9831120519558985
2025-12-17,4.238783756833247,4.981181717031239
2025-12-18,4.234387425881613,4.976439783371594
2025-12-19,4.230114677047982,4.968306100648889
2025-12-22,4.232253388898901,4.960785990745677
2025-12-23,4.227399051671893,4.937601917760021
2025-12-24,4.230828015395018,4.938019425474825
2025-12-26,4.227399051671893,4.938297667142413
2025-12-29,4.23154106696311,4.941491894225509
2025-12-30,4.2302573188329085,4.940937108888011
2025-12-31,4.227971381303303,4.936487601351999
2026-01-02,4.216606800028109,4.927458662661807
2026-01-05,4.199387644690843,4.9110841292128375
2026-01-06,4.19791449717002,4.904199529703377
2026-01-07,4.193482679627287,4.890067087673744
2026-01-08,4.220217211502319,4.907145450599778
2026-01-09,4.236517139056162,4.9110125448261375
2026-01-12,4.236375387457344,4.921323132237532
2026-01-13,4.2468170026664875,4.93620896510751
2026-01-14,4.249620598239946,4.953071847931586
2026-01-15,4.236091603261624,4.957516346759168
2026-01-16,4.235523903569772,4.9558093271610115
2026-01-20,4.253950501911927,4.964925661585283
2026-01-21,4.257567602194688,4.958675637902086
2026-01-22,4.255621583684546,4.9426005423930945
2026-01-23,4.269576865984999,4.943846195432916
2026-01-26,4.265176405662249,4.952729135519014
2026-01-27,4.278728060864258,4.972482036725421
2026-01-28,4.272043482080131,4.970598183327987
2026-01-29,4.277095180398438,4.971876827606147
2026-01-30,4.295714178033169,5.004560360441153
2026-02-02,4.302641197866106,5.014727860259629
2026-02-03,4.323138420897623,5.062842812787371
2026-02-04,4.329103136493474,5.083084736294397
2026-02-05,4.343988609625575,5.091175643100081
2026-02-06,4.350590151350008,5.108689858777992
2026-02-09,4.337086770857958,5.084828406668398
2026-02-10,4.322097428729871,5.087827450920376
2026-02-11,4.345134332019788,5.100799197868056
2026-02-12,4.350210500082251,5.089203902748581
2026-02-13,4.346151629123832,5.0816395690885985
2026-02-17,4.357274024632454,5.057115663836951
2026-02-18,4.356393820023912,5.0722549400134485
2026-02-19,4.349070582138891,5.073470724715363
2026-02-20,4.360787213277834,5.075595059810859
2026-02-23,4.369764856674689,5.09588022944048
2026-02-24,4.371748990242073,5.103102098363735
2026-02-25,4.368647024912121,5.10091733625081
2026-02-26,4.3690198387661745,5.0914740527758
2026-02-27,4.382101495305593,5.104281159121478
2026-03-02,4.365535407444902,5.08968225753317
2026-03-03,4.354504928315437,5.075413063497665
2026-03-04,4.338752720217982,5.0693917887772235
2026-03-05,4.324957604171815,5.049552546058104
2026-03-06,4.3250874409189475,5.050512604261473
2026-03-09,4.334904133213056,5.063598519056869
2026-03-10,4.335931785644461,5.058944715092035
2026-03-11,4.332716520862787,5.055018518029875
2026-03-12,4.332459004850782,5.046931044988116
2026-03-13,4.335826321303146,5.053331215312369
2026-03-16,4.342013485739079,5.039729014877929
2026-03-17,4.3389247882067705,5.03196363311488
2026-03-18,4.317953500018887,5.012868820866476
2026-03-19,4.312409831519316,5.007644885709732
2026-03-20,4.301764247835718,4.989809585036609
2026-03-23,4.306568830938418,4.995392554982921
2026-03-24,4.3006935125210894,4.993468624423661
2026-03-25,4.308431006483385,5.001010264330858
2026-03-26,4.300961303850874,4.9950610497804755
2026-03-27,4.314525252847607,5.009606933483437
2026-03-30,4.321894690753832,5.034006391879857
2026-03-31,4.3190061258115096,5.024202007988531
2026-04-01,4.319400448083727,5.020072133083213
2026-04-02,4.327777504676124,5.035217144074017
2026-04-06,4.334273530228324,5.033432234796938
2026-04-07,4.3171635572929015,5.0107172812951095
2026-04-08,4.335179709632555,5.021041673126245
2026-04-09,4.346628865978006,5.038269737286565
2026-04-10,4.337505836704302,5.03553560313579
2026-04-13,4.323728772578497,5.027994129898838
2026-04-14,4.317031669863516,5.026967162848518
2026-04-15,4.309227874871944,5.0213646779089505
2026-04-16,4.307500352173059,5.043904915324546
2026-04-17,4.314921447628425,5.03941188866136
2026-04-20,4.311482772138155,5.035089890875814
2026-04-21,4.301095017518612,5.021816548447834
2026-04-22,4.300157611125294,5.0144956312491695
2026-04-23,4.322025837146155,5.0268387553134515
2026-04-24,4.326603747555405,5.025167453880068
2026-04-27,4.310952725558831,5.016509527138643
2026-04-28,4.348800976735569,5.030620810674626
2026-04-29,4.355415982706805,5.024202007988531
2026-04-30,4.354020353797085,5.044599157334221
2026-05-01,4.351732271446329,5.037761585417209
2026-05-04,4.346756808565056,5.019684094034157
2026-05-05,4.350458859696828,5.022590723286201
2026-05-06,4.359970057702522,5.028507268158276
2026-05-07,4.349821545213835,5.030620810674626
2026-05-08,4.349693994161846,5.019878132380473
2026-05-11,4.352749854237293,4.985601963372838
2026-05-12,4.370016611745751,5.001800914434547
2026-05-13,4.3728863641982585,4.984664457597377
2026-05-14,4.375250954410121,4.9806367854161016
2026-05-15,4.379839567661399,4.983658980976746
2026-05-18,4.384530231000213,4.98325665345069
2026-05-19,4.393358215727308,4.992006635632052
2026-05-20,4.38883145130612,4.984798396079518
2026-05-21,4.38416068181081,4.98184686459708
2026-05-22,4.3879727239323465,4.993335738775395
2026-05-26,4.375375191144049,4.960320118200021
2026-05-27,4.389689441899839,4.974361609510848
2026-05-28,4.374753660942086,4.964498573592488
2026-05-29,4.357189460834713,4.950039619055277
2026-06-01,4.352495580155276,4.931348687157436
2026-06-02,4.34956662386623,4.934734725616429
2026-06-03,4.354020353797085,4.938530241392134
2026-06-04,4.329080110151388,4.935790481406593
2026-06-05,4.3631204922406,4.944637266556913
2026-06-08,4.36387516079206,4.935861519791578
2026-06-09,4.386252863845014,4.950678815772319
2026-06-10,4.4135388563844815,4.961406923576882
2026-06-11,4.400776936595364,4.957310357756964
2026-06-12,4.401866828552696,4.961060428818877
2026-06-15,4.387388098428063,4.974691294863655
2026-06-16,4.37957115357409,4.97380197137024
2026-06-17,4.3752018891301,4.942309336229053
2026-06-18,4.36842305718419,4.945341713667594
2026-06-22,4.370184927940473,4.9360749334724465
2026-06-23,4.379944695993562,4.945552896786237
2026-06-24,4.383549255720651,4.947100500826122
2026-06-25,4.3813135089086215,4.927581805855499
2026-06-26,4.408423336322707,4.940895880239374
2026-06-29,4.408665452941351,4.921542895861287
2026-06-30,4.391827520204897,4.8976071332887
2026-07-01,4.3920735935609265,4.939267844752473
2026-07-02,4.426532630817782,4.960713707028205
2026-07-06,4.412409164757588,4.954244264395261
2026-07-07,4.425462458698681,4.9659696081660485
2026-07-08,4.417698948226951,4.9487859706633515
2026-07-09,4.408423336322707,4.9156125078862685
2026-07-10,4.418777456476777,4.912124614444135
2026-07-13,4.4278391769098455,4.920171920895743
2026-07-14,4.413854660643904,4.897976322631908
2026-07-15,4.406242575640371,4.8976071332887
2026-07-16,4.435760215055024,4.926936406816564
2026-07-17,4.395389482704169,4.910230176724835
2026-07-20,4.402232229713062,4.898050212455838
2026-07-21,4.400403980896567,4.894648587190119
2026-07-22,4.403205887186912,4.899451832192931
2026-07-23,4.3905963388766125,4.894278167008061
2026-07-24,4.4038140003686514,4.906723539494217
2026-07-27,4.425700394005688,4.929515066205547
2026-07-28,4.474450823621064,4.951238911418944
2026-07-29,4.483585491953968,4.955708848727763
2026-07-30,4.476940093977074,4.932443772107883
2026-07-31,4.466717383873348,4.9278683811637425
2026-08-03,4.458348262387922,4.9283699389308975
2026-08-04,4.454888393276375,4.9245669648399115
2026-08-05,4.458002804822234,4.922263795116743
2026-08-06,4.458233034755785,4.919810837123727
2026-08-07,4.460533305129306,4.923991614057475
2026-08-10,4.4584633883947005,4.914669035675404
2026-08-11,4.453963801296576,4.919594146545047
2026-08-12,4.456619779911928,4.921687117294032
2026-08-13,4.464774642967051,4.935434994425164
2026-08-14,4.468086523324552,4.936643156829969
2026-08-17,4.4597288122390095,4.918365196806683
2026-08-18,4.480662462761817,4.931944364009964
2026-08-19,4.497741578032823,4.949277040404094
2026-08-20,4.4994004815349715,4.945764143859036
2026-08-21,4.506008375144509,4.9555694517661015
2026-08-24,4.515730436751446,4.963829137654095
2026-08-25,4.511918425430109,4.947100500826122
2026-08-26,4.494748769500079,4.946537973358528
2026-08-27,4.483360853839467,4.929014192977409
2026-08-28,4.490075403474899,4.938630055686247
2026-08-31,4.478972155101805,4.933441840700584
2026-09-01,4.471387384112242,4.929515066205547
2026-09-02,4.474110972174963,4.9347236411245605
2026-09-03,4.48054986442989,4.931159154272831
2026-09-04,4.472182555933171,4.924568960469261
2026-09-08,4.4754699460934235,4.93050922757466
2026-09-09,4.466260674837396,4.91771560602546
2026-09-10,4.469453790795629,4.917422867708758
2026-09-11,4.474677471983535,4.915005116809135
2026-09-14,4.486611846428066,4.915151739074514
2026-09-15,4.485372612212043,4.908971640319756
2026-09-16,4.475858480765086,4.900373872578711
2026-09-17,4.478018372603257,4.895299289481617
2026-09-18,4.480173695813406,4.865609522045998
2026-09-21,4.467286510151128,4.864375592188125
2026-09-22,4.484244724947278,4.876646672702637
2026-09-23,4.478358977549341,4.868918051881997
2026-09-24,4.478472515622283,4.853201405182177
2026-09-25,4.475175361568621,4.856940104050761
2026-09-28,4.467974950310771,4.855928904335275
2026-09-29,4.464067302839323,4.857406430476793
2026-09-30,4.4552771176850205,4.84197993769919
2026-10-01,4.455509393711514,4.83310224188538
2026-10-02,4.450269242585411,4.835408504929875
2026-10-05,4.460260038885734,4.833500276133484
2026-10-06,4.456322068002346,4.833977659643888
