Date,KO,PEP,spread,z_score,position,KO_ret,PEP_ret,strategy_ret,equity
2024-02-16,54.91175842285156,150.3885498046875,13.2016936160012,0.9421511279961253,0,,,0.0,1.0
2024-02-20,56.12297821044922,152.49537658691406,13.828587790128928,1.7713458124642383,0,0.02205756694714789,0.014009223341555854,0.0,1.0
2024-02-21,56.62226486206055,152.65814208984375,14.282731645401476,2.291611980709212,-1,0.008896296446334606,0.0010673471325663986,0.0,1.0
2024-02-22,56.5390510559082,152.13365173339844,14.344984543903934,2.25251468719922,-1,-0.0014696304776056213,-0.0034357181953428295,0.0005167385934034259,1.0005167385934035
2024-02-23,56.58528137207031,153.3543701171875,14.052650235532582,1.7807505823001608,-1,0.0008176705356515157,0.008023986605726563,0.0014077715061050597,1.0019252375493766
2024-02-26,56.13222885131836,152.14271545410156,13.935648528399561,1.5663380160350304,-1,-0.008006543570455271,-0.00790101163833834,0.005815208472784829,1.0077516416798709
2024-02-27,55.79012298583984,152.0523223876953,13.61861305998778,1.1100462277555887,-1,-0.006094642462615929,-0.0005941333841482654,0.005929860356605056,1.0137274681891721
2024-02-28,55.84560012817383,151.03053283691406,13.957482178887794,1.5037820961918176,-1,0.0009943900347391121,-0.006719986480548057,-0.0028581693714561504,1.01083006338859
2024-02-29,55.49425506591797,150.64329528808594,13.713536937151808,1.143527091111104,-1,-0.006291365146931405,-0.0025639686330596323,0.0055802518475044326,1.016470749717327
2024-03-01,55.04120635986328,149.95997619628906,13.45000587482479,0.7683181233904351,-1,-0.008163884811437483,-0.004536007331027325,0.006905829194921385,1.0234903230965087
2024-03-04,55.30009078979492,150.670654296875,13.511784676231215,0.8224846881714073,-1,0.004703465767792903,0.004739118520902474,-0.0033890775321798626,1.0200216350380988
2024-03-05,55.03195571899414,147.63662719726562,14.085132997050337,1.5307072560471422,-1,-0.0048487274970308025,-0.020136815053787838,-0.0007361914478480136,1.0192707038337638
2024-03-06,55.059696197509766,148.51129150390625,13.87028649030944,1.203055709760895,-1,0.0005040794598918374,0.005924439776532786,0.0011390560537120206,1.020431710299337
2024-03-07,54.95798110961914,148.61154174804688,13.740767130182412,1.0010128789652943,-1,-0.0018473601366369996,0.0006750344914883133,0.0020345800574581205,1.02250786030711
2024-03-08,55.03195571899414,148.55686950683594,13.829905013137783,1.0812173221193708,-1,0.0013460212307918606,-0.00036788691219979963,-0.001448054177910335,1.021027213528046
2024-03-11,55.69766616821289,150.08753967285156,14.071086122155165,1.3450480446548696,-1,0.012096797951685057,0.010303597343542581,-0.009239108895563466,1.0115938319169266
2024-03-12,55.93805313110352,149.91441345214844,14.359489412716158,1.6434963598672458,-1,0.004315925234005924,-0.0011535016236556839,-0.004635847379275431,1.0069042373023434
2024-03-13,56.51131057739258,150.60690307617188,14.740685780328675,2.0129477824108912,-1,0.010248076473907686,0.004619233121600175,-0.008966938294770277,0.9978753891377106
2024-03-14,56.3854866027832,150.1331024169922,14.74626979007435,1.921866488542531,-1,-0.0022265272796506697,-0.003145942513272826,0.0013540042965003573,0.9992265167019749
2024-03-15,55.80766677856445,150.0237579345703,14.198776513016348,1.2260928087558303,-1,-0.010247669374378154,-0.000728316944508145,0.010045671635887992,1.0092644181786352
2024-03-18,56.040653228759766,156.03709411621094,12.763972149566946,-0.4947887734808992,0,0.004174810803679874,0.040082559352120795,0.006942033865496357,1.016270765948872
2024-03-19,56.13385009765625,156.5290985107422,12.720712252254792,-0.5807472857953695,0,0.0016630225296634382,0.0031531245651423845,0.0,1.016270765948872
2024-03-20,56.61849212646485,156.58375549316406,13.190195239487927,-0.03444451507699092,0,0.008633685876979103,0.0003491809698126236,0.0,1.016270765948872
2024-03-21,56.3575325012207,157.12132263183594,12.780142081384021,-0.5848687051922731,0,-0.004609088222647495,0.003433096472739372,-0.0,1.016270765948872
2024-03-22,56.37617492675781,156.7295379638672,12.90744546490317,-0.4571971124489179,0,0.00033078853366586003,-0.0024935168658601903,0.0,1.016270765948872
2024-03-25,56.292293548583984,157.25799560546875,12.676997060798826,-0.8050990284991202,0,-0.0014878870069280348,0.003371780766197263,-0.0,1.016270765948872
2024-03-26,56.42277145385742,157.3764190673828,12.774630375992082,-0.7136071781054425,0,0.002317864436644834,0.000753052087800743,0.0,1.016270765948872
2024-03-27,56.87944412231445,158.1417694091797,13.019034142343529,-0.4089105156797006,0,0.00809376527756167,0.004863183101587731,0.0,1.016270765948872
2024-03-28,57.01924896240234,159.45376586914062,12.794958504546628,-0.7780575557667402,0,0.0024579150208861034,0.00829633097481186,0.0,1.016270765948872
2024-04-01,56.5532455444336,157.60423278808594,12.841920633312625,-0.7464168787396845,0,-0.008172738618076325,-0.011599180934820597,-0.0,1.016270765948872
2024-04-02,56.05929565429688,156.20111083984375,12.737124754362945,-0.9354093576461989,0,-0.008734244787925172,-0.008902818937159052,-0.0,1.016270765948872
2024-04-03,55.76105499267578,154.5975341796875,12.883633952386973,-0.7095109057382865,0,-0.005320092914835595,-0.010266102792318987,-0.0,1.016270765948872
2024-04-04,55.26709747314453,154.57020568847656,12.397255953643459,-1.4265390893871852,0,-0.008858467968300254,-0.00017677184410436197,-0.0,1.016270765948872
2024-04-05,55.46282196044922,154.10557556152344,12.721844990354327,-0.9000319024362875,0,0.003541428738858432,-0.0030059488171320092,0.0,1.016270765948872
2024-04-08,55.23914337158203,154.50643920898438,12.386987400585667,-1.3610073784480918,0,-0.0040329464127644155,0.002601227411794138,-0.0,1.016270765948872
2024-04-09,55.65854263305664,155.44488525390625,12.54610989629414,-1.0841780169519235,0,0.007592428771992399,0.006073831289662657,0.0,1.016270765948872
2024-04-10,54.91294097900391,153.93243408203125,12.219984568584287,-1.5129718338381906,0,-0.013395996711022429,-0.009729822691846968,-0.0,1.016270765948872
2024-04-11,55.03410720825195,153.39488220214844,12.490240098687181,-1.0754483395516146,0,0.002206515023377875,-0.0034921287582339033,0.0,1.016270765948872
2024-04-12,54.31646728515625,153.1580047607422,11.838297819761642,-1.9356604918392326,0,-0.013039912147209343,-0.0015442330148542904,-0.0,1.016270765948872
2024-04-15,54.18599319458008,152.11021423339844,11.998427042112354,-1.634042374745787,0,-0.002402109288352605,-0.0068412390784312604,-0.0,1.016270765948872
2024-04-16,54.111427307128906,152.61129760742188,11.784886345533117,-1.8434574854899997,0,-0.001376110006573228,0.00329421253233253,-0.0,1.016270765948872
2024-04-17,54.53082275390625,154.4153289794922,11.703936084207236,-1.8608209025799185,0,0.007750589249788442,0.011821086645308565,0.0,1.016270765948872
2024-04-18,54.903621673583984,156.95733642578125,11.371712610478603,-2.1703989412034916,1,0.006836480743379836,0.01646214441978522,0.0,1.016270765948872
2024-04-19,56.07793045043945,158.65200805664062,12.076006458396499,-1.2310380875068339,1,0.021388548533957108,0.010797020830311421,0.01839400912827713,1.0349640596945366
2024-04-22,56.432090759277344,160.77490234375,11.841384852597798,-1.4772588911272888,1,0.006315502480086943,0.013380822046396457,0.0026043492343846416,1.0376594675510176
2024-04-23,56.51596832275391,156.0006561279297,13.249393271278066,0.26521102403472246,0,0.0014863451335582756,-0.02969522074790365,0.009722275219042634,1.047747878478194
2024-04-24,57.36407470703125,161.6404266357422,12.533316786034241,-0.6129640435720516,0,0.01500649125277187,0.036152222995700534,0.0,1.047747878478194
2024-04-25,57.54116439819336,160.97531127929688,12.894875339070438,-0.16557650750613745,0,0.0030871184110705663,-0.0041147834752017776,0.0,1.047747878478194
2024-04-26,57.54116439819336,159.97311401367188,13.172833421336378,0.1704374793137479,0,0.0,-0.006225782436203309,0.0,1.047747878478194
2024-04-29,57.82075881958008,160.48333740234375,13.310918062655979,0.3421547234054383,0,0.00485903308198421,0.003189432123127167,0.0,1.047747878478194
2024-04-30,57.569122314453125,160.2737579345703,13.11740814492127,0.10148350988136844,0,-0.004352009732562334,-0.001305926653606404,-0.0,1.047747878478194
2024-05-01,57.718238830566406,159.58131408691406,13.458573043696369,0.5082219694279936,0,0.0025902169447500345,-0.0043203819301406154,0.0,1.047747878478194
2024-05-02,57.7741584777832,159.85467529296875,13.438676323011308,0.4641793777638752,0,0.0009688384183195176,0.001712990067908704,0.0,1.047747878478194
2024-05-03,57.9419174194336,160.49246215820312,13.429545923575347,0.43418415101708885,0,0.0029037020368700706,0.003989791753450378,0.0,1.047747878478194
2024-05-06,58.10967254638672,160.19178771972656,13.680692707213154,0.7222106770261186,0,0.0028952291264157104,-0.0018734489734488768,0.0,1.047747878478194
2024-05-07,58.36131286621094,162.1962127685547,13.376408398495677,0.32610216216930465,0,0.004330437753256033,0.012512657966806007,0.0,1.047747878478194
2024-05-08,58.5756721496582,161.6404266357422,13.744914228661194,0.7691402752365996,0,0.0036729688370560343,-0.0034266282999195763,0.0,1.047747878478194
2024-05-09,58.60363006591797,162.232666015625,13.608615338480824,0.5733827258988909,0,0.0004772956968950304,0.003663931061116399,-0.0,1.047747878478194
2024-05-10,58.957786560058594,163.80886840820312,13.525614189778771,0.4517586972834315,0,0.006043251821470141,0.00971569062685762,0.0,1.047747878478194
2024-05-13,59.25602340698242,164.82022094726562,13.543353751492695,0.4590925554858361,0,0.005058481064583731,0.00617397915564788,0.0,1.047747878478194
2024-05-14,58.80867004394531,163.8817596435547,13.356281386226627,0.2161222756037901,0,-0.007549500241766038,-0.005693848111095523,-0.0,1.047747878478194
2024-05-15,58.83663177490234,163.5082244873047,13.487842597297387,0.39358473942608707,0,0.0004754695342732429,-0.0022792967140604636,0.0,1.047747878478194
2024-05-16,59.01370620727539,166.8338165283203,12.742568488295092,-0.5398771043888574,0,0.003009594992631648,0.020338989377710615,-0.0,1.047747878478194
2024-05-17,58.74342727661133,165.9955596923828,12.70477897918039,-0.5638338320267913,0,-0.004579934866567381,-0.0050245019467932694,-0.0,1.047747878478194
2024-05-20,58.3147087097168,164.28265380859375,12.751132587086829,-0.4786786179891047,0,-0.007298153798139473,-0.010318986164228439,-0.0,1.047747878478194
2024-05-21,58.631595611572266,164.98423767089844,12.873436135341422,-0.2933393277215923,0,0.005434081878602726,0.004270590022986243,0.0,1.047747878478194
2024-05-22,58.71547317504883,165.90444946289062,12.702094178915239,-0.5064829903528222,0,0.0014305864031440851,0.0055775739851451345,-0.0,1.047747878478194
2024-05-23,57.86735916137695,163.33511352539062,12.56658207943746,-0.6652432163043017,0,-0.014444472092448035,-0.015486841647816774,-0.0,1.047747878478194
2024-05-24,57.783477783203125,162.1688995361328,12.806148604270689,-0.3174269807710962,0,-0.0014495456400542839,-0.007140007828607686,0.0,1.047747878478194
2024-05-28,57.61571502685547,157.96865844726562,13.80331714255,1.0457188105336626,0,-0.002903299745596555,-0.025900410626707893,0.0,1.047747878478194
2024-05-29,57.503883361816406,155.93687438964844,14.25499809085018,1.6170993462184637,0,-0.001940992400891628,-0.012861944119728408,0.0,1.047747878478194
2024-05-30,57.75551986694336,155.32643127441406,14.67594018427085,2.120377126385907,-1,0.0043759915055414655,-0.003914680973462592,0.0,1.047747878478194
2024-05-31,58.65023422241211,157.5313262939453,14.959129830734902,2.369573321169432,-1,0.015491408570643683,0.014195233879003455,-0.011554379283436758,1.0356418020968408
2024-06-03,58.65023422241211,156.009765625,15.38113266400702,2.6979837307510057,-1,0.0,-0.009658781556286522,-0.0026788502528359687,1.0328674727934462
2024-06-04,59.59153366088867,158.433349609375,15.650254299157396,2.7917534535572712,-1,0.016049372196997425,0.015534822289269723,-0.011740809841087618,1.0207407722043336
2024-06-05,59.572898864746094,158.06887817382812,15.732705172214025,2.693363117303088,-1,-0.0003127087859262634,-0.0023004716901176003,-0.0003253239858887814,1.020408700747761
2024-06-06,59.78726577758789,157.80465698242188,16.020353482018628,2.797084105271734,-1,0.003598396534781667,-0.0016715573265199124,-0.0040620007420704455,1.0162637998481083
2024-06-07,59.56358337402344,157.0654296875,16.001694788159654,2.640608227104317,-1,-0.003741305119999372,-0.004684445370989443,0.002442080409994025,1.0187455977651034
2024-06-10,59.26534652709961,152.34539794921875,17.012552483006353,3.2765128166257975,-1,-0.005007033325229671,-0.030051372524637077,-0.003327674983117524,1.0153555435252595
2024-06-11,59.22806930541992,151.58322143554688,17.18666390641168,3.1084163279965336,-1,-0.0006289885044820087,-0.005002950689235286,-0.0007585732330604345,1.0145853219879017
2024-06-12,58.60363006591797,150.44451904296875,16.878042265070178,2.637137700525555,-1,-0.01054296124835541,-0.007512060911453178,0.008459501118866527,1.023168207654444
2024-06-13,58.706153869628906,149.98536682128906,17.10791132842582,2.5955374148339616,-1,0.001749444592350713,-0.0030519704180684837,-0.002595904539544504,1.0205121606594763
2024-06-14,58.74840927124024,150.4261474609375,17.027916804300006,2.3703699189098697,-1,0.0007197780611751803,0.002938824293263531,9.530095838557228e-05,1.0206094164464312
2024-06-17,58.81416320800781,152.5657958984375,16.50024208504353,1.9138054892312555,-1,0.0011192462499536315,0.014223913020544598,0.002825737159118551,1.02349339039943
2024-06-18,58.82354736328125,152.87799072265625,16.42303941992779,1.7775636524727265,-1,0.00015955604503381515,0.0020462963037046755,0.00040798152050815955,1.0239109567890754
2024-06-20,58.4009017944336,153.0616455078125,15.949457440024219,1.4206733276286934,-1,-0.0071849724777304225,0.0012013160579107396,0.007518155892917561,1.031608878982682
2024-06-21,58.95504760742188,153.61265563964844,16.35078132383002,1.602906241423463,-1,0.00948865164683288,0.003599922959196311,-0.008490217789183789,1.0228502949268634
2024-06-24,60.08210754394531,154.34727478027344,17.274095616129763,2.0519439929696692,-1,0.019117276336174882,0.004782282667831206,-0.017790916581665837,1.0046528506542873
2024-06-25,59.96000671386719,153.67694091796875,17.337910993603785,1.9807893387981748,-1,-0.0020322328072266416,-0.004343023634586163,0.0008277009629370879,1.0054844027861916
2024-06-26,60.1572494506836,153.1167449951172,17.69052332655646,2.063523615095832,-1,0.003289571626595489,-0.003645282886979073,-0.004300586000047879,1.0011602306403027
2024-06-27,60.025760650634766,152.67596435546875,17.681284452244782,1.9532838957107288,-1,-0.0021857515303559394,-0.0028787226352186,0.0013873416259326684,1.0025491819024983
2024-06-28,59.78156280517578,151.45465087890625,17.775816279510614,1.904542969005123,-1,-0.00406821742551966,-0.007999382756273099,0.001849599228773458,1.0044034960961528
2024-07-01,59.434043884277344,149.58132934570312,17.9478606009963,1.8983218611936972,-1,-0.005813145468126724,-0.012368861057300395,0.002382658260444063,1.0067966463829452
2024-07-02,59.31194305419922,150.21495056152344,17.65002576717133,1.6714053116275533,-1,-0.0020543920974965824,0.004235964599271114,0.0032292312603489593,1.0100478255862595
2024-07-03,59.48100662231445,149.3150177001953,18.068684520668427,1.796212661714813,-1,0.0028504135829903188,-0.005990967330242847,-0.004512000425370814,1.0054904893675694
2024-07-05,59.88487243652344,150.95875549316406,18.016661838318086,1.6949077026010275,-1,0.006789828167727663,0.011008522908721563,-0.0037366289411455782,1.0017333445049519
2024-07-08,59.13349914550781,148.87420654296875,17.843435433608747,1.5497473504169925,-1,-0.012546963205308015,-0.013808731685587494,0.008717129788772801,1.010465584082743
2024-07-09,58.87990188598633,148.67218017578125,17.64586991905074,1.402665148008337,-1,-0.0042885549339379825,-0.0013570273311863668,0.0039121852036496044,1.0144187125895887
2024-07-10,59.01139450073242,150.22412109375,17.346933778755663,1.2214214781168593,-1,0.002233234270680562,0.01043867733784376,0.0006619190426848708,1.0150901756527075
2024-07-11,59.264984130859375,150.5546875,17.50884125458588,1.25617206013115,-1,0.0042972993990813,0.0022004882028479056,-0.003686996914838347,1.0113475413067934
2024-07-12,59.828521728515625,152.7861785888672,17.453477758685217,1.192555435678018,-1,0.00950877834391961,0.014821797487156951,-0.005397972471090728,1.005888315120114
2024-07-15,59.55614471435547,150.47206115722656,17.822918144651254,1.3277394587032938,-1,-0.004552628182861063,-0.01514611762015261,0.00035187255133722894,1.0062422596079155
2024-07-16,60.36387634277344,151.2985076904297,18.401435923317578,1.5588777282134898,-1,0.013562523771342594,0.005492358693349519,-0.012039225373029719,0.9941278822646291
2024-07-17,61.24674224853516,156.0093994140625,17.97774225824783,1.312795413601334,-1,0.0146257324620509,0.03113640574216192,-0.005990091630055313,0.9881729651578712
2024-07-18,61.227970123291016,156.45018005371094,17.83672020726653,1.209953211629112,-1,-0.00030649997950860097,0.002825346686186281,0.0010901061352677844,0.9892501785698955
2024-07-19,61.32188415527344,155.52268981933594,18.187872425492145,1.333679792747991,-1,0.0015338419972654727,-0.005928342390252195,-0.0031780598956078236,0.9861062822506597
2024-07-22,60.83348083496094,153.96157836914062,18.13244129516969,1.2659176110431254,-1,-0.007964584373758132,-0.010037837257115267,0.005180603525092186,0.9912149079326029
2024-07-23,61.01194763183594,152.6943359375,18.6623760995384,1.4719877783984672,-1,0.0029336936572670336,-0.00823090049520192,-0.005216522991810614,0.9860442125755471
2024-07-24,61.81027603149414,154.429931640625,18.979339333099503,1.5653077097784849,-1,0.013084787990633506,0.011366470750004742,-0.009932312405068085,0.9762505134110374
2024-07-25,62.05448532104492,157.04708862304688,18.497683605078883,1.2876104253168694,-1,0.003950949667759884,0.01694721324174564,0.000749337445366401,0.9769820544767945
2024-07-26,62.97493362426758,158.63572692871094,18.977525181459974,1.465988240579695,-1,0.014832905284132503,0.010115681351325234,-0.01202733447919299,0.965231564527433
2024-07-29,62.768287658691406,159.05813598632812,18.6537246240542,1.266686821744656,-1,-0.0032814002918859497,0.0026627611938072615,0.004019913576993812,0.9691117119986198
2024-07-30,63.56663131713867,159.0305938720703,19.459707051357896,1.5904137192162104,-1,0.012718901346940203,-0.00017315753191138317,-0.012766926358732644,0.956739134138148
2024-07-31,62.68376159667969,158.562255859375,18.706730257497398,1.1931402681040035,-1,-0.013888886388430444,-0.002944955440913888,0.013072106903201468,0.9692457303780783
2024-08-01,63.82960891723633,160.66514587402344,19.269343821850008,1.4095589397326833,-1,0.018279811092532405,0.013262235727230287,-0.014601547605153132,0.9550932427048714
2024-08-02,65.11634826660156,163.4935302734375,19.77163450972168,1.5880844984249167,-1,0.02015897279009904,0.017604218911497993,-0.015276466025945939,0.9405027932310799
2024-08-05,63.96110534667969,159.82032775878906,19.63514943495256,1.469743625781289,-1,-0.017741211702966497,-0.022466959447906776,0.011510030301176945,0.9513280088795113
2024-08-06,63.91414260864258,158.39697265625,19.98295234660865,1.573719701172061,-1,-0.000734239000132364,-0.008905970363715432,-0.0017358200670033502,0.9496766746313959
2024-08-07,64.2992172241211,157.754150390625,20.546312864792704,1.7645661136041526,-1,0.006024873365451988,-0.004058298936180038,-0.007150437192309006,0.9428860712164433
2024-08-08,64.55282592773438,158.28677368164062,20.652199205135965,1.7445717494715678,-1,0.003944195817023877,0.003376287024441371,-0.0030077870892392822,0.9400500706648149
2024-08-09,64.50585174560547,158.30514526367188,20.600129689099504,1.662137163080965,-1,-0.0007276859138822811,0.00011606517464435306,0.0007598764361163313,0.9407643925622826
2024-08-12,64.02684020996094,157.41436767578125,20.368174135892872,1.5071432128057713,-1,-0.007425861726989225,-0.0056269654811721415,0.005865230314621656,0.9462821923964555
2024-08-13,64.2992172241211,158.28677368164062,20.398590501522683,1.4857403487707557,-1,0.004254106766271137,0.00554209897571889,-0.0027170129666206485,0.9437111314096321
2024-08-14,64.41193389892578,159.5172882080078,20.170025604643868,1.3525947802014477,-1,0.0017530022863545547,0.007773956710003471,0.00040309429547302853,0.9440915359832779
2024-08-15,64.47767639160156,158.42453002929688,20.538843128706304,1.5000349187000817,-1,0.0010206570226403144,-0.006850405940238891,-0.0029206080235089377,0.9413342146683583
2024-08-16,64.97547149658203,158.51632690429688,21.011178492168625,1.6963380696509904,-1,0.007720425623856775,0.0005794359938011695,-0.007559719819563453,0.9342179917488966
2024-08-19,64.78762817382812,159.6183319091797,20.517695543054664,1.4368222834787832,-1,-0.0028909882210518267,0.006951996847290864,0.00481911532523701,0.9387200959900459
2024-08-20,65.16332244873047,161.48245239257812,20.376378474531563,1.361405317343952,-1,0.005798858292733522,0.011678611479658096,-0.0025598108898348825,0.9363171500658237
2024-08-21,65.34176635742188,160.89476013183594,20.717818052200933,1.5457043769837777,-1,0.00273841022811272,-0.0036393567971921836,-0.0037477810084233223,0.932808038432946
2024-08-22,65.11634826660156,161.38145446777344,20.357415932879483,1.3260993986557175,-1,-0.003449831606743947,0.003024923468848195,0.004288790118447663,0.9368086563305857
2024-08-23,65.54840087890625,161.50079345703125,20.7563700348096,1.533884771233346,-1,0.006635086638085985,0.0007394839118992635,-0.006429991756002215,0.9307849843934286
2024-08-26,66.53457641601562,161.59263610839844,21.717073134386105,2.045705774967466,-1,0.015044997648855363,0.0005686823538215702,-0.014887274352346318,0.9169281329677192
2024-08-27,67.15446472167969,160.9773712158203,22.50760434189437,2.406858650750287,-1,0.009316784430821956,-0.0038075057588973227,-0.010372791102621867,0.907417028988328
2024-08-28,67.3892822265625,159.7101287841797,23.09388985427089,2.5927073485973833,-1,0.003496677486091393,-0.00787217744996993,-0.005680015459864695,0.9022628862351297
2024-08-29,67.67103576660156,158.02963256835938,23.841726790689293,2.805155603287351,-1,0.004180984434465573,-0.010522164302373183,-0.007099292746702741,0.8958574578712616
2024-08-30,68.06550598144531,158.75509643554688,24.03499056425332,2.7119492609683156,-1,0.005829232704584131,0.004590682490346776,-0.004556013005154135,0.8917759196424357
2024-09-03,68.57269287109375,163.03436279296875,23.355328605863477,2.2343221639634616,-1,0.007451452572565964,0.02695514319541359,2.4520638285415938e-05,0.8917977865571929
2024-09-04,68.1500473022461,163.93429565429688,22.683087851633964,1.8182319125919446,-1,-0.0061634675721743415,0.005519896823658721,0.007694403634400778,0.8986596386872292
2024-09-05,66.84452056884766,164.6505584716797,21.17890657591449,1.024220206652159,-1,-0.019156651903826538,0.004369206666146708,0.020368445577189174,0.9169639386302464
2024-09-06,66.81632995605469,164.09075927734375,21.305975527130208,1.0525717716398608,-1,-0.00042173408610113317,-0.003399922839813607,-0.0005212300037254456,0.9164859895130981
2024-09-09,67.48319244384766,164.8772735595703,21.754699322012122,1.2364652924988564,-1,0.009980531529216963,0.0047931662068625425,-0.008651153239593944,0.9085573287758794
2024-09-10,67.20143127441406,164.52565002441406,21.570460473646378,1.1061336617669317,-1,-0.004175279195157255,-0.0021326379771146042,0.003583794881022139,0.9118134118798615
2024-09-11,66.7599868774414,162.64732360839844,21.649967416667216,1.1090266321824473,-1,-0.006568973139426726,-0.011416617504546589,0.0034025894180058146,0.9149159385463198
2024-09-12,66.90087127685547,164.0074920654297,21.413610898706345,0.9594117681908381,-1,0.00211031196984357,0.008362685759933486,0.0002090678330679825,0.9151072180390311
2024-09-13,67.52973937988281,164.10926818847656,22.01425152900662,1.2294640837290147,-1,0.009399998699940681,0.0006205577669968765,-0.009227887826397121,0.9066627112818405
2024-09-16,68.1822509765625,163.97048950195312,22.705253210311895,1.5441640585002987,-1,0.009662581296353556,-0.000845648073721561,-0.009897120667898284,0.8976893610232003
2024-09-17,67.89855194091797,163.65586853027344,22.508813883836694,1.4028504447229861,-1,-0.004160892777536063,-0.0019187658257002749,0.0036287256209070035,0.9009468294071609
2024-09-18,67.85126495361328,162.1199188232422,22.887520510431052,1.5450941829980143,-1,-0.0006964358731219589,-0.009385240632218017,-0.0019065481672594004,0.8992291308807564
2024-09-19,66.78266143798828,161.6109619140625,21.960075518465928,1.0264641177810072,-1,-0.015749205506419894,-0.003139385418361784,0.014878501124845563,0.9126083125160597
2024-09-20,67.74723815917969,158.39096069335938,23.817715307078963,1.9141839468804132,-1,0.014443520225486672,-0.01992439858389916,-0.019969525744199697,0.8943839573248995
2024-09-23,67.83235168457031,159.25149536132812,23.664160683756585,1.7592031678871147,-1,0.0012563394125475469,0.005432978398525634,0.00025048993976035743,0.8946079915084925
2024-09-24,67.45408630371094,157.22512817382812,23.84790555449461,1.7755159686889548,-1,-0.005576474520865182,-0.012724321256151083,0.0020474008985281265,0.8964396127141373
2024-09-25,67.56755065917969,156.74395751953125,24.0948219526883,1.8171115447376958,-1,0.001682097582018649,-0.003060392825788627,-0.0025308934728217984,0.8941708195495403
2024-09-26,67.52027893066406,157.01229858398438,23.973126185885086,1.6898772669338682,-1,-0.0006996217571074714,0.0017119707113411042,0.0011744345630704523,0.8952209646653082
2024-09-27,67.88909149169922,157.2991485595703,24.26238128668094,1.7551122345783543,-1,0.005462248777347023,0.0018269267960082658,-0.004955553053784024,0.8907846496800496
2024-09-30,67.95529174804688,157.34542846679688,24.315745872146856,1.7096102565125928,-1,0.0009751236154891263,0.00029421587879130406,-0.0008935232317662478,0.8899887129010596
2024-10-01,67.81343841552734,158.5760498046875,23.83258134390948,1.4296458261380358,-1,-0.0020874508646872014,0.007821144534557067,0.004256634927062878,0.8937770699410861
2024-10-02,67.15147399902344,156.88275146484375,23.64025097590155,1.2975784010462499,-1,-0.009761552163860432,-0.010678146806717193,0.006799982310944981,0.8998547382066138
2024-10-03,66.68810272216797,155.93898010253906,23.438633434524625,1.168797453801963,-1,-0.0069003887667783426,-0.0060157751791865,0.0052319215003994645,0.9045627075586733
2024-10-04,66.35711669921875,155.4208221435547,23.251357834193968,1.0483176585435965,-1,-0.004963194474554955,-0.0033228251117434215,0.004041613337343084,0.9082186002620056
2024-10-07,65.2601547241211,154.7176055908203,22.349432037222194,0.5775347880250497,-1,-0.016531188057340218,-0.004524596788484714,0.015276297139662906,0.9220928174673768
2024-10-08,65.4209213256836,157.68775939941406,21.686430419703846,0.2140772852552677,0,0.0024634725774421717,0.01919725810938977,0.002860861495174326,0.9247307973038461
2024-10-09,65.78972625732422,159.64938354492188,21.51118149656581,0.09781223624727917,0,0.005637415740518348,0.012439926554724812,0.0,0.9247307973038461
2024-10-10,65.48710632324219,160.06576538085938,21.093078612592294,-0.1558692065595493,0,-0.004599805338882046,0.0026081017457879607,-0.0,0.9247307973038461
2024-10-11,65.78972625732422,161.74977111816406,20.928641789166463,-0.28276077797781207,0,0.004621061321419706,0.01052071149191569,0.0,0.9247307973038461
2024-10-14,66.51788330078125,162.94342041015625,21.325741784794353,-0.09106812098652438,0,0.011067944569475463,0.007379604210507207,0.0,0.9247307973038461
2024-10-15,66.51788330078125,162.75833129882812,21.377076004311498,-0.09583027048021989,0,0.0,-0.001135910310844257,0.0,0.9247307973038461
2024-10-16,66.73538208007812,161.44442749023438,21.958984262106483,0.22636232427088365,0,0.003269779020378394,-0.008072728431833043,0.0,0.9247307973038461
2024-10-17,66.10179138183594,161.62022399902344,21.276636635335272,-0.22261760991124785,0,-0.00949407463468055,0.0010888979664516185,-0.0,0.9247307973038461
2024-10-18,66.61246490478516,161.98110961914062,21.687219010238337,0.002706574116620977,0,0.007725562534293795,0.0022329236477198755,0.0,0.9247307973038461
2024-10-21,65.67622375488281,161.93482971191406,20.76381353121773,-0.6343021334641002,0,-0.014055044371058645,-0.0002857117557434341,-0.0,0.9247307973038461
2024-10-22,65.67622375488281,161.3426513671875,20.92805340963824,-0.5692177457278217,0,0.0,-0.0036568929968929798,0.0,0.9247307973038461
2024-10-23,64.31448364257812,160.0287628173828,19.93071854382675,-1.2747731187573892,0,-0.02073414143582586,-0.008143466954776302,-0.0,0.9247307973038461
2024-10-24,63.64306640625,159.2977752685547,19.462039734554537,-1.6379818242627353,0,-0.010439596157833853,-0.004567851028519754,-0.0,0.9247307973038461
2024-10-25,63.28371047973633,158.9553985595703,19.197641534135307,-1.8218593997087569,0,-0.005646426968490381,-0.0021492874486612745,-0.0,0.9247307973038461
2024-10-28,63.04729461669922,157.1510772705078,19.461651787294656,-1.6220475686257685,0,-0.0037358091244161784,-0.011351116762393643,-0.0,0.9247307973038461
2024-10-29,61.99761199951172,154.98590087890625,19.01247797033995,-1.906915820927457,0,-0.016649130205651508,-0.013777674510462301,-0.0,0.9247307973038461
2024-10-30,62.33805084228516,153.7923126220703,19.68395693292291,-1.4297593902926142,0,0.005491160575283649,-0.007701269922407383,0.0,0.9247307973038461
2024-10-31,61.76119995117188,153.67201232910156,19.140471168493313,-1.7522487872379673,0,-0.009253592040802006,-0.0007822256582120657,-0.0,0.9247307973038461
2024-11-01,61.47749710083008,153.2186279296875,18.98251387994152,-1.7967212486319775,0,-0.004593544985623588,-0.002950338142531095,-0.0,0.9247307973038461
2024-11-04,61.57206726074219,153.91259765625,18.88461245670115,-1.7986661333679808,0,0.001538289038621743,0.004529277777379326,0.0,0.9247307973038461
2024-11-05,61.81793975830078,155.30978393554688,18.742977192981378,-1.829025105287302,0,0.003993247400925881,0.00907779025611255,0.0,0.9247307973038461
2024-11-06,60.23868560791016,152.4043731689453,17.969534864852875,-2.2049911858199267,1,-0.025546858348325263,-0.018707197273594156,-0.0,0.9247307973038461
2024-11-07,60.20085144042969,151.74740600585938,18.113909668626356,-2.0337249949431926,1,-0.0006280709331332179,-0.004310684460200331,0.0005674916840364196,0.9252555743412884
2024-11-08,60.44672775268555,152.77447509765625,18.074929730618507,-1.9696094168011264,1,0.0040842663579128136,0.006768281045655744,0.002207092587623031,0.9272976990610738
2024-11-11,59.91715621948242,151.9879913330078,17.76348842631662,-2.0405913621122225,1,-0.00876096279967109,-0.005148005019462221,-0.007333170436046161,0.9204976669889056
2024-11-12,59.76585388183594,152.06201171875,17.591656632868187,-2.0364002717394007,1,-0.0025251922352964584,0.00048701469828627,-0.002660265115870082,0.9180488991561753
2024-11-13,59.57671737670898,152.43212890625,17.29986861672657,-2.0869674500403104,1,-0.0031646248291022916,0.002433988497959394,-0.0038396883104701417,0.9145238775296454
2024-11-14,59.15116882324219,152.81149291992188,16.769103957271717,-2.2258834699519343,1,-0.007142866747357202,0.002488740506308762,-0.007833115625615462,0.9073603062545694
2024-11-15,58.38518905639648,146.76934814453125,17.678905029334395,-1.715728391203117,1,-0.01294952884421674,-0.0395398582916594,-0.0019832015942987512,0.9055608278486019
2024-11-18,58.4986572265625,146.5010223388672,17.8667930057831,-1.5691184962193028,1,0.0019434409993333013,-0.0018282141949682584,0.002450493781290196,0.9077798990258249
2024-11-19,59.18899917602539,145.01129150390625,18.97030982628293,-1.0215161638717483,1,0.011800987957539366,-0.010168740198379544,0.014621274563329983,0.9210527981725535
2024-11-20,59.567264556884766,146.88040161132812,18.8301799981124,-1.05154535796048,1,0.006390805489622009,0.012889410804065138,0.0028159445001524706,0.9236464317339176
2024-11-21,60.29542541503906,148.36083984375,19.14774327621788,-0.8750777663811763,1,0.01222417822223365,0.010079208772449944,0.00942872303866649,0.9323552381243893
2024-11-22,60.44672775268555,149.89682006835938,18.873043535955503,-0.9700284026193751,1,0.002509350197050786,0.010353003031170704,-0.0003620414610007545,0.932017686871807
2024-11-25,60.88172912597656,150.86837768554688,19.03858469283304,-0.8641598308926255,1,0.007196442048456264,0.006481509192419299,0.005398804071275777,0.9370494677541915
2024-11-26,61.04249954223633,150.04486083984375,19.427756413902387,-0.6555540459611849,1,0.0026407005610353806,-0.005458511971405788,0.004154611615912828,0.9409425443576079
2024-11-27,60.92901992797852,150.5630340576172,19.170562145021115,-0.7512765640131227,1,-0.0018590263358938541,0.0034534552857929945,-0.002816837578605206,0.938292062039353
2024-11-29,61.05765151977539,151.23849487304688,19.111855575617213,-0.7592781473107343,1,0.0021111711947594536,0.004486232757312747,0.0008669204902400779,0.9391054866537645
2024-12-02,60.64793014526367,150.86837768554688,18.80478571212015,-0.8795182688744212,1,-0.0067104017975374575,-0.002447241939366629,-0.006031662491775214,0.9334411193140947
2024-12-03,60.5240592956543,149.61923217773438,19.02736371218525,-0.7514554577097082,1,-0.002042457991767943,-0.008279703984197972,0.0002539069257137625,0.9336781264790345
2024-12-04,59.27584457397461,148.21278381347656,18.169225578762237,-1.1170720760283348,1,-0.020623446877253815,-0.009400184346535556,-0.018016318217528436,0.9168566842396424
2024-12-05,59.95235824584961,148.49964904785156,18.766177558393025,-0.8143648131070453,1,0.011412973981850705,0.0019354958930939414,0.010876166763221453,0.9268285704354071
2024-12-06,59.580753326416016,147.24452209472656,18.742680434557293,-0.8013370464969134,1,-0.006198336984672648,-0.008452053329234155,-0.0038541712049563275,0.9232564144473041
2024-12-09,59.64745330810547,148.81224060058594,18.37457576813214,-0.9399885910521932,1,0.001119488726905482,0.010647041285860581,-0.0018334540510600138,0.9215636662340685
2024-12-10,59.942832946777344,149.15753173828125,18.574189367772405,-0.8196765773214384,1,0.004952091368362499,0.0023203140837189107,0.004308555335001888,0.9255342742847652
2024-12-11,59.68556594848633,146.29269409179688,19.111481290696837,-0.5489280238271547,1,-0.004291872533275787,-0.019206791726154027,0.0010351056753045021,0.9264923000647661
2024-12-12,60.82896423339844,148.28033447265625,19.703610152464513,-0.25246530108546955,0,0.019157031800602464,0.013586737145001582,0.01538876827543618,0.9407498753794387
2024-12-13,60.1429328918457,147.41249084472656,19.258274089975046,-0.4423002655525723,0,-0.011278037530286666,-0.005852722351996853,-0.0,0.9407498753794387
2024-12-16,59.59980773925781,145.5928192138672,19.21983245051966,-0.4346694628650293,0,-0.009030573110968554,-0.012344080345105146,-0.0,0.9407498753794387
2024-12-17,60.40972137451172,145.70481872558594,19.99868316975907,-0.02951223528199611,0,0.013589198790660229,0.0007692653547304307,0.0,0.9407498753794387
2024-12-18,59.88566207885742,144.1090850830078,19.917198483227907,-0.03862834350150139,0,-0.008675082151188507,-0.010951824768290375,-0.0,0.9407498753794387
2024-12-19,59.50452423095703,141.34690856933594,20.302146627531314,0.19835244219594253,0,-0.006364425718438427,-0.01916726146780301,-0.0,0.9407498753794387
2024-12-20,59.59980773925781,142.57867431640625,20.055801539746255,0.10631088120356733,0,0.0016012817434007953,0.00871448664521779,-0.0,0.9407498753794387
2024-12-23,59.43782806396485,141.17892456054688,20.282040602555966,0.2833766323538095,0,-0.002717788553976641,-0.009817385121375866,0.0,0.9407498753794387
2024-12-24,59.87612915039063,142.59735107421875,20.326942976873383,0.37123303581666667,0,0.007374110069333195,0.010047013164939944,0.0,0.9407498753794387
2024-12-26,59.61886215209961,142.25210571289062,20.165429321599248,0.32735809478899275,0,-0.004296653807477235,-0.0024211204396666908,-0.0,0.9407498753794387
2024-12-27,59.50452423095703,142.67201232910156,19.934630857431756,0.22957152364717057,0,-0.0019178145475315933,0.0029518481579347,-0.0,0.9407498753794387
2024-12-30,59.10433197021485,141.5802001953125,19.837251243772023,0.21725840068674843,0,-0.006725408965357005,-0.0076526020483300705,-0.0,0.9407498753794387
2024-12-31,59.32348251342773,141.89747619628906,19.968405708961818,0.38317912494799655,0,0.003707859236499189,0.0022409630763262633,0.0,0.9407498753794387
2025-01-02,58.92329788208008,140.17112731933594,20.04702164873786,0.5000413158403444,0,-0.006745804770599384,-0.012166170415638944,-0.0,0.9407498753794387
2025-01-03,58.83754348754883,139.64854431152344,20.106204958248085,0.5889372925288646,0,-0.0014553563295602867,-0.003728178675640903,-0.0,0.9407498753794387
2025-01-06,57.94187927246094,136.49444580078125,20.08532578139019,0.6069681388653163,0,-0.015222665019613335,-0.022585974857755264,-0.0,0.9407498753794387
2025-01-07,57.970462799072266,135.6825714111328,20.33908159306735,0.8562242756275794,0,0.0004933137649354435,-0.005948039752719292,0.0,0.9407498753794387
2025-01-08,58.79943084716797,136.7463836669922,20.873002723084234,1.34168193811233,0,0.014299834917118615,0.007840448812220124,0.0,0.9407498753794387
2025-01-10,58.18961334228516,133.10702514648438,21.272556476471337,1.7068055204544597,0,-0.010371146388607921,-0.02661392881416491,-0.0,0.9407498753794387
2025-01-13,58.74225997924805,134.84274291992188,21.34380409129787,1.773556675508284,0,0.009497341625421818,0.0130400162690687,0.0,0.9407498753794387
2025-01-14,59.113861083984375,135.26266479492188,21.59894042100438,2.0352763468557713,-1,0.006325958600632786,0.003114159990422083,0.0,0.9407498753794387
2025-01-15,58.85659790039063,135.10400390625,21.38568162442953,1.832060062429862,-1,-0.004351994251030944,-0.0011729836086877832,0.00402666880305448,0.9445379635541066
2025-01-16,59.313961029052734,136.7463836669922,21.387532904969,1.8554519288965612,-1,0.007770804718209234,0.012156410715124633,-0.0043992403311262605,0.9403827140505595
2025-01-17,59.75225830078125,138.3421173095703,21.38325556757438,1.8146631878586876,-1,0.00738944531986041,0.011669293181924889,-0.0041529823344779076,0.9364773212514591
2025-01-21,59.4759407043457,138.62205505371094,21.029297609122217,1.4872864974404778,-1,-0.004624387500881011,0.0020235178525871422,0.0051856074932198,0.9413335250657711
2025-01-22,58.86612701416016,138.1927947998047,20.538538680969346,1.0246959657226806,-1,-0.010253115511311028,-0.0030966230715590015,0.009394271209900735,0.9501766674992107
2025-01-23,58.6279182434082,138.6873779296875,20.163157935179534,0.6726998630113852,-1,-0.004046618706453398,0.003578935722367449,0.005039231781806327,0.9549648279604036
2025-01-24,58.9995231628418,139.1539764404297,20.405352376574,0.8669784479977183,-1,0.006338361152288918,0.003364390600698597,-0.005405251881849483,0.9498030025269706
2025-01-27,60.85755157470703,144.2770538330078,20.84250206906559,1.2210430452994012,-1,0.03149226150077489,0.03681588930210178,-0.02128142343692762,0.9295898426485288
2025-01-28,59.41876983642578,140.20843505859375,20.532146351086915,0.9194273125294666,-1,-0.023641794667257354,-0.028200040590815267,0.01582055081507378,0.9442964659913263
2025-01-29,59.86660385131836,140.32041931152344,20.9489216819699,1.249520826540231,-1,0.007536911587456618,0.0007986984012973153,-0.007315393645282803,0.9373885656247504
2025-01-30,61.0290641784668,141.74815368652344,21.715401774016946,1.8225443706258282,-1,0.01941750913473328,0.010174815483057431,-0.016595537556795756,0.9218320984786139
2025-01-31,60.48594284057617,140.61904907226562,21.485436103200513,1.5632553912577443,-1,-0.008899388270191766,-0.007965568403485723,0.006690148439338411,0.9279992920535827
2025-02-03,60.36207962036133,140.22711181640625,21.47027616101677,1.4902851588442134,-1,-0.00204780176017616,-0.002787227324072994,0.0012747679589360267,0.9291822758170079
2025-02-04,59.71414566040039,133.90025329589844,22.5770880195166,2.242433281448511,-1,-0.0107341225490577,-0.045118653864819724,-0.0017794762531353012,0.9275288180223572
2025-02-05,60.1429328918457,135.9252166748047,22.444254343815928,2.037143279796322,-1,0.007180664258078284,0.015122924184701958,-0.002986341295111975,0.9247589004106906
2025-02-06,60.3716049194336,135.6359405517578,22.753156720423277,2.1531015125923396,-1,0.003802142938374997,-0.0021282005658961323,-0.0043923965423946325,0.9206969926139781
2025-02-07,60.82896423339844,134.91737365722656,23.409809609450043,2.4716608313803388,-1,0.007575735556064611,-0.005297761726045236,-0.009045062743616963,0.9123692305479252
2025-02-10,61.50548553466797,134.7027587890625,24.145854059731,2.7767402098188017,-1,0.011121696872459452,-0.001590713355489104,-0.011562879111617562,0.9018196154299399
2025-02-11,64.41162872314453,135.9065399169922,26.71813014912044,3.889305030201478,-1,0.047250146279042005,0.0089365736734075,-0.04477159942455667,0.8614437088547029
2025-02-12,65.46926879882812,134.3668212890625,28.20280914391502,4.055415773096078,-1,0.016420017575235812,-0.011329246030912898,-0.01956216893433749,0.844592001494665
2025-02-13,66.22201538085938,134.91737365722656,28.80286075691098,3.8080294468845595,-1,0.01149770870886413,0.004097383289135559,-0.010361304888557972,0.8358409262607412
2025-02-14,65.62174224853516,133.80691528320312,28.510571781665085,3.288778717032102,-1,-0.009064555478595748,-0.008230655133005249,0.006781794194931957,0.8415094274023429
2025-02-18,65.79325103759766,134.46946716308594,28.498322685677806,2.989916617204377,-1,0.002613597005896695,0.004951551857245384,-0.001240290666229153,0.840465711113992
2025-02-19,66.76512908935547,136.06517028808594,29.027634592322293,2.910370161748052,-1,0.014771698258267074,0.011866657603876174,-0.011480496512248566,0.8308167474488833
2025-02-20,66.73654174804688,139.1352996826172,28.147550935784764,2.414208930084843,-1,-0.00042817772838177337,0.022563668483499333,0.006686181252914129,0.8363717388102833
2025-02-21,67.98475646972656,143.24124145507812,28.256988153160314,2.29837818539968,-1,0.01870361707371826,0.029510424614221042,-0.010518939950789676,0.8275739947132004
2025-02-24,67.2605972290039,143.56787109375,27.442238615406836,1.9248399971804078,-1,-0.010651788405612983,0.002280276513620727,0.011284220072014323,0.8369125217954201
2025-02-25,68.11815643310547,145.96609497070312,27.63465360833699,1.8911668334951959,-1,0.012749800617764429,0.01670446081482302,-0.008116840568248455,0.8301194362864359
2025-02-26,67.46070098876953,141.3842315673828,28.247971901342254,1.9785749074018237,-1,-0.009651691689301356,-0.03138991561184079,0.0009457402312161196,0.8309045136340464
2025-02-27,67.52739715576172,141.86013793945312,28.182676067302282,1.86480313644598,-1,0.0009886669722463104,0.0033660498543184314,-5.509751001631503e-05,0.8308587328642838
2025-02-28,67.85135650634766,143.21322631835938,28.131358150789943,1.766380576358998,-1,0.004797450579039575,0.009538185980643599,-0.002152047349145302,0.829070685530709
2025-03-03,68.90900421142578,145.56483459472656,28.53679041968634,1.8011311520052982,-1,0.015587716436872956,0.016420328881772583,-0.011033560002104386,0.81992308437592
2025-03-04,66.87946319580078,143.88511657714844,26.973116968190446,1.301672308285848,-1,-0.02945247923475991,-0.011539311827988508,0.026252066405479117,0.8414477596343418
2025-03-05,66.77465057373047,143.5958709716797,26.948526231129776,1.2518866938277071,-1,-0.0015671869518966153,-0.002010253821587371,0.001009645720961663,0.8422973237642694
2025-03-06,67.13673400878906,144.2770538330078,27.12168450314762,1.257375668652396,-1,0.005422468435964278,0.004743749640701456,-0.004106795765417896,0.8388381806818114
2025-03-07,68.06098175048828,145.39263916015625,27.736526134119906,1.3827396331727606,-1,0.013766647355503148,0.007732243607078804,-0.011622119847441766,0.8290891028133174
2025-03-10,68.08003234863281,147.0966033935547,27.282984512338736,1.2133194473681668,-1,0.00027990483908046926,0.011719742094518537,0.0029705500852923957,0.8315519535183944
2025-03-11,67.68937683105469,143.40626525878906,27.91583938142349,1.3467022548328624,-1,-0.005738180551642658,-0.02508785416949555,-0.001219902524718348,0.8305375411908628
2025-03-12,66.64126586914062,139.48992919921875,27.953919030844062,1.3111825155956527,-1,-0.015484127805313275,-0.027309379074219264,0.007909907743347995,0.8371070165190696
2025-03-13,66.33634948730469,139.6499786376953,27.604613149542722,1.1716202083785552,-1,-0.004575489043600722,0.0011473906352621466,0.004893716314345145,0.8412035807826618
2025-03-14,66.38434600830078,139.8853302001953,27.587335226859317,1.1288448095831496,-1,0.0007235327443708695,0.001685296086658239,-0.00025611811018137585,0.840988133311274
2025-03-17,67.30582427978516,142.47422790527344,27.790786153859322,1.1481484142543315,-1,0.013880957287266904,0.018507285226928794,-0.008747986278392905,0.8336311806607757
2025-03-18,66.59552001953125,140.2619171142578,27.694063356994725,1.0839065396929821,-1,-0.010553384760599971,-0.015527796314758868,0.006246771049401212,0.8388386837860056
2025-03-19,66.49952697753906,139.4334716796875,27.827838557396944,1.0851593816230352,-1,-0.0014414339277482036,-0.005906417448261925,-0.0001967031170152791,0.8386736816022319
2025-03-20,66.91226196289062,138.52969360351562,28.491235193366833,1.2299808664287757,-1,0.0062065852812902556,-0.006481787086590418,-0.008004300332050492,0.8319606855741012
2025-03-21,65.91400909423828,136.92929077148438,27.93685192733905,1.0386143072195524,-1,-0.014918833101262852,-0.011552778255698337,0.011714685376119152,0.8417068432509022
2025-03-24,66.18277740478516,137.87069702148438,27.944522463167907,1.0069230347701483,-1,0.004077559751563875,0.006875126897217809,-0.0021707524260680304,0.8398797060788772
2025-03-25,66.04838562011719,137.01400756835938,28.047732361976472,1.0025680025790134,-1,-0.0020306156667618813,-0.006213716704366101,0.00030724958093211806,0.8401377587666033
2025-03-26,67.2098159790039,139.93240356445312,28.399749462425554,1.067394172853064,-1,0.01758453818336725,0.021299982738171463,-0.011677016224097485,0.8303274565270089
2025-03-27,67.90093231201172,140.90206909179688,28.82193034762831,1.1506640866542535,-1,0.010282967196692194,0.006929528133897245,-0.008361071760363317,0.8233850290783866
2025-03-28,67.54579162597656,140.5255126953125,28.571227078678405,1.0457031362803215,-1,-0.005230277021871288,-0.0026724688921285766,0.004489071319510695,0.8270812631973369
2025-03-31,68.74562072753906,141.15625,29.5961220254214,1.3000814242430065,-1,0.017763195495677175,0.004488418455765197,-0.016518338590591212,0.8134192548499093
2025-04-01,68.98558807373047,140.90206909179688,29.90658610934706,1.3466453416981021,-1,0.0034906564760317504,-0.0018007060133938824,-0.003990079900316961,0.8101736470306019
2025-04-02,68.46725463867188,140.38430786132812,29.531853064779455,1.2006632098051986,-1,-0.0075136481333552,-0.003674617653282475,0.006494497801379387,0.8154353179999777
2025-04-03,70.2430191040039,142.5024871826172,30.720143304991034,1.499869516724181,-1,0.025935967123312142,0.015088433697172166,-0.021751210051312638,0.7976986131149013
2025-04-04,67.12344360351562,138.0213165283203,28.843414541465258,0.919644508327282,-1,-0.044411181926411025,-0.0314462627487635,0.035689602664641405,0.8261681596631076
2025-04-07,65.62605285644531,134.80169677734375,28.238981061693906,0.7131293713320224,-1,-0.022308014408722654,-0.023326974643919862,0.015838308933077954,0.8392532662065245
2025-04-08,65.6740493774414,132.08099365234375,29.041560985557638,0.925177844204401,-1,0.0007313638243806597,-0.02018300355294389,-0.006329093088234106,0.8339415541600989
2025-04-09,67.14263153076172,137.0610809326172,29.128922537484122,0.9217508022253763,-1,0.022361681169986714,0.03770479871904775,-0.011904305258435027,0.8240140593316834
2025-04-10,67.9201431274414,135.69602966308594,30.285029293108863,1.2379480538547438,-1,0.011579998861430685,-0.009959437502191748,-0.014342235642061212,0.812195855520377
2025-04-11,68.563232421875,135.96900939941406,30.85240801976326,1.3696934139783814,-1,0.009468314771170938,0.002011700246542958,-0.008910372376193151,0.8049588880052896
2025-04-14,69.54229736328125,138.1531219482422,31.225712242847614,1.4396437506116992,-1,0.014279737212242072,0.016063311474250774,-0.009824599081887288,0.7970504896532358
2025-04-15,68.97599029541016,134.47216796875,31.680312878621834,1.5318702029152105,-1,-0.008143347133224066,-0.026644015912077768,0.0007536646617140128,0.7976511984408894
2025-04-16,68.80320739746094,131.88328552246094,32.22555309315207,1.6512484997094443,-1,-0.002504971617068863,-0.019252180472695946,-0.00283459510015935,0.7953901802621526
2025-04-17,70.07023620605469,134.47216796875,32.774558789266365,1.7742971768110007,-1,0.0184152579003245,0.019630102753605883,-0.012970874939777378,0.7850732737056453
2025-04-21,69.84945678710938,133.42721557617188,32.84359553033531,1.758567624741858,-1,-0.0031508302369078756,-0.0077707707725881425,0.000995617270596477,0.7858549062156304
2025-04-22,70.93411254882812,135.0558624267578,33.47654824834737,1.9161908455903878,-1,0.015528478124384293,0.012206256748692912,-0.01214308900600896,0.7763122001436452
2025-04-23,70.35819244384766,133.92616271972656,33.21394885863245,1.7903499663328843,-1,-0.008119085222699107,-0.008364684706995917,0.005799151014471274,0.7808141518266547
2025-04-24,69.6094970703125,127.38330841064452,34.27990544901354,2.094514607357966,-1,-0.010641196817736343,-0.04885419081837339,-0.002908448203556853,0.7785431943094627
2025-04-25,69.02398681640625,125.5663604736328,34.198323295363956,2.0222934399516674,-1,-0.008411355900399986,-0.014263626527538764,0.00445535800284058,0.7820118829607865
2025-04-28,68.90879821777344,125.9240951538086,33.9839174576982,1.9030395336260388,-1,-0.0016688198399665843,0.0028489690935249445,0.002458977639067426,0.7839348326944721
2025-04-29,69.44631958007812,126.44186401367188,34.37783631350945,1.9975888808698674,-1,0.007800475065694146,0.004111753665816398,-0.006660085640477008,0.7787137595721738
2025-04-30,69.63829803466797,127.63748931884766,34.23820967563474,1.9218250919255888,-1,0.002764415101486728,0.00945592912997939,-0.00014182570001534597,0.7786033179481109
2025-05-01,68.42886352539062,125.72639465332033,33.55881473688783,1.648550222314664,-1,-0.017367376047519922,-0.014972831851567392,0.013214680994059919,0.7888923124157118
2025-05-02,68.77440643310547,125.91468048095705,33.8521368200576,1.7327291190030023,-1,0.005049666031449185,0.001497583925442969,-0.004634313116183713,0.7852363384250272
2025-05-05,68.82240295410156,124.25779724121094,34.35966770984006,1.8938073295327635,-1,0.0006978834640001264,-0.013158777303943436,-0.004347452894912247,0.781822560432351
2025-05-06,68.84160614013672,123.0810317993164,34.705245230275196,1.982131788678095,-1,0.0002790252186917197,-0.009470354923564073,-0.002905615594878855,0.7795508846083306
2025-05-07,69.49430084228516,124.19189453125,35.04984362721529,2.053456522881284,-1,0.009481107991870186,0.009025458396748398,-0.006977909077266558,0.7741112494144309
2025-05-08,68.31366729736328,123.7305908203125,33.99715205462996,1.5782583900641822,-1,-0.016988926150955597,-0.00371444298099044,0.015958730317165912,0.7864650820793202
2025-05-09,67.68976593017578,122.79859924316406,33.6317373151331,1.3830444372200448,-1,-0.009132892316726537,-0.007532426467613984,0.007043783827250157,0.7920047721051675
2025-05-12,66.739501953125,123.9659423828125,32.35771226671217,0.866874645827924,-1,-0.0140385176989829,0.00950616006080729,0.01667503858249105,0.8052114822375381
2025-05-13,66.19236755371094,122.67619323730467,32.16828808202906,0.7696087001247602,-1,-0.008198059371170463,-0.010404060346873467,0.005312507034333259,0.8094891739010509
2025-05-14,66.38434600830078,120.9251708984375,32.84591025967657,0.9954004226633831,-1,0.0029003110431737866,-0.014273530117453137,-0.00685905568825942,0.8039368425782205
2025-05-15,68.73601531982422,123.79650115966795,34.40121993189681,1.5232589388796447,-1,0.03542505805855778,0.023744686403147863,-0.028839500780561033,0.7807517053791642
2025-05-16,69.1103515625,124.24836730957033,34.650231697270776,1.5513758936111015,-1,0.00544599859235384,0.0036500720591414737,-0.004433655948354761,0.7772901209364217
2025-05-19,69.04317474365234,124.06951141357422,34.632660323935916,1.4851360495994508,-1,-0.0009720225310517749,-0.0014395029879988863,0.0005727782867455051,0.7777353358401958
2025-05-20,68.81282043457031,124.07893371582033,34.399692751824055,1.3519112484918137,-1,-0.0033363806044161004,7.594373620678496e-05,0.0033574434989181966,0.7803465382873914
2025-05-21,68.96638488769531,122.52557373046876,34.984079536446544,1.5036041986996966,-1,0.002231625620853883,-0.01251912745244288,-0.005703789013909863,0.7758956062752652
2025-05-22,68.28487396240234,122.4973373413086,34.31039993623325,1.2200526606052746,-1,-0.00988178409529139,-0.00023045302544177915,0.009817868254367364,0.7835132471168181
2025-05-23,68.88958740234375,121.76301574707033,35.11877649630266,1.4501292366986636,-1,0.008855745128479864,-0.005994592292175804,-0.010518337349244167,0.7752719904660418
2025-05-27,68.8991928100586,123.67411041259766,34.598342333487075,1.2244408303741907,-1,0.00013943192399668014,0.01569519819956744,0.004213610477905077,0.7785386846482959
2025-05-28,68.29448699951172,123.01512145996094,34.176406234844286,1.0416677346577226,-1,-0.008776674818439911,-0.005328430909575355,0.007298841573516332,0.7842211151663975
2025-05-29,68.62083435058594,124.19189453125,34.17637713551607,1.0099255483489575,-1,0.0047785314073236496,0.009566084700181277,-0.0021253905045715963,0.7825543390547383
2025-05-30,69.20635223388672,123.74942779541016,34.884612581096185,1.221807844849825,-1,0.008532654679034524,-0.0035627666162102445,-0.009520783274242111,0.7751038087922804
2025-06-02,69.1103515625,123.2410659790039,34.929605385177986,1.2011936909672936,-1,-0.0013871656038492164,-0.004107993268839261,0.0002478191197457444,0.7752958943358867
2025-06-03,68.30408477783203,124.1259994506836,33.87790347595135,0.7975068059787918,-1,-0.011666367865873495,0.007180508093223237,0.013657872261011426,0.7858847866252129
2025-06-04,68.50565338134766,124.02245330810548,34.108190464763204,0.8529817623448301,-1,0.0029510475716241213,-0.0008342018838627396,-0.003182412357594197,0.7833837771686115
2025-06-05,68.06410217285156,123.42935180664062,33.83113517098447,0.7245826106129796,-1,-0.006445471091825472,-0.004782210685604138,0.005119131301491622,0.787394021583396
2025-06-06,68.4864501953125,123.75579833984376,34.162943680473454,0.819990772658994,-1,0.00620515086481821,0.002644804727764738,-0.005471617781749056,0.7830857024536574
2025-06-09,68.88958740234375,123.6891860961914,34.584555704924504,0.9502356504694792,-1,0.005886379070335401,-0.0005382555366774122,-0.0060356635294688795,0.7783592606389094
2025-06-10,69.44631958007812,125.46894073486328,34.64767529436206,0.9468396108008295,-1,0.00808151418418035,0.014388926751347286,-0.004090764435750955,0.7751751762572503
2025-06-11,69.17755126953125,123.6320571899414,34.888364198482336,1.012122080653938,-1,-0.003870159170018539,-0.01464014547475545,-0.00019026575812139315,0.7750276869646628
2025-06-12,69.34072875976562,125.9162826538086,34.41801478620257,0.8004392772773494,-1,0.0023588214274685715,0.018475996564206953,0.002765471712302077,0.7771710041092145
2025-06-13,68.65437316894531,124.53622436523438,34.114416531152955,0.6521792696377399,-1,-0.009898303682359999,-0.01096012572391869,0.006858527350787,0.7825012526971362
2025-06-16,68.17103576660156,125.0692138671875,33.48325519742143,0.3621529889468531,0,-0.007040154618473404,0.004279794932517067,0.008227150066113213,0.7889390079299972
2025-06-17,67.30101776123047,123.05148315429688,33.17285212887059,0.198746885718002,0,-0.012762282332775321,-0.01613291273289108,-0.0,0.7889390079299972
2025-06-18,66.90467071533203,122.84210968017578,32.834574538298156,0.012779116008552882,0,-0.005889168679507839,-0.001701511178524795,-0.0,0.7889390079299972
2025-06-20,66.5469970703125,122.84210968017578,32.476900893278625,-0.19507895973055014,0,-0.005346019062575924,0.0,-0.0,0.7889390079299972
2025-06-23,67.41702270507812,122.86114501953124,33.341647101923265,0.1906350020925032,0,0.01307385266154637,0.00015495776981544473,0.0,0.7889390079299972
2025-06-24,67.87135314941406,124.72657775878906,33.27860225041179,0.12628370008550371,0,0.006739105734814954,0.015183260248480268,0.0,0.7889390079299972
2025-06-25,67.31068420410156,121.84278869628906,33.51774837640874,0.21881194234623746,0,-0.008260759794757933,-0.0231208866171011,-0.0,0.7889390079299972
2025-06-26,67.15602111816406,122.03313446044922,33.31029314526377,0.07308744020429932,0,-0.002297749425165918,0.0015622242907999961,-0.0,0.7889390079299972
2025-06-27,67.98735809326172,124.71704864501952,33.39725008132362,0.09224444090852402,0,0.012379187469056196,0.02199332334154014,0.0,0.7889390079299972
2025-06-30,68.39337158203125,125.66880798339844,33.539294380045995,0.14226565362465243,0,0.005971896837241086,0.007631349111603125,0.0,0.7889390079299972
2025-07-01,69.2827377319336,128.73342895507812,33.57869196849069,0.14025841405282435,0,0.01300368923669204,0.02438648874655147,0.0,0.7889390079299972
2025-07-02,68.54804229736328,129.89456176757812,32.52195788854722,-0.5996842035829859,0,-0.010604307200055674,0.009019668177293605,-0.0,0.7889390079299972
2025-07-03,68.973388671875,128.84765625,33.237662119701234,-0.19696350488605063,0,0.006205084204543132,-0.008059656257598857,0.0,0.7889390079299972
2025-07-07,68.64472198486328,127.9625244140625,33.15448557331197,-0.34652813220623163,0,-0.004765123090809342,-0.0068695998180990925,-0.0,0.7889390079299972
2025-07-08,67.90036010742188,128.5240478515625,32.25438591530743,-1.293890111572335,0,-0.01084368697138205,0.004388186620037482,-0.0,0.7889390079299972
2025-07-09,67.16567993164062,127.99107360839844,31.667525438909053,-1.9861863188158846,0,-0.010819974660207232,-0.004146883420444558,-0.0,0.7889390079299972
2025-07-10,67.44600677490234,129.5138702392578,31.525506656501214,-2.2037163726223437,1,0.004173661958712049,0.011897678392155164,0.0,0.7889390079299972
2025-07-11,67.54268646240234,128.73342895507812,31.838640698959438,-1.9365010563350065,1,0.0014334382734126905,-0.006025928209371978,0.0031047214692461198,0.7913884438058432
2025-07-14,67.15602111816406,129.0284881591797,31.3701410758421,-2.3978977795836482,1,-0.005724755180614882,0.002292016972565314,-0.0063604430477314814,0.7863548626803832
2025-07-15,67.04967498779297,127.35340118408205,31.72837809611095,-1.9833585626611756,1,-0.0015835680643433436,-0.012982303357930713,0.002017056551724356,0.787940984908133
2025-07-16,66.9626693725586,128.819091796875,31.234865133569997,-2.3612730580429657,1,-0.001297629186871041,0.011508845458115369,-0.00448959220887935,0.7844034512012328
2025-07-17,68.23870849609375,138.42222595214844,29.84748773712719,-3.3293039179248,1,0.01905597753930155,0.07454744495804921,-0.001619657437055045,0.783132986317843
2025-07-18,67.52335357666016,136.32839965820312,29.712852762983104,-3.0999697471825356,1,-0.01048312512354399,-0.015126373525225167,-0.006287845490558914,0.7782087671013164
2025-07-21,67.73602294921875,134.86270141601562,30.332031598850733,-2.423971065005413,1,0.003149567687231958,-0.010751231921318216,0.006131407599738938,0.7829802822501049
2025-07-22,67.33968353271484,138.99327087402344,28.790084222123426,-3.224140480609271,1,-0.005851235417246747,0.030627960248742925,-0.014345859566065326,0.7717477570779466
2025-07-23,66.8563461303711,138.63162231445312,28.407049568071166,-3.131853479368534,1,-0.0071776013338247235,-0.0026019141595573503,-0.006455963892956097,0.7667653814237816
2025-07-24,66.79832458496094,137.53709411621094,28.652593966616834,-2.728135387961022,1,-0.0008678539700182064,-0.007895227509921998,0.0013218769073082663,0.7677789508748091
2025-07-25,66.86600494384766,136.5282440185547,29.000077561908775,-2.354832430816034,1,0.0010132044374950855,-0.007335112786400977,0.0030475882392119184,0.7701188249758097
2025-07-28,65.82197570800781,134.73898315429688,28.45229745342256,-2.480859226722256,1,-0.015613752260458691,-0.013105426478748572,-0.011978979610147666,0.7608935872740336
2025-07-29,67.06900024414062,136.947021484375,29.086925487539915,-2.020688752585748,1,0.01894541333223909,0.016387524073486537,0.014400355267535027,0.7718507252515688
2025-07-30,66.45999908447266,135.9667205810547,28.74980948309691,-2.0760587023412107,1,-0.00908021824466021,-0.00715824917325536,-0.007094887331450235,0.7663745313192107
2025-07-31,65.62863159179688,131.26507568359375,29.22243696627919,-1.7536546756329077,1,-0.01250929136515766,-0.034579379993636916,-0.002918746191416348,0.7641376785747244
2025-08-01,66.56632995605469,132.5594482421875,29.801142818319356,-1.4126029640586584,1,0.0142879463050547,0.009860753531379052,0.011553079392830647,0.7729658218423515
2025-08-04,66.66299438476562,132.82594299316406,29.823895281336405,-1.3529881869837543,1,0.0014521519929784343,0.002010379150716446,0.0008945760021757748,0.7736572985170737
2025-08-05,66.75000762939453,132.72125244140625,29.93994431162954,-1.2510570585218455,1,0.0013052705692560007,-0.0007881784943413184,0.0015238708291896027,0.7748362523060734
2025-08-06,67.19467163085938,134.00611877441406,30.028252339933545,-1.1680906249379317,1,0.006661632219335134,0.009680938880342937,0.003976636662062493,0.7779174945540888
2025-08-07,68.08403778076172,136.97557067871094,30.094044942980744,-1.1065165226927054,1,0.01323566479777094,0.02215907699927988,0.007089874184720275,0.7834328317165701
2025-08-08,67.99702453613281,138.20333862304688,29.66651188755153,-1.2719637688118421,1,-0.0012780270892437384,0.008963408133672024,-0.003764016445689123,0.7804839776538961
2025-08-11,68.39337158203125,137.87973022460938,30.15261129350929,-1.014384301619532,1,0.005828888081534034,-0.0023415382121856343,0.006478310598772345,0.7855401952785033
2025-08-12,68.35470581054688,139.78321838378906,29.586015605940418,-1.2338614050683963,1,-0.0005653438423927071,0.013805424162629754,-0.004394259921822824,0.78208832748141
2025-08-13,68.11302947998047,142.14356994628906,28.689698900380805,-1.5840803650737503,1,-0.0035356209598245147,0.01688580066900025,-0.008218875377359998,0.7756604409837524
2025-08-14,67.23335266113281,141.44879150390625,28.00271796094568,-1.8145104031728823,1,-0.012914956588536475,-0.004887864028216948,-0.011559313983771847,0.7666943384016303
2025-08-15,67.59101867675781,143.1428985595703,27.890525631814647,-1.7829602970501943,1,0.005319770641629251,0.011976822407968601,0.0019980148333227786,0.7682262050623813
2025-08-18,66.82733154296875,142.33392333984375,27.351206702159168,-1.9306355683701466,1,-0.011298648085794727,-0.005651521855901898,-0.009731205995468433,0.7607504376098023
2025-08-19,67.79402923583984,144.81797790527344,27.628955156259188,-1.7335057296568441,1,0.014465603676686145,0.017452301651930346,0.009625230962964911,0.7680728362769733
2025-08-20,68.34503173828125,143.4569854736328,28.55742710434049,-1.296489429469046,1,0.008127596318616703,-0.009397952183332281,0.010734105890838485,0.776317411433447
2025-08-21,68.30638122558594,141.79141235351562,28.980721087225852,-1.0800754222482432,1,-0.0005655204440216943,-0.011610261533226751,0.002654570191896356,0.7783782004932883
2025-08-22,67.79402923583984,142.41957092285156,28.294150151489475,-1.3277339913514348,1,-0.007500792467017403,0.004430159477992968,-0.008729491321895313,0.7715833547469297
2025-08-25,66.63400268554688,141.04905700683594,27.514233817898123,-1.59762775283042,1,-0.01711104301320554,-0.009623072918524822,-0.014442096503687392,0.7604400734770357
2025-08-26,66.44066619873047,139.90696716308594,27.63765443433143,-1.4953595888104863,1,-0.002901468905129101,-0.008097110806594365,-0.0006557459632567501,0.7599414179685544
2025-08-27,66.5373306274414,140.51608276367188,27.565381459175526,-1.4787355869787446,1,0.0014548985469502451,0.004353718852871058,0.00024740039805594763,0.760129427777859
2025-08-28,66.08299255371094,139.887939453125,27.285258099430436,-1.5385603989642513,1,-0.006828318320649451,-0.00447025919163524,-0.005588497863382746,0.755881446094828
2025-08-29,66.6919937133789,141.4773406982422,27.45344093201151,-1.418091154634588,1,0.009215701894447204,0.011361960518760705,0.006064477215534762,0.7604654719023155
2025-09-02,66.7596664428711,143.02867126464844,27.090854186658788,-1.5141343353606704,1,0.0010147054499978214,0.010965222831796684,-0.0020264845576841283,0.7589244003668535
2025-09-03,66.6919937133789,141.4678192138672,27.456081703073238,-1.3186391211905715,1,-0.0010136768665568452,-0.010912861295433451,0.0020129907384692303,0.7604521081559902
2025-09-04,65.97665405273438,139.80227661132812,27.20267807399957,-1.384310425429064,1,-0.01072602003351164,-0.011773296653574183,-0.007460711823221634,0.754778594121677
2025-09-05,65.6963119506836,140.68931579589844,26.676316830713006,-1.5603994825301308,1,-0.004249110629749531,0.006344955218693826,-0.0060088755434479935,0.7502432234867412
2025-09-08,65.1839599609375,136.1915740966797,27.411407535257993,-1.219038660868399,1,-0.007798793791205516,-0.031969319587449974,0.001067854590969964,0.7510443741572856
2025-09-09,65.5996322631836,137.52745056152344,27.456576271940463,-1.1694508233562642,1,0.006376910861125795,0.00980880405931317,0.003656452066071326,0.7537905319108843
2025-09-10,65.56097412109375,137.10458374023438,27.535199681827415,-1.105115075708534,1,-0.0005893042499803824,-0.0030747812132232433,0.00026348224099241645,0.753989142329471
2025-09-11,65.36764526367188,138.61343383789062,26.923393251220624,-1.3392377905327988,1,-0.002948840526145746,0.01100510323210635,-0.0060010913099546,0.7494643846396375
2025-09-12,64.77794647216797,137.94070434570312,26.520275092039206,-1.4721889851128527,1,-0.009021264099773663,-0.004853277734784833,-0.007675213957615767,0.7437120851339155
2025-09-15,64.49546813964844,135.1632537841797,27.008118988634983,-1.2121861695957774,1,-0.0043607176192425046,-0.020135104969180584,0.0012237270359388153,0.7446221857194483
2025-09-16,64.5246810913086,134.57699584960938,27.19992980081188,-1.0891885036121611,1,0.0004529458038338152,-0.004337406197000959,0.00165591965926031,0.7458552202355024
2025-09-17,65.30397033691406,135.73025512695312,27.659364115576004,-0.8528803414703209,1,0.0120773823663336,0.008569512716961825,0.009700639381233913,0.7530904927576179
2025-09-18,64.73898315429688,135.24974060058594,27.227646999472775,-1.0255757168345778,1,-0.008651651342212796,-0.003540216777149219,-0.007669776914957761,0.7473144566813913
2025-09-19,64.70975494384766,136.2396240234375,26.923875934717245,-1.1432071227214777,1,-0.0004514777499602385,0.007318930287451231,-0.0024813733570584833,0.7454600904992374
2025-09-22,64.49546813964844,135.5380401611328,26.904172484118902,-1.126587542751973,1,-0.0033115069649880535,-0.005149631521179088,-0.001883263493269409,0.7440561927251109
2025-09-23,64.9825210571289,136.37416076660156,27.159328460736937,-0.978263642973068,1,0.007551738618686743,0.006168899922669224,0.00584080240781381,0.7484020779271285
2025-09-24,64.729248046875,136.6336669921875,26.83408174303637,-1.1276688844550267,1,-0.0038975559294051054,0.0019028987905564954,-0.0044253223848837175,0.7450901574587842
2025-09-25,64.27141571044922,134.47128295898438,26.975983749945478,-1.040009532580485,1,-0.007073036536655475,-0.015826143591145536,-0.0026836766040908176,0.7430905764352737
2025-09-26,63.96944046020508,134.97103881835938,26.535401875000147,-1.2584283328428447,1,-0.004698437818836609,0.0037164504448687907,-0.005729190420070173,0.7388332690235163
2025-09-29,64.32986450195312,134.71153259277344,26.96779962419486,-1.0028302913004536,1,0.005634315997687489,-0.0019226808051405753,0.006167568968671328,0.7433900741665678
2025-09-30,64.60260772705078,134.97103881835938,27.16856914184585,-0.8742955290781468,1,0.004239760602781528,0.001926384627887856,0.0037054803814716318,0.7461446915021727
2025-10-01,65.05069732666016,137.56588745117188,26.896980915057284,-1.031710731284409,1,0.00693609151975072,0.01922522531892623,0.0016040007786661268,0.7473415081683398
2025-10-02,64.3883056640625,136.76821899414062,26.45582154095741,-1.299484306185253,1,-0.010182698876714191,-0.005798446633903942,-0.008574507394096022,0.7409334228806355
2025-10-03,64.92406463623047,136.4510498046875,27.079546967114112,-0.8546736652982626,1,0.00832074965543006,-0.002319026977069205,0.008963928711468646,0.747575097263282
2025-10-06,64.3883056640625,134.2598419189453,27.151516595549616,-0.7885107237159015,1,-0.008252086112750745,-0.016058563777110013,-0.0037982647499004126,0.7447356091234435
2025-10-07,65.06044006347656,135.30738830566406,27.5331153941153,-0.48069722478768334,0,0.010438765121741689,0.007802380605744785,0.008274785210132862,0.7508981363272774
2025-10-08,64.40779876708984,133.43331909179688,27.400244708353135,-0.5653739534640078,0,-0.010031307746304341,-0.0138504573721695,-0.0,0.7508981363272774
2025-10-09,64.65132141113281,139.0747528076172,26.079123194340113,-1.656413317672085,0,0.0037809496474734416,0.04227904809846805,-0.0,0.7508981363272774
2025-10-10,65.30397033691406,144.23562622070312,25.30041072459406,-2.216207378549303,1,0.01009490465988927,0.037108629056670006,-0.0,0.7508981363272774
2025-10-13,65.07018280029297,143.0919647216797,25.38381618772806,-2.048863762494668,1,-0.0035799896302620704,-0.007929119379101679,-0.0013808588879741647,0.7498612519617667
2025-10-14,65.76179504394531,145.63876342773438,25.369077188433366,-1.9976559739524877,1,0.010628712167214394,0.017798334875115618,0.005692367598035243,0.7541297378554559
2025-10-15,65.34293365478516,145.27359008789062,25.051496140698127,-2.135544504156893,1,-0.006369372808030183,-0.0025073911041887387,-0.005673951211188822,0.7498508425159573
2025-10-16,65.8397216796875,146.7247772216797,25.145799338957616,-1.9537433753599511,1,0.007602781159580907,0.009989338963201089,0.004832251248401951,0.7534743101858205
2025-10-17,66.66771697998047,147.72427368164062,25.696585621853117,-1.465035576681362,1,0.012575923457289084,0.006812049599849379,0.010686610536550085,0.7615263966880721
2025-10-20,66.66771697998047,147.65701293945312,25.715240299481437,-1.3986728530402481,1,0.0,-0.00045531272898624575,0.00012628038143904134,0.7616225625319217
2025-10-21,69.37572479248047,147.21490478515625,28.54586622214547,0.7661296594867532,0,0.040619477239833834,-0.0029941561561871444,0.04144990247818202,0.793191743474053
2025-10-22,68.97633361816406,147.0707550048828,28.186454798181778,0.5077537854866708,0,-0.0057569297547677145,-0.0009791792514746156,-0.0,0.793191743474053
2025-10-23,68.12887573242188,145.6099395751953,27.744152134178506,0.18040945407921974,0,-0.012286212404873598,-0.00993273903869607,-0.0,0.793191743474053
2025-10-24,67.90483093261719,145.6483917236328,27.509442682009173,0.020297985693581017,0,-0.0032885439161601804,0.0002640763985595207,-0.0,0.793191743474053
2025-10-27,68.24576568603516,146.68634033203125,27.56250376566502,0.09448404108030002,0,0.005020773172328186,0.007126399379458581,0.0,0.793191743474053
2025-10-28,68.34318542480469,144.2740478515625,28.328969624129847,0.7600312825652222,0,0.0014274840027101998,-0.0164452427881725,0.0,0.793191743474053
2025-10-29,66.58003997802734,140.46827697753906,27.621349681133864,0.20777582653711818,0,-0.025798408953549012,-0.02637876271371431,-0.0,0.793191743474053
2025-10-30,67.19373321533203,141.8041534423828,27.864539352874928,0.47237393667730965,0,0.009217375620489632,0.009510164811499466,0.0,0.793191743474053
2025-10-31,67.11579895019531,140.4010009765625,28.175767562935064,0.8269368487773993,0,-0.001159844250459563,-0.00989500259165843,0.0,0.793191743474053
2025-11-03,66.20989227294922,138.0079803466797,27.933561983187225,0.6489643229765752,0,-0.013497666591413715,-0.017044184964765896,-0.0,0.793191743474053
2025-11-04,66.88201904296875,137.33522033691406,28.792277849539055,1.6167059280745197,0,0.010151455423740963,-0.004874790632220183,0.0,0.793191743474053
2025-11-05,66.73590087890625,137.29678344726562,28.656820105836296,1.5413517615498513,0,-0.0021847152067676623,-0.00027987641883953085,-0.0,0.793191743474053
2025-11-06,67.27165222167969,136.06663513183594,29.53375145217548,2.4098374285259756,-1,0.008027933027315637,-0.008959775200430453,0.0,0.793191743474053
2025-11-07,68.72306823730469,137.38328552246094,30.619996228419183,3.206233499442749,-1,0.021575447721161378,0.009676511727869874,-0.018891680028754788,0.7782070188548911
2025-11-10,68.69384002685547,137.06614685058594,30.67872600794888,2.9713432030823337,-1,-0.00042530421296516074,-0.002308422532398602,-0.00021493371441019978,0.7780397559297485
2025-11-11,69.75562286376953,139.43032836914062,31.084806236638173,3.0113611625703194,-1,0.01545674017494103,0.017248471434247348,-0.010672899501725498,0.7697358158063633
2025-11-12,69.65821838378906,138.76719665527344,31.171320457893934,2.8191938734606263,-1,-0.001396367432209722,-0.004756007689457276,7.729500810048666e-05,0.7697953125424813
2025-11-13,69.2296142578125,139.37266540527344,30.57479037722321,2.2479054757267094,-1,-0.006152958486752014,0.0043631979646032715,0.007363085654711762,0.7754633813653272
2025-11-14,69.3172836303711,140.17034912109375,30.441223229279117,2.0726808108971713,-1,0.0012663565079549244,0.005723387103925726,0.00032101731358579496,0.7757123185367972
2025-11-17,68.8497085571289,142.0732421875,29.445883288143797,1.3326427943739891,-1,-0.006745432722601974,0.013575574851157235,0.010510600400376649,0.7838655207425871
2025-11-18,69.37572479248047,142.9766387939453,29.721343672999694,1.47216257778322,-1,0.007640064807465263,0.006358668194909267,-0.005876496618002896,0.7792591376609742
2025-11-19,69.2685775756836,141.38128662109375,30.056665265203293,1.6365423125473286,-1,-0.0015444482507012136,-0.011158131750115818,-0.001550244789594325,0.7780510952430715
2025-11-20,69.36598205566406,140.41061401367188,30.42328450531265,1.799086698046917,-1,0.0014061856528531091,-0.006865637105307298,-0.003310360997150219,0.7754754652435888
2025-11-21,71.06092071533203,140.63165283203125,32.05691834190351,2.6429799767634994,-1,0.02443472447788353,0.0015742315487479175,-0.02399811344596295,0.7568655170541123
2025-11-24,70.71025085449219,139.833984375,31.92748076956145,2.39109125088083,-1,-0.004934777896343556,-0.005672040689047253,0.0033616449348614114,0.7594098301858886
2025-11-25,70.72972869873047,140.42022705078125,31.784364985287894,2.1715530976526125,-1,0.0002754599793226564,0.004192419163349337,0.0008873019146372503,0.7600836559822068
2025-11-26,70.99273681640625,142.2174072265625,31.548927565063515,1.9367548825173593,-1,0.003718494648778492,0.01279858474471296,-0.00016882414639490676,0.7599553355077969
2025-11-28,71.22652435302734,142.9478302001953,31.580133258810243,1.8590514559451323,-1,0.003293119086614338,0.005135960413546359,-0.0018686672784637183,0.7585352318392397
2025-12-01,70.5791015625,143.6878204345703,30.72747515833209,1.358729573103859,-1,-0.00908963053312073,0.005176645447074302,0.010525366281354044,0.7665190929916594
2025-12-02,69.323486328125,142.82289123535156,29.711746890083198,0.8066550189343907,-1,-0.0177901844395556,-0.006019502534055143,0.01612068339624802,0.7788759046069571
2025-12-03,69.4608154296875,142.2943115234375,29.995676873615466,0.9259414937077786,-1,0.001980989543896916,-0.0037009453270556714,-0.0030074418212716297,0.7765334806378613
2025-12-04,69.10768127441406,141.18907165527344,29.949079529742285,0.8762729937363806,-1,-0.005083933338371205,-0.007767280760074602,0.0029296883224011424,0.7788084817080395
2025-12-05,68.66625213623047,140.73587036132812,29.633345169289825,0.6913981725103803,-1,-0.006387555334562034,-0.0032098893252293648,0.005497296787937224,0.7830898230729514
2025-12-08,68.91149139404297,141.32786560058594,29.7143953327407,0.7075545904788094,-1,0.0035714670625384137,0.004206427527949419,-0.002404819967237938,0.7812066330302847
2025-12-09,68.75453186035156,140.36708068847656,29.8239082199987,0.7391361703640986,-1,-0.0022776975293408164,-0.006798269456815387,0.00039220651299375314,0.7815130273597531
2025-12-10,68.87225341796875,145.27761840820312,28.579698654586373,0.0896682116836793,0,0.0017122007005485607,0.034983542406390455,0.007990438382272508,0.7877576590498144
2025-12-11,67.79320526123047,144.63711547851562,27.678293135807827,-0.3741425556305492,0,-0.015667385676925716,-0.004408820413670411,-0.0,0.7877576590498144
2025-12-12,69.17634582519531,146.19955444335938,28.62809332535575,0.10271469089368819,0,0.020402347973297985,0.01080247597357431,0.0,0.7877576590498144
2025-12-15,69.6177749633789,146.75271606445312,28.916103821665025,0.23529823633244065,0,0.006381215036987742,0.003783606750375368,0.0,0.7877576590498144
2025-12-16,69.02920532226562,145.9278106689453,28.556320597807826,0.03470284896317873,0,-0.008454301238769668,-0.005621057092704995,-0.0,0.7877576590498144
2025-12-17,69.323486328125,145.64639282226562,28.928652470159747,0.2142484027714263,0,0.004263137674633599,-0.0019284730264207406,0.0,0.7877576590498144
2025-12-18,69.0193862915039,144.95738220214844,28.815648615096492,0.1387390463638372,0,-0.0043866812350105144,-0.004730708442316156,-0.0,0.7877576590498144
2025-12-19,68.72511291503906,143.7831268310547,28.84705340822449,0.1396641068901992,0,-0.004263633629281727,-0.00810069382638412,-0.0,0.7877576590498144
2025-12-22,68.87225341796875,142.70591735839844,29.292956529540994,0.35480728566700304,0,0.00214100052642463,-0.007491904623287082,0.0,0.7877576590498144
2025-12-23,68.53873443603516,139.4354705810547,29.866491623250276,0.637775318413285,0,-0.004842573974014552,-0.022917387294671188,0.0,0.7877576590498144
2025-12-24,68.77415466308594,139.4936981201172,30.085762519577443,0.7301083827847599,0,0.0034348493445044426,0.00041759488328074745,0.0,0.7877576590498144
2025-12-26,68.53873443603516,139.5325164794922,29.839576072044252,0.5747199075552898,0,-0.003423091540769474,0.0002782803803909051,-0.0,0.7877576590498144
2025-12-29,68.82321166992188,139.9789276123047,30.000241770383283,0.6360472922533755,0,0.00415060529243072,0.003199334062595538,0.0,0.7877576590498144
2025-12-30,68.73491668701172,139.9012908935547,29.93347922843794,0.5765977352954308,0,-0.0012829244780615534,-0.0005546314725672907,-0.0,0.7877576590498144
2025-12-31,68.57797241210938,139.28018188476562,29.94879871325903,0.5622870386898648,0,-0.0022833267641393373,-0.004439623143017601,-0.0,0.7877576590498144
2026-01-02,67.80302429199219,138.02828979492188,29.521061203699503,0.3095918907243117,0,-0.011300248357595799,-0.008988300222636969,-0.0,0.7877576590498144
2026-01-05,66.6455078125,135.7865447998047,28.985289725061463,-0.0016216489598632714,0,-0.017071752942868335,-0.016241199528356898,-0.0,0.7877576590498144
2026-01-06,66.54740142822266,134.85491943359375,29.145568400357007,0.06058948219450446,0,-0.0014720629716462597,-0.006860954946489528,0.0,0.7877576590498144
2026-01-07,66.25312805175781,132.96249389648438,29.37615673641936,0.15968599002083114,0,-0.004422011530867076,-0.014033047849183244,-0.0,0.7877576590498144
2026-01-08,68.04826354980469,135.25277709960938,30.536085226004168,0.8284045387836978,0,0.027095105557046084,0.01722503193199776,0.0,0.7877576590498144
2026-01-09,69.16653442382812,135.77682495117188,31.5090121235151,1.4111589010503114,0,0.01643349610537781,0.0038745810829197147,0.0,0.7877576590498144
2026-01-12,69.15673065185547,137.1840057373047,31.108928627050247,1.1544119109453597,0,-0.00014174155253443566,0.010363924672998293,-0.0,0.7877576590498144
2026-01-13,69.88262176513672,139.2413787841797,31.264210054763872,1.266820073780851,0,0.010496319106458207,0.014997178685791424,0.0,0.7877576590498144
2026-01-14,70.07881927490234,141.6092987060547,30.803668115102617,0.9305043358364086,0,0.0028075293228839726,0.017005863792437736,-0.0,0.7877576590498144
2026-01-15,69.1371078491211,142.24008178710938,29.687009838487143,0.030872776518834483,0,-0.013437889443986495,0.004454390261221741,-0.0,0.7877576590498144
2026-01-16,69.09786987304688,141.9974822998047,29.715056508423068,0.03822839157963461,0,-0.0005675385808709965,-0.0017055634688665222,-0.0,0.7877576590498144
2026-01-20,70.3829116821289,143.2978973388672,30.63942993134443,0.7805547556928719,0,0.018597415686518737,0.0091580147619581,0.0,0.7877576590498144
2026-01-21,70.63795471191406,142.4050750732422,31.14209603222497,1.169274939961117,0,0.003623649884463509,-0.006230532912242737,0.0,0.7877576590498144
2026-01-22,70.50062561035156,140.1342010498047,31.634590828883333,1.54752634320701,0,-0.0019441262437818185,-0.01594658071188504,0.0,0.7877576590498144
2026-01-23,71.49137878417969,140.30886840820312,32.576900242545534,2.2589852410143365,-1,0.014053111802211582,0.001246429187806708,0.0,0.7877576590498144
2026-01-26,71.17747497558594,141.56077575683594,31.91578159138922,1.6338807914690943,-1,-0.004390792483403794,0.008922510478743373,0.006865438929503027,0.7931659611492693
2026-01-27,72.14861297607422,144.3848114013672,32.10367705178232,1.7439014699354758,-1,0.013643895078061963,0.019949280649480094,-0.00811098855146465,0.7867326011189761
2026-01-28,71.66793823242188,144.11306762695312,31.69837008351174,1.3644343324934178,-1,-0.006662286686117458,-0.0018820800593676301,0.006140294278119267,0.7915633708080368
2026-01-29,72.03089904785156,144.29745483398438,32.010191351649986,1.5827172504186622,-1,0.0050644796596852615,0.0012794620922826905,-0.004709622545521135,0.7878354061106706
2026-01-30,73.38460540771484,149.09152221679688,32.03426948193589,1.56336715370328,-1,0.01879341196288542,0.03322350618261516,-0.00957891659214491,0.7802887964671978
2026-02-02,73.89470672607422,150.61514282226562,32.12179664636075,1.5791922278273873,-1,0.00695106712811655,0.010219364473676995,-0.004116739946722281,0.7770765504088015
2026-02-03,75.42497253417969,158.03915405273438,31.59302278720569,1.0853843294790229,-1,0.020708733763273868,0.04929126707551257,-0.007037866221818817,0.771607589602912
2026-02-04,75.87620544433594,161.27076721191406,31.147972074206386,0.672303191579901,-1,0.005982539933332642,0.0204481805698693,-0.00031126417557649725,0.7713674158026657
2026-02-05,77.01410675048828,162.5808868408203,31.922513439077463,1.3127569181647754,-1,0.014996813552927701,0.008123726646533047,-0.012743708743152688,0.7615373341217181
2026-02-06,77.52420043945312,165.4534454345703,31.635906812344118,1.0420442216119088,-1,0.00662337992982831,0.017668488895391965,-0.0017230479708925349,0.7602251687634007
2026-02-09,76.4843978881836,161.55221557617188,31.67810518755168,1.0622315789908345,-1,-0.01341261883870215,-0.023579018545982544,0.006873009321141632,0.765450203434478
2026-02-10,75.34649658203125,162.03744506835938,30.40562612536923,-0.008651531933253595,0,-0.01487756114411598,0.0030035458842636586,0.01571059061109127,0.7774758782138136
2026-02-11,77.1023941040039,164.15304565429688,31.574764631050655,0.9666923147851828,0,0.023304302145767064,0.013056245024382962,0.0,0.7774758782138136
2026-02-12,77.4947738647461,162.26063537597656,32.492001872315136,1.6721643599463265,0,0.0050890736312663165,-0.011528328766471363,0.0,0.7774758782138136
2026-02-13,77.18087005615234,161.03787231445312,32.51722977691233,1.6227939072795972,0,-0.0040506448749900725,-0.0075357960893605025,-0.0,0.7774758782138136
2026-02-17,78.04409790039062,157.13662719726562,34.46246277963262,2.909973162851671,-1,0.011184479309578332,-0.0242256374920905,0.0,0.7774758782138136
2026-02-18,77.97543334960938,159.53366088867188,33.728984114062676,2.215003516360683,-1,-0.0008798173420991873,0.015254455528035837,0.005110620348670633,0.7814492622576137
2026-02-19,77.40648651123047,159.7277374267578,33.106210405276634,1.6907311584084574,-1,-0.007296488316108296,0.0012165240677413092,0.007633889652649422,0.7874147596948325
2026-02-20,78.31876373291016,160.06741333007812,33.924278965730345,2.1684654997783017,-1,0.011785539724081584,0.0021265930939269317,-0.01119573195028039,0.7785990751115948
2026-02-23,79.0250473022461,163.34756469726562,33.72081690430281,1.9537329175490692,-1,0.009018063305296531,0.020492311951236575,-0.003334547767455829,0.7760027993039382
2026-02-24,79.18199920654297,164.53150939941406,33.54940331589115,1.7777308789730795,-1,0.0019861032628880615,0.007248009508697972,2.412256029516802e-05,0.7760215184782537
2026-02-25,78.93675994873047,164.1724395751953,33.403751597540925,1.6287044082634694,-1,-0.0030971592062585263,-0.0021823772572771016,0.0024918797687465423,0.7779552708002616
2026-02-26,78.96619415283203,162.62940979003906,33.861143065818204,1.840962775923586,-1,0.00037288335777496684,-0.009398835694644725,-0.0029796379706873303,0.7756372457358888
2026-02-27,80.00598907470703,164.72561645507812,34.319557849638265,2.0116757515700123,-1,0.013167595741825577,0.012889468563806128,-0.00959271873276849,0.7681967757988851
2026-03-02,78.69152069091797,162.33827209472656,33.6672162575222,1.5596998138997775,-1,-0.016429624819232602,-0.014492854309655079,0.012410050900360275,0.7777301368880418
2026-03-03,77.82828521728516,160.0382843017578,33.44187934747206,1.3760959907670602,-1,-0.010969866461513655,-0.014167871588695258,0.007040426069229257,0.7832056884186136
2026-03-04,76.61192321777344,159.07754516601562,32.49197707289503,0.8045684435551789,-1,-0.015628790948121418,-0.006003183175412485,0.013963816057286717,0.7941422285867118
2026-03-05,75.56230926513672,155.95266723632812,32.30904386909215,0.6756045473044742,-1,-0.013700399475067848,-0.019643739953532302,0.008252234255210069,0.8006956762889639
2026-03-06,75.5721206665039,156.1024627685547,32.27730967829118,0.6342955089463292,-1,0.00012984517628700232,0.0009605192067638768,0.00013655355163727653,0.8008050141273418
2026-03-09,76.31764221191406,158.15863037109375,32.45255586652134,0.7105437621580565,-1,0.0098650340738764,0.013171910077982796,-0.006211822285504308,0.795830555694242
2026-03-10,76.39611053466797,157.42430114746094,32.7346894254057,0.8450037688683922,-1,0.0010281806470910926,-0.0046429917982333535,-0.002315908263678241,0.7939874851338221
2026-03-11,76.15087127685547,156.80743408203125,32.6605374299526,0.7797000605002717,-1,-0.0032101013532778166,-0.003918499627651895,0.0021233106792055995,0.7956733672401624
2026-03-12,76.13126373291016,155.54437255859375,32.991238324156576,0.9512025116669799,-1,-0.00025748285760285317,-0.008054857416879502,-0.0019765211626786923,0.7941007019912324
2026-03-13,76.38805389404297,156.54307556152344,32.97103953214706,0.909951958349874,-1,0.0033729922313348037,0.006420695178499525,-0.0015922209402487889,0.7928363182248557
2026-03-16,76.86214447021484,154.42816162109375,34.031698684389376,1.5288699732926745,-1,0.0062063444740911855,-0.013510108529830811,-0.009953355154483163,0.7849449367701908
2026-03-17,76.62510681152344,153.23361206054688,34.1259677618166,1.5400751011121665,-1,-0.0030839324133515866,-0.007735309078390928,0.0009385547008879539,0.7856816505305347
2026-03-18,75.034912109375,150.3354034423828,33.33958737561435,1.0158049996199017,-1,-0.020752919875986264,-0.01891366116866644,0.015507241038704883,0.7978654052649993
2026-03-19,74.6200942993164,149.55210876464844,33.14201530543152,0.8635411688462553,-1,-0.00552833072495551,-0.00521031413624784,0.004083257010439432,0.8011232947744347
2026-03-20,73.8299331665039,146.908447265625,33.085070182713196,0.7994884321974834,-1,-0.010589119998200558,-0.01767719305906812,0.005686373951014757,0.8056787814093911
2026-03-23,74.18550872802734,147.73092651367188,33.21253221576071,0.8564449406596135,-1,0.004816143619167823,0.005598583766662113,-0.0032633838376729517,0.8030495422957836
2026-03-24,73.75092315673828,147.4469757080078,32.85670002377869,0.5891444560220245,-1,-0.00585809248653002,-0.0019220809911983938,0.0053250058731474275,0.807325785824937
2026-03-25,74.32378387451172,148.56317138671875,33.11998535062893,0.7436961049599731,-1,0.007767505724043167,0.007570149698569395,-0.005667934746498928,0.8027499159517152
2026-03-26,73.77067565917969,147.6819610595703,32.811279650658356,0.5031019417434514,-1,-0.0074418737381011235,-0.005931553014943303,0.005796765377259397,0.807403268871102
2026-03-27,74.77811431884766,149.8458251953125,33.218573462515494,0.7655170425824639,-1,0.013656356684630833,0.01465218988302408,-0.00959259125583379,0.7996581793341975
2026-03-30,75.33122253417969,153.5469512939453,32.74517926371567,0.39857586126545635,0,0.007396659040820763,0.024699560990829594,-0.0005462685625149191,0.7992213512100693
2026-03-31,75.11393737792969,152.0488739013672,32.94338388518653,0.5192372765427598,0,-0.002884397052648535,-0.009756477611269854,-0.0,0.7992213512100693
2026-04-01,75.14356231689453,151.42222595214844,33.1468088016559,0.6551179617821795,0,0.00039440002746471414,-0.004121358699606392,0.0,0.7992213512100693
2026-04-02,75.77568817138672,153.73297119140625,33.13805252910626,0.6291475493015832,0,0.0084122423132722,0.015260277840506875,0.0,0.7992213512100693
2026-04-06,76.26953125,153.4588165283203,33.707932039876546,1.105285273644362,0,0.006517170487403856,-0.0017833172738501712,0.0,0.7992213512100693
2026-04-07,74.97566223144531,150.01229858398438,33.369950201582064,0.777738620107825,0,-0.016964428617157523,-0.022458911272132065,-0.0,0.7992213512100693
2026-04-08,76.33867645263672,151.56910705566406,34.30118565816709,1.5618618518934688,0,0.01817942223683011,0.010377872256974285,0.0,0.7992213512100693
2026-04-09,77.21771240234375,154.20297241210938,34.44972254492998,1.6313249784198682,0,0.011514948785527057,0.017377323173633386,0.0,0.7992213512100693
2026-04-10,76.5164566040039,153.7819366455078,33.865240457978146,1.0747623505794877,0,-0.00908154070514211,-0.002730399810169315,-0.0,0.7992213512100693
2026-04-13,75.46951293945312,152.62655639648438,33.13873997295073,0.40001261986216474,0,-0.013682594712520979,-0.007513107678483566,-0.0,0.7992213512100693
2026-04-14,74.96577453613281,152.4698944091797,32.67845156400655,-0.07115965983844082,0,-0.00667472710105399,-0.0010264399001292945,-0.0,0.7992213512100693
2026-04-15,74.3830337524414,151.61807250976562,32.33196245422648,-0.49183984111115664,0,-0.007773424436647858,-0.0055868202881288465,-0.0,0.7992213512100693
2026-04-16,74.25464630126953,155.0743865966797,31.24497087564435,-1.6949914024286175,0,-0.0017260313904265967,0.022796188011765084,-0.0,0.7992213512100693
2026-04-17,74.80774688720703,154.3791961669922,31.99088160512686,-0.9194459921475695,0,0.00744870002738196,-0.004482948118928021,0.0,0.7992213512100693
2026-04-20,74.55094909667969,153.71340942382812,31.918738884689496,-1.01110737854141,0,-0.003432770016647324,-0.004312671394168133,-0.0,0.7992213512100693
2026-04-21,73.7805404663086,151.6865997314453,31.71046323405809,-1.212829800456079,0,-0.010333988228265256,-0.013185640081629924,-0.0,0.7992213512100693
2026-04-22,73.71141052246094,150.58016967773438,31.94820019799341,-0.9515554334274657,0,-0.0009369671652001976,-0.007294184559940242,0.0,0.7992213512100693
2026-04-23,75.34110260009766,152.4503173828125,33.05920929026657,0.25919457738250057,0,0.022109088214234074,0.012419614807716917,0.0,0.7992213512100693
2026-04-24,75.68679809570312,152.19573974609375,33.475511555733874,0.6948649657918157,0,0.004588405049503752,-0.001669905586877074,0.0,0.7992213512100693
2026-04-27,74.51144409179688,150.88372802734375,32.664042261717306,-0.2280932742135073,0,-0.01552918122418201,-0.008620554825902516,-0.0,0.7992213512100693
2026-04-28,77.3856201171875,153.02798461914062,34.943511565602094,2.208169596954621,-1,0.03857361859541575,0.01421131768038153,0.0,0.7992213512100693
2026-04-29,77.89922332763672,152.0488739013672,35.72866983489356,2.8047431547455237,-1,0.006636933446697801,-0.006398246178372369,-0.008411478537375814,0.7924987179677534
2026-04-30,77.79058074951172,155.1820831298828,34.751035833255706,1.739030999690535,-1,-0.0013946554725977611,0.020606592789027323,0.007109866649212983,0.7981332781721765
2026-05-01,77.61279296875,154.1246337890625,34.866530224526755,1.7989377500560413,-1,-0.0022854666856673145,-0.00681424891000626,0.00039554378917355825,0.7984489748332902
2026-05-04,77.22759246826172,151.3634796142578,35.24713217191353,2.072867375933922,-1,-0.004963105768444387,-0.017915073709655283,-5.616161647208594e-06,0.7984444906147805
2026-05-05,77.51402282714844,151.8040771484375,35.411363389121966,2.127267543921877,-1,0.003708912187110336,0.0029108575945964166,-0.0029015896943287425,0.7961277323093191
2026-05-06,78.25479125976562,152.70489501953125,35.90229118007271,2.4454911248295406,-1,0.00955657319281511,0.005934082193411072,-0.007910763367680153,0.7898297542085723
2026-05-07,77.46463775634766,153.02798461914062,35.02252920476225,1.6217488291764228,-1,-0.010097190097856923,0.002115777621719772,0.010683998214787542,0.7982682938925227
2026-05-08,77.45475769042969,151.39285278320312,35.46615078463628,1.9738194475775344,-1,-0.00012754291769934145,-0.010685181798656296,-0.0028359780808989207,0.7960044225083669
2026-05-11,77.69181060791016,146.29161071777344,37.11802642246903,3.1932210304792585,-1,0.00306053397556183,-0.033695395599254274,-0.012405907250073915,0.7861292654720794
2026-05-12,79.0449447631836,148.68067932128906,37.80855556951503,3.36334812845455,-1,0.01741668967019372,0.016330865398184846,-0.01288734581393021,0.7759981457734897
2026-05-13,79.27210998535156,146.15452575683594,38.7363461319914,3.584600812226409,-1,0.002873874133868304,-0.016990462889897584,-0.007586156479541441,0.770111302411818
2026-05-14,79.45977783203125,145.56704711914062,39.08695039958035,3.378115495035649,-1,0.0023673880601180475,-0.004019571988299053,-0.0034822110193492703,0.7674296123484341
2026-05-15,79.82522583007812,146.0076446533203,39.330199255948955,3.158697293390372,-1,0.004599157058045034,0.0030267669977468437,-0.0037596872460466087,0.7645443170226492
2026-05-18,80.2005386352539,145.94891357421875,39.72180104801026,3.050194931874587,-1,0.004701681721198003,-0.00040224660318999295,-0.004813244283036518,0.7608643784596119
2026-05-19,80.91168212890625,147.2315673828125,40.07720220921323,2.9363485650948578,-1,0.008867066303464233,0.00878837517308062,-0.006429622106468047,0.7559723080318439
2026-05-20,80.5462417602539,146.17410278320312,40.00504824459856,2.6694495762915156,-1,-0.004516534065750033,-0.007182322503297756,0.002524526446384642,0.7578807801162047
2026-05-21,80.17090606689453,145.74330139160156,39.74919474576742,2.3812325303756934,-1,-0.00465987841464488,-0.002947179995628213,0.003842481952116626,0.7607929233356573
2026-05-22,80.47710418701172,147.42738342285156,39.58831494835221,2.1759110098313683,-1,0.0038193171954636895,0.011555124765048275,-0.000614518669064291,0.7603254018809755
2026-05-26,79.46965026855469,142.6394500732422,39.90878799350011,2.175918715662974,-1,-0.012518516025575743,-0.03247655380192571,0.003511186906831479,0.7629950464769913
2026-05-27,80.6153793334961,144.6564483642578,40.49510525785678,2.2598639419128688,-1,0.01441719022380994,0.014140536085773814,-0.010495331297001882,0.7549871606862439
2026-05-28,79.42027282714844,143.23670959472656,39.69376141603946,1.859631173228775,-1,-0.01482479542028381,-0.009814555697898908,0.012102741415896793,0.7641245750643516
2026-05-29,78.0374984741211,141.18055725097656,38.8812581881872,1.4980789549871594,-1,-0.017410848688934055,-0.014354925839665467,0.013429529048259423,0.7743864082416672
2026-06-01,77.67205810546875,138.56626892089844,39.24088722018382,1.5643717015431229,-1,-0.004682881637646741,-0.018517339646355935,-0.0004528779511187844,0.7740357057117284
2026-06-02,77.44489288330078,139.0362548828125,38.883372014887456,1.383476613515606,-1,-0.002924671081323882,0.0033917775629965785,0.0038653760894294836,0.7770276448209511
2026-06-03,77.79058074951172,139.56497192382812,39.08242091108446,1.4009492323220947,-1,0.004463662526227985,0.003802727867355582,-0.003408980996309586,0.7743787723461493
2026-06-04,75.87445831298828,139.18312072753906,37.272204397348865,0.7361526546277442,-1,-0.024631805265645457,-0.002736010268375,0.02387297644686678,0.7928654985393225
2026-06-05,78.50171661376953,140.41990661621094,39.55644177243,1.4846242714987534,-1,0.03462638625957104,0.008886033609585287,-0.0321618566247484,0.7673654720525912
2026-06-08,78.56098175048828,139.19300842285156,39.95598549566938,1.5588912466059257,-1,0.0007549533854187551,-0.008737352295160483,-0.0031782464549026082,0.7649265954614254
2026-06-09,80.33881378173828,141.2708282470703,41.15753695477691,1.877175519963038,-1,0.02262996199431977,0.014927616320401516,-0.018489807408452904,0.7507832500297401
2026-06-10,82.56111907958984,142.7945556640625,42.95723847465961,2.32031657722145,-1,0.027661664309471146,0.010785860293303529,-0.02467022026392652,0.7322612618810398
2026-06-11,81.51417541503906,142.21078491210938,42.07220285382579,1.9336379151945893,-1,-0.012680831803424497,-0.004088186340426736,0.011546978744643525,0.740716667107506
2026-06-12,81.60306549072266,142.74508666992188,42.01290504569964,1.825377085344501,-1,0.001090486105404409,0.003757111376206268,-4.84562487987057e-05,0.7406807747563954
2026-06-15,80.43006896972656,144.7041473388672,40.296565646749194,1.260232527350578,-1,-0.014374417357267633,0.013724189845324641,0.018180803206545672,0.7541469461611131
2026-06-16,79.80380249023438,144.5755157470703,39.7059749686197,1.0470870687385356,-1,-0.007786471993800115,-0.0008889281624778755,0.00753992894704729,0.7598331605508005
2026-06-17,79.45587921142578,140.09339904785156,40.60116081107782,1.269522064428412,-1,-0.0043597330948129676,-0.03100190703839545,-0.004238604700097532,0.7566125281452
2026-06-18,78.91908264160156,140.51885986328125,39.94636324844268,1.0393730762937239,-1,-0.006755907494218838,0.003036979745807855,0.00759820979834538,0.7623614288701037
2026-06-22,79.0582504272461,139.22271728515625,40.44501445887403,1.1480866145361448,-1,0.0017634237624952753,-0.009223975908900006,-0.004321681245772462,0.7590667457804555
2026-06-23,79.8336181640625,140.5485382080078,40.85266752136027,1.2265188840267693,-1,0.009807549909417013,0.009523021448690772,-0.007166352542345005,0.7536270058770222
2026-06-24,80.12190246582031,140.76622009277344,41.080578041120425,1.2497607322313922,-1,0.0036110639651252274,0.0015488021970280208,-0.0031815057301736367,0.7512293372394109
2026-06-25,79.9429702758789,138.0452880859375,41.65629273412026,1.3705867371768625,-1,-0.002233249391672132,-0.019329438590044434,-0.0031277447619243804,0.7488796836148565
2026-06-26,82.13985443115234,139.89552307128906,43.340016670433265,1.7855541250783191,-1,0.02748064210889467,0.013403101337292611,-0.023763309731414477,0.7310838237415529
2026-06-29,82.15974426269531,137.2141571044922,44.10357979619464,1.9132220163629874,-1,0.000242145931237836,-0.019166917624879876,-0.005558065110720366,0.727020412247803
2026-06-30,80.78792572021484,133.9688262939453,43.631849449280764,1.7071452317419298,-1,-0.016696967046224698,-0.023651574145337473,0.010137234329423784,0.7343903885290332
2026-07-01,80.80780792236328,139.66795349121094,42.071086282821334,1.2281483541526887,-1,0.0002461036345615675,0.04254069663013227,0.011552502148098035,0.7428744350700573
2026-07-02,83.64089965820312,142.6956024169922,44.064463605092236,1.710433173523406,-1,0.03505962862600809,0.021677477546571122,-0.029047408982353126,0.7212958575320428
2026-07-06,82.46790313720703,141.77542114257812,43.14667813998907,1.4049503283946094,-1,-0.014024197800233118,-0.006448560844398488,0.012235698003672177,0.7301214158161047
2026-07-07,83.55143737792969,143.44757080078125,43.7664438910163,1.5130137375509436,-1,0.013138860083782067,0.011794355077397345,-0.009867711347577454,0.7229167884361468
2026-07-08,82.9052963256836,141.00367736816406,43.79811344062709,1.4661918474702604,-1,-0.0077334522603530464,-0.01703684083999757,0.003008307051737275,0.7250915441086185
2026-07-09,82.13985443115234,136.40283203125,44.308709897540865,1.5460674036459097,-1,-0.009232726115884105,-0.0326292577809949,0.0001830447510977589,0.725224268309833
2026-07-10,82.99475860595703,135.9279022216797,45.29533522506369,1.7422363670980527,-1,0.010407909543122651,-0.003481817807576837,-0.011373587093629551,0.7169758669317974
2026-07-13,83.75025177001953,137.0261688232422,45.74622560396825,1.795930480032562,-1,0.009102902119993317,0.00807977305330132,-0.006861987780999292,0.71205598729364
2026-07-14,82.58719635009766,134.01829528808594,45.417399919256354,1.6670662321106073,-1,-0.013887187146799929,-0.02195108832850956,0.007799081915702792,0.7176093702671097
2026-07-15,81.96092224121094,133.9688262939453,44.80484597027686,1.46673812442304,-1,-0.007583186457037039,-0.00036912120120824454,0.007480811181499284,0.7229776704681525
2026-07-16,84.41627502441406,137.9562225341797,46.15429969529528,1.7816997197757447,-1,0.029957603160894353,0.029763612554800645,-0.021702704698484784,0.7072870995823838
2026-07-17,81.07620239257812,135.67063903808594,43.448130614410175,1.0239883864047554,-1,-0.03956669055664863,-0.016567454907860157,0.03497172891369861,0.732022152293135
2026-07-20,81.63288879394531,134.0281982421875,44.46034579191962,1.2876606205639296,-1,0.006866212093551871,-0.012106088742143917,-0.010223819748177753,0.7245380897564169
2026-07-21,81.48377990722656,133.57305908203125,44.43746914755515,1.2540987853296055,-1,-0.0018265785876465657,-0.003395846292985394,0.0008847451226754946,0.7251791212975215
2026-07-22,81.71240997314453,134.2161865234375,44.48772867066945,1.241724766599146,-1,0.002805835298488546,0.0048147990756974846,-0.001470457161388871,0.7241127764653199
2026-07-23,80.68852233886719,133.52359008789062,43.65593173910299,0.9735812653575185,-1,-0.012530381059790763,-0.005160304829745166,0.011099177360098826,0.7321498326000221
2026-07-24,81.76211547851562,135.1957244873047,44.26576062106091,1.1360762330186889,-1,0.01330540092356225,0.012523138408077505,-0.009832125097281302,0.7249512438559451
2026-07-27,83.57131958007812,138.3124237060547,45.21055232841951,1.3967191382597401,-1,0.022127657668518763,0.023053238041138346,-0.01573387267656017,0.7135449532884018
2026-07-28,87.74639892578125,141.3499755859375,48.543170689369305,2.362339052329161,-1,0.04995827954711851,0.021961525931598835,-0.04386727946064942,0.6822436774147635
2026-07-29,88.55160522460938,141.98321533203125,49.172748784573244,2.4403288502779863,-1,0.009176516742404273,0.004479942380384516,-0.00793401066558213,0.6768307488016289
2026-07-30,87.96509552001953,138.7180938720703,49.49181618591386,2.4154850114691526,-1,-0.006623366150191989,-0.022996531331716752,0.00024530868887339286,0.6769967812652066
2026-07-31,87.0704345703125,138.08485412597656,48.772783439831024,2.1102467898421198,-1,-0.010170635800690109,-0.004564939788444189,0.00890455580548663,0.6830251368841174
2026-08-03,86.34477233886719,138.1541290283203,48.02790790610971,1.821341778471875,-1,-0.008334197882741812,0.0005016835682829512,0.00847333915495163,0.6888126405202938
2026-08-04,86.04654693603516,137.62973022460938,47.87512381590304,1.7337445038505614,-1,-0.0034538906612854303,-0.0037957519431318643,0.00240114389469733,0.6904665787866695
2026-08-05,86.31494903564453,137.3131103515625,48.231340017324506,1.7958873768591068,-1,0.003119266364156381,-0.0023005194628381576,-0.003757312385672105,0.6878722801583017
2026-08-06,86.33482360839844,136.97669982910156,48.34451760225438,1.7667148090194864,-1,0.00023025643849594601,-0.0024499519499604494,-0.000909747362101718,0.6872464901659648
2026-08-07,86.53364562988281,137.55056762695312,48.38417815120617,1.7134550672652837,-1,0.0023029180251319392,0.004189528573600887,-0.0011409578324045695,0.6864623709002174
2026-08-10,86.3547134399414,136.27420043945312,48.55924470769262,1.6968536091934003,-1,-0.0020677759343079583,-0.009279257872360058,-0.0005058139282066326,0.6861151486718264
2026-08-11,85.96702575683594,136.947021484375,47.98495100023523,1.467432588003061,-1,-0.004489479122353868,0.004937259163892982,0.00585882140247853,0.6901349747894298
2026-08-12,86.1956558227539,137.23394775390625,48.13400244588936,1.457518765624687,-1,0.0026595088512735288,0.0020951625411143038,-0.0020784182996041556,0.6887005856286306
2026-08-13,86.90144348144531,139.13365173339844,48.31290972571311,1.455376377109062,-1,0.008188204520918507,0.013842813754063377,-0.004348918487899348,0.6857054829191631
2026-08-14,87.18972778320312,139.30184936523438,48.5545446373854,1.469710304324114,-1,0.0033173706926901136,0.0012088925270086204,-0.0029820859538484137,0.683660650230073
2026-08-17,86.46405792236328,136.77882385253906,48.5286325558481,1.4090932675347076,-1,-0.008322882514832708,-0.018111931206887366,0.003299562419003573,0.6859164312189238
2026-08-18,88.29314422607422,138.64883422851562,49.83907396223964,1.716841311015332,-1,0.02115429633609489,0.013671782833815094,-0.017362445501944233,0.6740072445629971
2026-08-19,89.8140640258789,141.07293701171875,50.687672070551315,1.873348650911628,-1,0.017225797236423812,0.0174837588551795,-0.012376699909107537,0.6656652591604765
2026-08-20,89.96318054199219,140.57823181152344,50.9739944177417,1.866169650907602,-1,0.0016602802437524211,-0.0035067335427646507,-0.002632868140364418,0.6639126503074854
2026-08-21,90.5596160888672,141.9634246826172,51.18624855919494,1.8372297924281145,-1,0.006629773906188463,0.009853537444907579,-0.003896908365975564,0.6613254435462251
2026-08-24,91.4443359375,143.14085388183594,51.744409981214325,1.8999214956645352,-1,0.00976947437326392,0.008293891203675186,-0.0074691746492787136,0.6563858883083666
2026-08-25,91.0964126586914,140.76622009277344,52.05508823399152,1.9017896329699642,-1,-0.0038047548297184264,-0.016589490174641397,-0.0007963182652449005,0.6558631962364576
2026-08-26,89.54566955566406,140.6870574951172,50.52630077241965,1.4506540111769997,-1,-0.01702309737308183,-0.0005623692786811407,0.016867124999589065,0.6669257227500079
2026-08-27,88.5317153930664,138.2431640625,50.19015721167888,1.3226548291824634,-1,-0.011323318789496106,-0.01737113190175299,0.006505458398319708,0.6712643802941274
2026-08-28,89.12816619873047,139.5789031982422,50.41614253982348,1.3425563959609537,-1,0.006737142763086901,0.009662243661743064,-0.004057332299894837,0.6685408376421912
2026-08-31,88.14402770996094,138.8566131591797,49.63233023531309,1.1125173047135888,-1,-0.011041834817684726,-0.005174779443829269,0.00960661660297628,0.6749632531528523
2026-09-01,87.4780044555664,138.3124237060547,49.11723720390779,0.9421411211222561,-1,-0.007556079200125576,-0.003919074797691935,0.0064691290034056825,0.6793296775100566
2026-09-02,87.71658325195312,139.0347137451172,49.15548981603536,0.9245138248489619,-1,0.0027273003982148936,0.005222163126846313,-0.0012789403818733115,0.678460855352884
2026-09-03,88.283203125,138.54000854492188,49.85931552015934,1.090162257986529,-1,0.006459666485404858,-0.003558141609887544,-0.007446512341243642,0.6734086882204481
2026-09-04,87.54759216308594,137.6300048828125,49.376092866865505,0.9204075982619834,-1,-0.008332400002212359,-0.006568526100633965,0.006510628000961296,0.6777930016820667
2026-09-08,87.83586883544922,138.4499969482422,49.436945827552634,0.9070734592447683,-1,0.0032927995532563425,0.005957945479460491,-0.0016403712773888105,0.6766811695100923
2026-09-09,87.03067779541016,136.69000244140625,49.119886929456335,0.7877729835007584,-1,-0.009166995792430743,-0.012712131062696197,0.005641303104078833,0.6804985330921212
2026-09-10,87.30902099609375,136.64999389648438,49.40932644700505,0.8458787003276264,-1,0.0031982193834905193,-0.0002926954730213538,-0.00327939808468983,0.6782669075060647
2026-09-11,87.76628875732422,136.32000732421875,49.9581155463458,0.9857718245874071,-1,0.005237348397835406,-0.0024148304939961562,-0.005907098432216007,0.6742603181201116
2026-09-14,88.81999969482422,136.33999633789062,51.006282557418146,1.274300502936399,-1,0.01200587323925184,0.00014663301494932668,-0.011965204767055631,0.6661926553475044
2026-09-15,88.70999908447266,135.5,51.12925381717529,1.289470317131177,-1,-0.0012384666823859192,-0.0061610412238010115,-0.000470289928780013,0.6658793516510672
2026-09-16,87.87000274658203,134.33999633789062,50.61098295629474,1.10228353523368,-1,-0.009469015292072669,-0.008560912635493523,0.007094657528160717,0.6706035376061051
2026-09-17,88.05999755859375,133.66000366210938,50.989572834964484,1.2034721007046274,-1,0.0021622260848184194,-0.0050617291522842,-0.0035660899511213385,0.6682121050694616
2026-09-18,88.25,129.75,52.26400960566913,1.6008396660948045,-1,0.002157647588847844,-0.02925335594029921,-0.010271027056050536,0.6613488804591127
2026-09-21,87.12000274658203,129.58999633789062,51.17838915570184,1.202139653323767,-1,-0.0128045014551611,-0.0012331688794556817,0.012462483702169347,0.6695909301032823
2026-09-22,88.61000061035156,131.19000244140625,52.22462744897439,1.5210798808387511,-1,0.017102821588558692,0.012346679132112959,-0.01367848650840376,0.660431939599715
2026-09-23,88.08999633789062,130.17999267578125,51.984748045291575,1.388537085706907,-1,-0.005868460319141344,-0.007698831822768648,0.003733199525139638,0.6628974638030158
2026-09-24,88.0999984741211,128.14999389648438,52.55776765028721,1.5392917373440422,-1,0.00011354451863176962,-0.015593784709703185,-0.0044384600236386474,0.6599552199101547
2026-09-25,87.80999755859375,128.6300048828125,52.13463632440783,1.3653398982339582,-1,-0.003291724410330543,0.0037456965211863924,0.0043305883720376115,0.6628132143115633
2026-09-28,87.18000030517578,128.5,51.54069575279415,1.1165595143112066,-1,-0.007174550403529878,-0.0010106886253401504,0.006894237253910224,0.667382805866054
2026-09-29,86.83999633789062,128.69000244140625,51.14799486041192,0.9485162844588003,-1,-0.0039000225521330645,0.0014786182210602128,0.0043101153544448595,0.6702593027449099
2026-09-30,86.08000183105469,126.72000122070312,50.93437757904838,0.8427897180351266,-1,-0.00875166442751596,-0.01530811394303988,0.004505979330717843,0.6732794773092998
2026-10-01,86.0999984741211,125.5999984741211,51.265005498262184,0.9451671461654474,-1,0.00023230300465892917,-0.008838405427659124,-0.0026836230264003016,0.6714726490007898
2026-10-02,85.6500015258789,125.88999938964844,50.73457718076748,0.7105947924129764,-1,-0.0052264454845193375,0.0023089245147331905,0.005866822636029346,0.6754120599374224
2026-10-05,86.51000213623047,125.6500015258789,51.661140880292606,1.0528604686538772,-1,0.010040870928551104,-0.0019064092853531278,-0.010569611015105099,0.6682732171889729
2026-10-06,86.16999816894531,125.70999908447266,51.30449666971467,0.8776881439149585,-1,-0.003930227244125395,0.00047749747604575177,0.004062660535734641,0.670988184415535
