Date,KO,PEP
2018-01-03,-0.002196028675578776,-0.0026256453424886583
2018-01-04,0.01408494472370192,0.004925672275716275
2018-01-05,-0.0002176465435292929,0.002873242764444006
2018-01-08,-0.0015190920278860265,-0.005730191037115362
2018-01-09,0.0050001513159443345,0.0007628736308298301
2018-01-10,-0.003461440410792327,-0.005081493728503972
2018-01-11,-0.0006505907465785832,-0.005107019773620158
2018-01-12,0.002388822538728075,0.004277796332146533
2018-01-16,0.008234133569865909,0.004089232816255839
2018-01-17,0.0062326943325718975,0.011199677711039469
2018-01-18,0.0012812966811932558,-0.001090457865908001
2018-01-19,0.00597254894531285,0.00940744191829812
2018-01-22,0.004664923963675349,0.01115127838107588
2018-01-23,0.0014773014962996545,-0.0017286651879842019
2018-01-24,0.008008858304976663,-0.0013188622217834567
2018-01-25,0.00020884880494032032,-0.0019813203767692356
2018-01-26,0.014423203284478658,0.0071134384820101815
2018-01-29,-0.017103028817503807,-0.017164973112071547
2018-01-30,-0.006079504593441976,0.001838492449618423
2018-01-31,0.003796581371808383,0.0034198642960452386
2018-02-01,-0.0029419844030791342,0.0
2018-02-02,-0.015173422561337246,-0.013549605894305206
2018-02-05,-0.03937514848498602,-0.03547654427302893
2018-02-06,-0.004901041053013033,-0.007863044969626198
2018-02-07,-0.0024621988307934606,-0.0005281275684536624
2018-02-08,-0.03276504267834679,-0.029515828397733368
2018-02-09,0.0006961170606563094,0.009351024409670172
2018-02-12,0.019476099291896087,0.0067456233387728215
2018-02-13,0.005003246606609446,0.0018766213852652314
2018-02-14,-0.0020367265678210567,-0.02701988935096633
2018-02-15,0.015419315639945586,0.017047222667852413
2018-02-16,0.004466488853945849,0.0008106805671506123
2018-02-20,-0.022009838157603934,-0.014226417684237713
2018-02-21,-0.014775726371791142,-0.013518744581072606
2018-02-22,0.004153111834803047,0.011666946246629673
2018-02-23,0.011948396319185317,0.0038437651342679846
2018-02-26,-0.00022704855236155286,0.011488331839645705
2018-02-27,-0.009311784660135158,-0.00045071117135475625
2018-02-28,-0.009170303079386155,-0.01046105114767637
2018-03-01,0.004858944230200057,-0.0073902008475543735
2018-03-02,0.006677694480685448,0.008509049676338476
2018-03-05,0.0038878474807912955,0.003576876795226669
2018-03-06,0.0009116394150636697,0.0013705733305469092
2018-03-07,-0.0025041286831601894,0.0023725908264249362
2018-03-08,0.014377127951690438,0.020393377080621278
2018-03-09,0.00832420719323923,0.004104159901335835
2018-03-12,-0.00647059792719995,0.0018660434829056438
2018-03-13,0.0008982006741211634,0.007538864061724215
2018-03-14,-0.009054326744117658,-0.008714787944460012
2018-03-15,-0.002512187844815772,-0.0055060357295215745
2018-03-16,-0.004808362053636661,-0.003124902082544012
2018-03-19,-0.00460227689796977,-0.011465198158346124
2018-03-20,-0.0023113205659625047,-0.0041685748998460115
2018-03-21,-0.003707299050834778,-0.010555044664052216
2018-03-22,-0.005581353833724378,-0.007356751137244988
2018-03-23,-0.010056186949304102,-0.016583495671700366
2018-03-26,0.00850454356168684,0.006217428559300409
2018-03-27,0.004685057934695536,0.007770896861924115
2018-03-28,0.010025360632530456,0.014306980924272406
2018-03-29,0.0025394338964530583,-0.00027446848666234924
2018-04-02,-0.01749959884462693,-0.019239897156571595
2018-04-03,0.01663976539385481,0.010649153710995618
2018-04-04,0.019824234560666287,0.01839337378200412
2018-04-05,0.003616797251184911,0.003539959606912113
2018-04-06,-0.010810621137005039,-0.011486171721778904
2018-04-09,-0.0020489961776846144,0.0007322070405701986
2018-04-10,0.0036502894514329753,0.00018291782642210208
2018-04-11,0.0,-0.006581377122066967
2018-04-12,0.0009093657589835935,-0.00340453729168122
2018-04-13,0.010901463784397603,0.008771164436806256
2018-04-16,0.003819542214981153,0.0060405454218814825
2018-04-17,0.004476389805680325,-0.00955224541161015
2018-04-18,-0.008244493064127778,-0.01736016046908606
2018-04-19,-0.0044931542042522254,-0.013180116801249975
2018-04-20,-0.012864207091766944,-0.029269729387794152
2018-04-23,0.005486928741277763,0.0009759740917936188
2018-04-24,-0.020691093103340052,-0.011113293376814992
2018-04-25,-0.01485938379210161,-0.0028587817815900474
2018-04-26,0.007541582917604206,0.020859949462739724
2018-04-27,0.013099590438947928,-0.015010672672840841
2018-04-30,-0.0023091088176097063,-0.007570510919315265
2018-05-01,-0.014348350379818742,-0.017931350788790157
2018-05-02,-0.012444240262397654,-0.019166845502518015
2018-05-03,-0.004041795441006246,0.003805565022390267
2018-05-04,0.011219640114325191,0.014241713749040485
2018-05-07,-0.005193385570376852,-0.0076775209574156955
2018-05-08,-0.007830922496050219,-0.014659830493458204
2018-05-09,-0.0007177037171894884,-0.0065086668243177215
2018-05-10,0.009573848724358847,0.011542798921917452
2018-05-11,-0.0009481534986172102,0.0016454252565960559
2018-05-14,-0.00237322021687858,-0.002873715225932938
2018-05-15,-0.007611782279897006,-0.0036025478883464634
2018-05-16,-0.004074853440661941,0.004028437263554396
2018-05-17,0.018050828149487996,0.007511282309130118
2018-05-18,-0.002837092055475776,-0.004187094123285884
2018-05-21,0.005452996574288438,0.02051079207592843
2018-05-22,-0.003772511536610401,0.00422057128282427
2018-05-23,0.0035500931773615463,0.005203611942350195
2018-05-24,-0.0018865840230958275,-0.002687778008571118
2018-05-25,0.001890149949792308,0.0012974076723981653
2018-05-29,0.006603685657050384,0.0078757279145103
2018-05-30,0.010543676575293759,0.007220686845292867
2018-05-31,-0.0030141399907709365,-0.006461810013622449
2018-06-01,0.002790676916862189,0.0
2018-06-04,0.008580660479616808,-0.0012968062463474261
2018-06-05,-0.00873772804741213,0.000899007835535981
2018-06-06,0.008119146594720794,0.006186956183161119
2018-06-07,-0.0004605691049971439,0.0032729871530674526
2018-06-08,0.011740302870074437,0.013147179194336722
2018-06-11,0.004095758484505163,0.0070253672506586096
2018-06-12,0.006344805449016722,0.012304617868609036
2018-06-13,-0.005178957009600582,0.007561502085799532
2018-06-14,-0.0047956199623712115,-0.0013298330286346527
2018-06-15,0.012390872166619049,0.023589739734966475
2018-06-18,-0.01291934078828072,-0.02072276269966966
2018-06-19,0.0011481873049208335,0.005503783939337037
2018-06-20,-0.007798269529855073,-0.0014157024955182562
2018-06-21,-0.0039295536065179215,0.013514545479666795
2018-06-22,0.0037131945714865555,0.010537279967488322
2018-06-25,0.0076300324606506376,0.005721458518445965
2018-06-26,-0.00573675862001477,-0.00862503923253144
2018-06-27,-0.006000322898492505,0.002036036688337184
2018-06-28,0.009287183563754464,0.003787082898787597
2018-06-29,0.00897189094702422,0.001748106831114038
2018-07-02,-0.002508045888108046,0.006062285434881742
2018-07-03,0.005485767225843485,-0.006664721061131806
2018-07-05,0.015230476465577292,0.006893288891858695
2018-07-06,-0.0004476403491902037,9.134140305633309e-05
2018-07-09,-0.005376396043274778,-0.01642940206868926
2018-07-10,0.01283786596314851,0.04760560749051401
2018-07-11,-0.004002734478775194,-0.0031002636155963437
2018-07-12,-0.002679140866792551,-0.008974408037530579
2018-07-13,0.0015667195235136155,0.010400677300367533
2018-07-16,-0.00022309128476805107,0.002396008884184342
2018-07-17,0.011625254965518916,0.01699719959088708
2018-07-18,-0.002873023706047806,-0.00043517354447519807
2018-07-19,-0.00022164695421234004,0.008185701891011865
2018-07-20,0.0037688335720913457,0.002073389631123579
2018-07-23,-0.007288177101501758,-0.013964463768150526
2018-07-24,0.006896605126604394,0.003059695583087052
2018-07-25,0.018338598314520116,0.0040961911018642105
2018-07-26,0.003254094421707432,-0.001822733956893141
2018-07-27,-0.0006486231124409603,-0.006260957104412546
2018-07-30,0.00043283751513101265,-0.0008751761156874371
2018-07-31,0.008652580790540876,0.00718186517403141
2018-08-01,-0.005147265840931614,-0.012087022923056967
2018-08-02,-0.004526948755379512,0.009506252047055908
2018-08-03,0.009528083084077599,0.01403785349034714
2018-08-06,0.0006438619180648697,0.009286288512557084
2018-08-07,-0.0032155567414038355,-0.026920974359181504
2018-08-08,-0.007527099487450117,-0.00639105950448271
2018-08-09,0.00433379045733262,0.001850096891600428
2018-08-10,-0.005825127914837913,-0.007299843341455836
2018-08-13,-0.005425732205220801,0.0013289446507900315
2018-08-14,0.0013094934639246159,0.0007077715465875212
2018-08-15,0.004140416060643748,0.0030946816420389656
2018-08-16,0.0030378781003936872,0.007051498832049585
2018-08-17,0.008221922978364438,0.006214560650413148
2018-08-20,0.0027895817741854234,-0.0010437413284704045
2018-08-21,-0.01091401048000984,-0.009752710223491001
2018-08-22,-0.006273938801519829,-0.013014389427201678
2018-08-23,-0.005007975189816327,-0.0027623118121723467
2018-08-24,-0.0015317304961006695,0.001965723480052528
2018-08-27,0.0013153403624484028,0.0023183218594560184
2018-08-28,-0.007004002102981688,-0.011031045207153145
2018-08-29,-0.0008817025330146722,0.007915846273691463
2018-08-30,-0.008382808844964784,-0.00080320201760542
2018-08-31,-0.008453783442716412,0.00044678790464680596
2018-09-04,0.004262929605071131,-0.009017310679026891
2018-09-05,0.013851760143485548,0.01909896110643272
2018-09-06,0.008593839123055114,0.011659001261563162
2018-09-07,-0.0010924963069340876,-0.0066961399484272155
2018-09-10,0.007436885442069885,0.007361826604073807
2018-09-11,-0.0008686004708173822,-0.002113036360356757
2018-09-12,0.004780337245202659,0.004588415387918987
2018-09-13,-0.0004359493688064209,0.01001307471207502
2018-09-14,0.003491131264414138,-0.003652639068362329
2018-09-17,0.007175282427787755,0.007244752721282222
2018-09-18,-0.008419581661284536,-0.012305080906736765
2018-09-19,0.0006531024695655141,-0.0018424168451995904
2018-09-20,0.01479547469369935,0.012745140251138043
2018-09-21,-0.0012866333542059794,-0.002690730673037267
2018-09-24,-0.010948646501426573,-0.0229746508278853
2018-09-25,-0.008465164196477803,-0.0026718142445972815
2018-09-26,0.0037211677075130734,-0.004197563551211925
2018-09-27,0.0034899273643891338,-0.0040359239672096425
2018-09-28,0.003912117707739249,0.006753533095064768
2018-10-01,0.0008659015484249188,-0.009749505242709788
2018-10-02,0.0060568029127501255,-0.017975030613965992
2018-10-03,-0.013760461100498222,-0.01103739630447953
2018-10-04,-0.0004362890316810253,-0.008463306990531438
2018-10-05,0.0006546661849171631,-0.0011259976998512222
2018-10-08,0.013077447037722179,0.0159638965442499
2018-10-09,-0.0019364364424035996,-0.0006467343537284176
2018-10-10,-0.015304748486332564,-0.007214277740405284
2018-10-11,-0.02276691894784033,-0.021240706928315478
2018-10-12,0.000896076179433436,0.0020940547253638364
2018-10-15,0.005147308412028373,0.0033241675692381456
2018-10-16,0.012915048871555479,0.016662321409707026
2018-10-17,0.008133159326124906,0.008566876023238468
2018-10-18,-0.0054510408512726816,-0.0035087741514846504
2018-10-19,0.015786027331796015,0.021866382635644666
2018-10-22,-0.007770612998354798,-0.008069975556807218
2018-10-23,0.008483791064267221,0.006672796209939769
2018-10-24,0.007981373161070726,0.025697265664614388
2018-10-25,-0.004708047974239071,-0.0009739755130587779
2018-10-26,-0.012685635738716727,-0.021267343552307416
2018-10-29,0.011759675797520242,0.022091282142166158
2018-10-30,0.025182837979409234,0.007795511430139346
2018-10-31,0.0052489822136536635,-0.012217874506791682
2018-11-01,-0.002924089709310018,-0.0077415314304764005
2018-11-02,0.005446334377377848,-0.003048834327368799
2018-11-05,0.014374976581306154,0.028964640476065284
2018-11-06,0.00862583545590656,0.007168449879132677
2018-11-07,0.005294400500131635,0.0034715950816532892
2018-11-08,-0.0008102258796328643,0.0038924460209435185
2018-11-09,0.0070950527374420425,0.012235193536781708
2018-11-12,0.0038242891528539324,-0.004341101717176721
2018-11-13,-0.00020040382931174605,0.0014535105286124228
2018-11-14,-0.002005414912741088,-0.004183169235988049
2018-11-15,-0.00040208431286015145,0.0012857459245447789
2018-11-16,0.008644967336076448,0.013270658251087752
2018-11-19,0.00677724829650761,0.005576715474516325
2018-11-20,-0.022372254474109288,-0.02529191575914147
2018-11-21,-0.013163384056791183,-0.006207158717542516
2018-11-23,0.005951562740342364,0.0011276579507235596
2018-11-26,-0.0030600653978783976,0.003899191308079253
2018-11-27,0.010231295044962119,0.005006144053966155
2018-11-28,0.006886772287143961,0.017691224709979192
2018-11-29,-0.006893842703942332,-0.0019407159798457974
2018-11-30,0.028991303849506878,0.031030987084062378
2018-12-03,-0.014087244343586325,-0.02427444448997218
2018-12-04,-0.0022136079771802875,-0.009917548092005846
2018-12-06,-0.004033936034050556,-0.00027386687890706973
2018-12-07,-0.005872751643452356,-0.00872953765045692
2018-12-10,0.0030557983833270352,0.003194313864520515
2018-12-11,0.006092292238054853,0.009467351473876118
2018-12-12,-0.006459315028338741,-0.002472591582929451
2018-12-13,0.00507925178996671,0.01153842415453532
2018-12-14,-0.002627644973801524,-0.03717784357124365
2018-12-17,-0.02047031622338691,-0.009477912975743408
2018-12-18,-0.00020706311752827222,-0.009125540706521718
2018-12-19,-0.008691964406912334,-0.01609454368983343
2018-12-20,-0.007515752966263722,0.0015449783830221442
2018-12-21,0.0006312077768206859,-0.0071680269802009144
2018-12-24,-0.03384513532954525,-0.030981551794022955
2018-12-26,0.021323164684491358,0.021691894230232434
2018-12-27,0.01256903656325603,0.010061940199542985
2018-12-28,-0.006943021763392343,0.008590964403976109
2018-12-31,0.0031782624626612854,0.0010871823543188164
2019-01-02,-0.008870329588845816,-0.01086168830854628
2019-01-03,-0.006179443830529596,-0.00933389166562748
2019-01-04,0.019940169667489682,0.020506254901547116
2019-01-07,-0.013033588938628826,-0.008598891563911915
2019-01-08,0.011288697907068546,0.009586354304825573
2019-01-09,-0.01916625875470157,-0.02794330051318694
2019-01-10,0.01073697588400524,0.006140060881567377
2019-01-11,0.005735646130336836,9.230008762672881e-05
2019-01-14,-0.004013316868757055,-0.007766241181864086
2019-01-15,0.008907957886864049,0.015560860459530534
2019-01-16,-0.013663993008577568,-0.005963702143435112
2019-01-17,0.0029834284809748812,0.008122338746222146
2019-01-18,0.011687512458027127,0.007782354295441385
2019-01-22,0.002310417472623394,-0.0014532491248891999
2019-01-23,0.011525458741859618,0.0074604988068880385
2019-01-24,-0.012015698010232723,-0.011108141238928226
2019-01-25,-0.006710087257832287,-0.0013695627917776898
2019-01-28,-0.004222135433317176,-0.004847020633392596
2019-01-29,0.004875991940759494,0.001653941520300739
2019-01-30,0.009704867512716264,0.016697227630297462
2019-01-31,0.005641474917585709,0.016693939530285862
2019-02-01,0.011842823832146188,-0.004260174754899593
2019-02-04,0.011293530076847524,0.008022078606736205
2019-02-05,0.00020309724274425456,-0.0016801047254965118
2019-02-06,0.0,0.0013285763321426725
2019-02-07,0.00324801489260107,0.00035388573153527503
2019-02-08,0.0016188961058856144,-0.0006192528415798204
2019-02-11,0.00222210422269975,-0.00044247467961222586
2019-02-12,0.0010077283803571202,0.007258764554246344
2019-02-13,0.0026179805354404895,0.0029003148115167576
2019-02-14,-0.08435439384142984,-0.013407337509653172
2019-02-15,-0.007677062170440507,0.02948769392165307
2019-02-19,-0.009063052148982398,0.00017266079424294034
2019-02-20,0.006023207875655245,-0.0008627357274458847
2019-02-21,0.016851119200005815,0.002331062186133437
2019-02-22,-0.01264714035664094,0.005684714111673372
2019-02-25,-0.00750893069499492,-0.005995222003358669
2019-02-26,-0.005562991431381281,-0.0007753412992437259
2019-02-27,0.005594111425306414,-0.005173790931240152
2019-02-28,0.008900872143811744,0.010468374564853056
2019-03-01,0.0008824472978137265,0.004669573442645181
2019-03-04,0.005949779710213932,-8.59763808938041e-05
2019-03-05,-0.0010953569037911448,-0.0012053497510332578
2019-03-06,-0.0032894625511896702,0.00542958097472046
2019-03-07,-0.0037405806362478256,-0.0048000748454308795
2019-03-08,-0.009717439722934595,-0.007493569750805729
2019-03-11,0.029884528590787163,0.011802407940900483
2019-03-12,-0.002815263391665046,-0.00017151347993427102
2019-03-13,0.0036915294020558598,8.56060286493765e-05
2019-03-14,-0.0026190591963726195,-0.0092639297412479
2019-03-15,-0.008752738663643234,0.0013853907225902518
2019-03-18,0.0024284338158646612,0.013920019926828342
2019-03-19,0.0033031720896541383,0.0069922635864509974
2019-03-20,-0.0006585013893591896,0.0019478414166262947
2019-03-21,-0.0004389401674147475,0.009465950073721974
2019-03-22,0.00922851489658627,0.010716795644279076
2019-03-25,0.0021773567802643168,0.0010767771155231198
2019-03-26,0.013252012278552883,0.00968144782358693
2019-03-27,-0.0006430480539264538,-0.001065463250525589
2019-03-28,-0.000643872136451229,-0.0004102975752972027
2019-03-29,0.006011155392226186,0.005827319245600426
2019-04-01,-0.002987312568557221,-0.0044878657764417795
2019-04-02,-0.003210859615151218,-0.002623315548728078
2019-04-03,-0.008374346103911745,-0.0009857959333480215
2019-04-04,0.006496293777795703,-0.00074025497512753
2019-04-05,-0.00021519005180092865,0.001234672264165182
2019-04-08,0.0017215822918497103,0.0031245342491381667
2019-04-09,0.002577781247047106,0.0013934536288235932
2019-04-10,-0.0006428395662987363,-0.0010641551216806766
2019-04-11,0.0015008555009616842,-0.0030318541404487087
2019-04-12,0.0006422890917101576,0.004602739074705431
2019-04-15,0.005562693771360205,0.011699250345578172
2019-04-16,-0.0010640462239582815,-0.010108358868805012
2019-04-17,0.007028963517088593,0.037578596747615434
2019-04-18,0.004230068994082625,0.0006297694828101275
2019-04-22,-0.0016847593772704172,-0.00511433940478101
2019-04-23,0.01708845131522252,0.005140630333058782
2019-04-24,-0.00477087275424759,-0.0013377972092427637
2019-04-25,-0.0029179782355872597,-0.006224372776847176
2019-04-26,0.008779553252069583,0.002140913329969907
2019-04-29,0.003315355878413806,0.0022942366733547104
2019-04-30,0.013217701199636389,0.010734950171554125
2019-05-01,-0.00958020283074279,-0.006325606470626299
2019-05-02,-0.0041162220455457366,-0.0032223403473383705
2019-05-03,0.006819793882637759,0.006623104579796868
2019-05-06,-0.005131523566235696,-0.0031333997103658584
2019-05-07,-0.009696622364088636,-0.010135729165001606
2019-05-08,-0.003124839074074681,0.0003174592241306229
2019-05-09,-0.009404402496556608,0.0002380188568162911
2019-05-10,0.016666727186751995,0.015549465544967722
2019-05-13,-0.0029052615663053283,-0.00664008393595128
2019-05-14,0.013319481282417778,0.001966011483678587
2019-05-15,0.010063652575536874,0.01522653800050855
2019-05-16,0.008133486234786158,0.007112449436379897
2019-05-17,-0.0076644923234536755,0.001842176607524948
2019-05-20,-0.007114004726862411,-0.003984166465907046
2019-05-21,-0.005117476760096107,-0.007231561195242486
2019-05-22,0.021604904568623517,0.007904126621427698
2019-05-23,0.0040279573694606,-0.0007689144200400122
2019-05-24,-0.004814368622558685,-0.0036160036201579038
2019-05-28,-0.010279964920058227,-0.014440489926128675
2019-05-29,-0.009979714949863827,0.00423120110813513
2019-05-30,0.013165939225410872,0.003432910170516168
2019-05-31,-0.0024361702995164825,-0.0047430767220473236
2019-06-03,0.017300659240948812,0.007656288874913431
2019-06-04,0.0004001458241200684,0.0006978189178221683
2019-06-05,0.015599923196612187,0.017974589912951977
2019-06-06,0.012209568690898731,0.011844854378165293
2019-06-07,0.0017509570546714315,0.011289987806015311
2019-06-10,-0.0021361219947119148,0.0008988528116686823
2019-06-11,-0.0009733391609609843,-0.0029193288660326333
2019-06-12,0.006039371459766629,-0.000450553059269887
2019-06-13,-0.0021466749499347015,-0.0015021610414406306
2019-06-14,0.003520415851093972,-0.0015797319689986322
2019-06-17,-0.008575262171117704,-0.0015820872446227208
2019-06-18,-0.0045215384384392765,-0.003471098436026554
2019-06-19,0.009478926948221611,0.005982187451054166
2019-06-20,0.01056331264058974,0.009860541292642244
2019-06-21,-0.002129222090096028,-0.0014905977052086516
2019-06-24,0.007177185625529825,0.0013436334993661703
2019-06-25,-0.0030815335867515614,-0.0024602486707101523
2019-06-26,-0.01236460177218257,-0.011134940462624976
2019-06-27,-0.0007825088484656462,-0.0047613288260981435
2019-06-28,-0.003132672342255338,-0.004252216997965741
2019-07-01,0.013354438723484074,0.005642933712389997
2019-07-02,0.007364223987737617,0.0042468488323597064
2019-07-03,0.002308779156242835,0.011779672189158319
2019-07-05,0.00019185643638741645,-0.007239067160567325
2019-07-08,-0.0021109263723047,-0.0034583380074599823
2019-07-09,-0.007884526082716281,-0.0061858431776475875
2019-07-10,0.004458251457263085,0.0202672320187276
2019-07-11,0.004245295930688009,-0.0004463545939735747
2019-07-12,0.0015375329515299185,-0.007964304754096485
2019-07-15,0.00019169177273647975,0.006527445801093323
2019-07-16,0.00019192804691225973,-0.0026089721786929365
2019-07-17,0.000767200923115885,-0.007623266898754255
2019-07-18,-0.0028746160799210108,0.0007528645110599363
2019-07-19,-0.012300618486615456,-0.020996133775377013
2019-07-22,-0.0033081898839696366,0.0014605657188724308
2019-07-23,0.06071869911048533,0.0035309260930000974
2019-07-24,-0.010123614309662243,-0.011702718017573388
2019-07-25,-0.013201931212805329,-0.0017025979730906915
2019-07-26,0.02072741266699052,0.01728794351838836
2019-07-29,-0.003322676655131307,0.0023623267744348198
2019-07-30,-0.0050010698062882275,-0.007982679936494264
2019-07-31,-0.02029027742821443,-0.02046294560871431
2019-08-01,-0.01140032937049118,-0.005242302107607344
2019-08-02,0.005766080177864952,0.006135012740246859
2019-08-05,-0.0129948765508483,-0.027517034935741536
2019-08-06,0.012003971962595283,0.016478851782433468
2019-08-07,0.017409686908808508,0.010517891398638346
2019-08-08,0.009589891866277345,0.013226102090904357
2019-08-09,-0.005028838528539192,-0.0067196819761575766
2019-08-12,-0.004118055360674222,-0.0019440087665349992
2019-08-13,0.005639002033254625,0.012310209463127775
2019-08-14,-0.009532620330244823,-0.006234219601706115
2019-08-15,0.016606690824121584,0.012391579608756809
2019-08-16,0.010024246015153615,0.007955918114268545
2019-08-19,0.005145828407051356,0.00614763387250572
2019-08-20,-0.014810401770836035,-0.003847106053387117
2019-08-21,0.004083072695123757,0.0021200065781810107
2019-08-22,0.007208943794020151,0.0024183486389819375
2019-08-23,-0.013763847340579227,-0.018016114790573745
2019-08-26,0.014886383308281514,0.026637102378422206
2019-08-27,0.003300221806636694,0.007626542943041326
2019-08-28,0.0071272634711989635,0.00319094585627
2019-08-29,-0.0010887820499024814,0.006139560951582412
2019-08-30,-0.00018183381905656493,0.005219883704377093
2019-09-03,0.0047239708833697325,0.005338944988012795
2019-09-04,0.008499147142771779,0.012294152499714661
2019-09-05,-0.011655041596165816,-0.016027875906624245
2019-09-06,0.001995566307136043,0.010221989076710125
2019-09-09,-0.012855328358848728,-0.007061206255148278
2019-09-10,-0.0022008683740966095,-0.003958664801732348
2019-09-11,0.006801262301725508,0.0036801122736156433
2019-09-12,0.006207980109794953,0.006820160358886218
2019-09-13,-0.008225521127003033,-0.006191381115581485
2019-09-16,-0.00552846660348405,-0.011433378308086217
2019-09-17,0.005188872207776862,0.006079582598851108
2019-09-18,-0.00018459902330947298,-0.001473934593478221
2019-09-19,0.0053477598428726125,-0.0001476040129489986
2019-09-20,-0.011188456835885097,-0.00568352325537913
2019-09-23,0.0042663507701068415,0.0054190710655830365
2019-09-24,0.0029552992395973643,-0.0005907477960305219
2019-09-25,-0.0023941866469886497,-0.0019944344043869577
2019-09-26,0.004061297219003057,0.004663285208468482
2019-09-27,-0.0014707279250318894,-0.0008840485135455101
2019-09-30,0.0023934855153413537,0.011061786380883065
2019-10-01,0.003857666701645668,0.001969260892747293
2019-10-02,-0.028728331335874713,-0.024968735883400206
2019-10-03,0.014317934794664033,0.029789328746330668
2019-10-04,0.013001576900330214,0.01703771457808445
2019-10-07,-0.012284731801259219,-0.013829517693834004
2019-10-08,-0.005383322157420434,-0.007951354479500572
2019-10-09,0.00466602219234824,0.0044446365381136665
2019-10-10,-0.0031581485517067076,0.000290106519501121
2019-10-11,-0.006708794622572789,-0.0018130707510533028
2019-10-14,0.0,-0.0013805747265593915
2019-10-15,0.003939998566791392,-0.008148214386859087
2019-10-16,-0.0003737946618390664,0.000660174255881607
2019-10-17,0.005608400220962206,0.003958292918414319
2019-10-18,0.018404991233925472,-0.005184015871246728
2019-10-21,-0.010040396292382625,-0.0009540752478274239
2019-10-22,-0.007007199822696597,0.003967086734970371
2019-10-23,0.014670490103149803,0.005780591682901015
2019-10-24,-0.0005489672494362052,0.0032013583884407115
2019-10-25,-0.015748033533251382,-0.00906528481721458
2019-10-28,-0.003348955835683287,-0.0005120257170482256
2019-10-29,-0.002986745016743453,-0.003587895469299829
2019-10-30,0.00992335778555975,0.006025620991590097
2019-10-31,0.009084047939982298,0.0019722073126446915
2019-11-01,-0.009737137774347482,-0.0017495455485099232
2019-11-04,-0.014100286587780952,-0.012926258472270358
2019-11-05,-0.013549153402802494,-0.008508440395659567
2019-11-06,0.0072493292923916375,0.0032087710760029253
2019-11-07,-0.0096590904529682,-0.008330926344734757
2019-11-08,-0.0015302435203778941,-0.0014251671049070325
2019-11-11,-0.007086531638892168,-0.005558572724636113
2019-11-12,-0.0025077998535147916,-0.0030968926529738594
2019-11-13,0.013536947521297193,0.009925918616715323
2019-11-14,0.0041978615752562565,0.0002999600552480164
2019-11-15,0.0007598210290826746,0.0035999384859894956
2019-11-18,0.00683498560512108,0.0018684954839129908
2019-11-19,0.0009431674974886839,0.003804261657983421
2019-11-20,0.002637404563220258,-0.006167688539816973
2019-11-21,-0.004885102353703763,0.0012710027843789717
2019-11-22,0.0013212898948089524,0.001194924032561051
2019-11-25,0.003583059574970626,-0.001790069584195919
2019-11-26,0.012777211174064274,0.013973048882302441
2019-11-27,0.0009276814752310347,0.0015475577700261312
2019-11-29,-0.002801241488857853,-0.0005887747553975364
2019-12-02,0.006554386870426532,0.00036811353013166404
2019-12-03,0.000930504717273628,-0.0030909458505573584
2019-12-04,0.009107671026244324,0.013583438823473015
2019-12-05,-0.001842154071725166,-3.690186865368261e-05
2019-12-06,0.004244411579388263,0.007481593388713792
2019-12-09,-0.0064315365885129205,-0.0014560960380142207
2019-12-10,-0.0055483441251183985,-0.006488828324747731
2019-12-11,0.0033476669397416448,0.006090843666290757
2019-12-12,0.0035217525233204316,0.000583529271790395
2019-12-13,0.00517178749640923,0.005540123125469254
2019-12-16,0.0,-0.0063796656574518495
2019-12-17,0.0,-0.006493494865578264
2019-12-18,-0.009371392719045857,-0.00146861333785131
2019-12-19,0.007605167750724284,0.00367696805058193
2019-12-20,0.011966184150681736,0.010625062686113074
2019-12-23,-0.0010917556039004017,-0.006380386892873902
2019-12-24,-0.003642368206784097,-0.0010944846282047171
2019-12-26,0.00566629241708827,-0.0014610267141637046
2019-12-27,0.005997756109207275,0.0062184661199775615
2019-12-30,-0.001445314812673626,-0.005307576286671889
2019-12-31,0.0014474067711198746,-0.0010231856532383343
2020-01-02,-0.006503789971341045,-0.006219444456339818
2020-01-03,-0.005455772690023064,-0.0013988647281754085
2020-01-06,-0.0003656678412826686,0.0038338055991073983
2020-01-07,-0.007682517727439997,-0.015717962070859737
2020-01-08,0.0018434266969684643,0.005148928400760866
2020-01-09,0.01821533747602766,0.0006681407718087673
2020-01-10,0.0034332106512904303,-0.001928989055382413
2020-01-13,0.01080535436435559,0.014866850629389194
2020-01-14,-0.0023163624988633558,0.0023435157867022216
2020-01-15,0.012500151301716889,0.01717220427355426
2020-01-16,0.0021163944388704614,0.0029452421363236336
2020-01-17,0.00211151341253224,0.011818653218646391
2020-01-21,0.004039504603030597,0.004247553189641096
2020-01-22,0.007696291073412853,0.01071470730988966
2020-01-23,0.0038190392882702096,0.0018835388488034344
2020-01-24,-0.002594002269044715,-0.005082085702113548
2020-01-27,-0.003467205564905096,-0.005457709570407032
2020-01-28,-0.008177066737454108,0.0021106280993061777
2020-01-29,0.0,-0.004984630253958566
2020-01-30,0.03245051896083351,0.014817070461908388
2020-01-31,-0.007814996167554433,-0.012584405940025523
2020-02-03,0.003082261053727331,0.0034502742492450444
2020-02-04,0.004438492052250442,0.00498224789359325
2020-02-05,0.00016985909877909044,0.007540856798463613
2020-02-06,0.002378894468609616,0.00020756977464864157
2020-02-07,0.003390287446958018,0.007205748169065718
2020-02-10,0.009460919803398804,0.0019947697926956387
2020-02-11,-0.0026774503243460757,0.002883706033722344
2020-02-12,-0.003020943740345561,0.0
2020-02-13,0.0033666351085608337,0.0026697920541196574
2020-02-14,0.005703746771586138,0.0035501369108350556
2020-02-18,-0.007006125066767566,-0.00945657509786546
2020-02-19,0.004031645998535893,-0.00048067522226191706
2020-02-20,-0.0008364720915524648,-0.002542239524070067
2020-02-21,0.006865517868404947,0.004753299441022207
2020-02-24,-0.024613509209269635,-0.022008821262417766
2020-02-25,-0.01415171300121032,-0.010796480054065527
2020-02-26,-0.0038049257222096955,0.006236589669717407
2020-02-27,-0.046353968083150066,-0.03951251318676119
2020-02-28,-0.026215173246040502,-0.03182538935935331
2020-03-02,0.04542884369807698,0.04203616919568276
2020-03-03,0.002503790880336032,-0.014537130191612846
2020-03-04,0.05101660977974709,0.05022889547896692
2020-03-05,-0.03699932418354979,-0.02357974528128637
2020-03-06,-0.026083827922878777,-0.006082733568475107
2020-03-09,-0.06152738874808106,-0.05172649821139996
2020-03-10,0.03470889077523509,0.030577727780364272
2020-03-11,-0.02702222852562497,-0.032727215536057286
2020-03-12,-0.09672461052953152,-0.11105944936495693
2020-03-13,0.036791465795430245,0.10499380134216185
2020-03-16,-0.06622662055870687,-0.11267158621201079
2020-03-17,0.042421621302836554,0.1293657138337292
2020-03-18,-0.04938515701980606,-0.05324116644007404
2020-03-19,-0.06733593439948737,-0.02960641226585392
2020-03-20,-0.084388995726981,-0.11428328279135558
2020-03-23,-0.01932112829087862,0.012027243539862953
2020-03-24,0.050319776074701617,0.08233515171543404
2020-03-25,0.0547524948446827,-0.01177095205910117
2020-03-26,0.06440765211379329,0.06897756506371566
2020-03-27,-0.03341608515957062,0.0016631365331316594
2020-03-30,0.0511564096543895,0.04167369484327854
2020-03-31,-0.01666685889432573,-0.04287560088811615
2020-04-01,-0.048135793368444646,-0.01648605896882127
2020-04-02,0.043447517327946494,0.04859466168622184
2020-04-03,-0.002730247172036848,0.005893771013426585
2020-04-06,0.06479595704438967,0.05273314205673807
2020-04-07,-0.003428528646965856,-0.005184705258889033
2020-04-08,0.028166039044273727,0.016324327556132
2020-04-09,0.024675642452524293,0.007691987335835648
2020-04-13,-0.04224466725976339,-0.020504661694062176
2020-04-14,0.042403375704748836,0.05737657473856417
2020-04-15,-0.026778562372639092,-0.024349736721334003
2020-04-16,-0.010711777631236319,0.0045172576281888865
2020-04-17,0.02038199414730979,0.014081593955833194
2020-04-20,-0.0318351122785937,-0.021810184657518383
2020-04-21,-0.024715189022465167,-0.026830195984585914
2020-04-22,0.006610735253210764,0.012830407666593713
2020-04-23,-0.0133535616987972,-0.017795571935683152
2020-04-24,0.007987301421485293,0.031475566120665155
2020-04-27,0.029716541935652208,0.000744476356001611
2020-04-28,-0.000855389030138265,0.013833067774563501
2020-04-29,0.008130128858408137,-0.021713686873786386
2020-04-30,-0.026103566721665028,-0.008023406782561748
2020-05-01,-0.006319650384443265,-0.01625216088999959
2020-05-04,-0.010087619323262409,0.005993527707682356
2020-05-05,0.005759929994270552,0.005728779883545254
2020-05-06,-0.0143172048981407,-0.006759337697562429
2020-05-07,-0.003351953108900352,0.005887911931755863
2020-05-08,0.033856382987013545,0.0203724173284221
2020-05-11,-0.012361616347592141,0.0011174465135208589
2020-05-12,-0.015810143951986544,-0.010716056766862714
2020-05-13,-0.01963426908874344,0.00015072549959471715
2020-05-14,-0.005461948024486518,0.0009023126495348865
2020-05-15,-0.010068848139085484,0.021566228592300174
2020-05-18,0.039528885434350514,-0.0031630898274199737
2020-05-19,-0.00956211386059802,-0.027966370474962976
2020-05-20,0.030309811992831115,-0.003567857663227869
2020-05-21,-0.01568945959829593,-0.007999473102286325
2020-05-22,-0.0030993925145532675,0.002073603266609325
2020-05-26,0.02353953815627441,-0.005594889928191904
2020-05-27,0.013885893523586157,0.00816960578562731
2020-05-28,0.007703964357897108,0.01131415855018103
2020-05-29,-0.00870679715906253,-0.005593542172705357
2020-06-01,0.006640862324336583,0.01094623093671987
2020-06-02,-0.001915260497024951,-0.0027069623375904905
2020-06-03,0.021322211061393537,0.0014325877806429244
2020-06-04,0.0004170653344310882,-0.00930958308248564
2020-06-05,0.024416049750788593,0.014321808727635554
2020-06-08,0.015481762392711707,-0.0017367776543132374
2020-06-09,-0.017051388144949997,0.005748473664265008
2020-06-10,-0.0077547700328327585,0.008723726887186256
2020-06-11,-0.06334860260042985,-0.046894699190339506
2020-06-12,0.010414323052211572,0.00907364894355589
2020-06-15,0.015351003300341226,0.01147289454014766
2020-06-16,0.010151053242568375,0.009120101781642242
2020-06-17,-0.004062409082326357,0.0006834541143450057
2020-06-18,0.008801951458437651,0.007741511612232133
2020-06-19,-0.0206425640640735,-0.011296727540225593
2020-06-22,-0.0060844008543627925,-0.001752123994984478
2020-06-23,-0.002186030129926908,0.002365493528226237
2020-06-24,-0.021691657046468027,-0.013702755737081795
2020-06-25,0.006271397705558179,0.014278986342994404
2020-06-26,-0.03026966926991126,-0.01887210724724353
2020-06-29,0.018131677772286414,0.01667571493921871
2020-06-30,0.0072137831479763825,0.009001837348681319
2020-07-01,0.0031333363345935616,0.000756099782941444
2020-07-02,0.0013389713302549566,0.003702427202176173
2020-07-06,0.007798379972820513,0.003386986829754024
2020-07-07,-0.00044237944297143006,0.0020255696408570945
2020-07-08,-0.003096502934486045,0.00486658613273705
2020-07-09,-0.02573768337006599,-0.011250254580049357
2020-07-10,0.028239486879568787,0.013186594383887584
2020-07-13,0.0022146977243762134,0.003346570472803956
2020-07-14,0.013701919466285739,0.004521694464379555
2020-07-15,0.011554333067624656,-0.013503610396062293
2020-07-16,-0.005387882934540511,0.001421139428114504
2020-07-17,0.01451766259393028,0.005825978034038393
2020-07-20,-0.014950705417568488,-0.011510189005004667
2020-07-21,0.023416847791236428,0.009916459859688143
2020-07-22,0.027118939581822543,0.011753298055789951
2020-07-23,-0.004125622080589086,0.007867164679404182
2020-07-24,0.004349787190490284,-0.007440862932947545
2020-07-27,-0.000206177014094866,0.01183309631718199
2020-07-28,-0.0061881015782282445,-0.002106441671374415
2020-07-29,-0.0033210105243490773,0.004003427213268074
2020-07-30,-0.00687206087136083,-0.0017400295363182439
2020-07-31,-0.009435818226551929,-0.00021799262176747103
2020-08-03,-0.019898418316394495,-0.00697383788518624
2020-08-04,0.008423222834181399,0.0056329663123961815
2020-08-05,0.011351606497575162,-0.008874708799040398
2020-08-06,0.00550604132793886,-0.0028621481605715093
2020-08-07,0.006739461243527867,0.006477065478024402
2020-08-10,-0.0016733220375849678,-0.005557898885324208
2020-08-11,0.004400638654617817,-0.006324787225402417
2020-08-12,0.010431786230207019,0.01983440389471669
2020-08-13,-0.0010324466852895675,0.002177241031979582
2020-08-14,0.0014469002419095212,-0.003910331069082784
2020-08-17,-0.00495356571235106,0.002616895731281099
2020-08-18,0.004355911748968877,0.001377553288611555
2020-08-19,-0.021685195205263463,-0.012019493926185842
2020-08-20,-0.0004222005149003838,0.0019790134430810458
2020-08-21,-0.001478374445682329,-0.0019016073526185728
2020-08-24,0.014594082059512958,0.008647208039454402
2020-08-25,-0.0012509503948915368,-0.002470173643567608
2020-08-26,0.005217879240161816,0.008521252985921768
2020-08-27,0.001453700843909278,-0.0005053587785273095
2020-08-28,0.03317444073053899,0.01112714475150356
2020-08-31,-0.006020637049533928,0.0008573523297876751
2020-09-01,-0.00827752383765723,-0.006211360022256862
2020-09-02,0.04214134624149524,0.029455910219624792
2020-09-03,-0.013869782795490782,-0.020363115815217214
2020-09-04,0.011093484499670403,-0.004376832462624214
2020-09-08,-0.024098717311969553,-0.023133226659778572
2020-09-09,0.0076287604564238,0.01150835766133107
2020-09-10,-0.00378531854548958,-0.017139336315352804
2020-09-11,0.021199891951438232,0.007791592801240643
2020-09-14,0.0011845107012942169,0.00633252267139417
2020-09-15,0.006704914844428256,-0.007683107909716491
2020-09-16,-0.005092839559669993,-0.0047192305426164705
2020-09-17,-0.004725609345920145,-0.013186887340785214
2020-09-18,-0.001977999854549717,-0.012987975820008435
2020-09-21,-0.026957508406161734,-0.001749257206858923
2020-09-22,0.011611283148680096,0.0069338333734549895
2020-09-23,-0.02919872813932123,-0.00870225778183431
2020-09-24,0.010164139427659258,0.004427370122825236
2020-09-25,0.00041064654005973367,0.014971991404177487
2020-09-28,0.011494037924238087,0.033096194285933356
2020-09-29,-0.0073051059663281626,-0.005870754747047902
2020-09-30,0.009198648893153472,0.010498591499589427
2020-10-01,-0.0038484773241290737,0.01587327189646537
2020-10-02,0.0036602112390669017,-0.019460505236212344
2020-10-05,0.00040524801252206366,-0.000941644535711661
2020-10-06,-0.008910737729561746,-0.016167710028834548
2020-10-07,0.012668827487231082,0.009653595700266582
2020-10-08,0.01815971771567959,0.006131222109968526
2020-10-09,0.006936113725181325,0.00427987483781922
2020-10-12,0.00551066835771441,0.02665413964053065
2020-10-13,-0.017028467507473444,0.00992043851597102
2020-10-14,-0.0019912689677168416,-0.007105712165980993
2020-10-15,-0.0025938509970847567,-0.007648335003788365
2020-10-16,0.0008002816933239121,0.002121236961489581
2020-10-19,-0.008195189802464253,-0.014464023939913973
2020-10-20,0.012696541584212406,0.00021467546902220747
2020-10-21,-0.005174190494157682,-0.0007875034118537405
2020-10-22,0.013802626586119748,7.186420920213266e-05
2020-10-23,-0.0031570050465159483,-0.000358236528745115
2020-10-26,-0.014251785327997424,-0.010748034784827998
2020-10-27,0.0020083375968391604,0.007677885705912102
2020-10-28,-0.03887818035651669,-0.03558090149076265
2020-10-29,0.0012512330197098631,-0.0013415006699584175
2020-10-30,0.0008331129280685357,-0.005224223104075665
2020-11-02,0.011651881474544545,0.013954546657948708
2020-11-03,0.015014292745446634,0.013984436629061348
2020-11-04,-0.003647141000538756,0.005983599954566099
2020-11-05,0.005491014934452476,0.0013782978232959042
2020-11-06,0.0002022500712022257,0.002390316038176632
2020-11-09,0.06309396066142559,0.0005057487531519023
2020-11-10,0.026821520682822175,0.02361865803325003
2020-11-11,-0.007410350489687079,0.01538256762273571
2020-11-12,-0.010638174862166894,-0.000417016641377721
2020-11-13,0.00830029454543113,0.006048685939468834
2020-11-16,0.007483916100365695,0.007255600270233087
2020-11-17,-0.003157185382048122,-0.003567666257126456
2020-11-18,-0.01993270167285166,-0.012806212600658284
2020-11-19,0.009883908859219748,-0.00041840020230610175
2020-11-20,-0.008658039094504466,0.0006979263504645061
2020-11-23,0.00018993352326690527,-0.0027891142485013676
2020-11-24,0.010250484774651625,0.007061658538009441
2020-11-25,-0.005449094958910994,0.000902677927414608
2020-11-27,-0.004345377327198308,0.0030525854412493114
2020-11-30,-0.013195632113860878,-0.0025594296131939975
2020-12-01,0.008526900838315532,0.012758122476387301
2020-12-02,0.0013454107033370466,-0.009927127911836808
2020-12-03,0.012857300600076282,0.005940049403213132
2020-12-04,0.02027304948534847,0.009692061022653409
2020-12-07,-0.015970409759957893,-0.0032913266514822404
2020-12-08,0.0035854810621362976,0.001032397415839048
2020-12-09,0.0028207223435854356,0.0011679234234545088
2020-12-10,-0.005250362902825767,-0.007001191618515201
2020-12-11,0.005655098304748307,0.002073897448656048
2020-12-14,-0.001499444465060562,-0.0051047944105598875
2020-12-15,0.010700073141716837,0.003744213163540566
2020-12-16,-0.014487328320562987,0.0008288591497003228
2020-12-17,0.003957873660679123,0.005659454520201113
2020-12-18,0.008822995348458429,0.00837266660035918
2020-12-21,-0.017305696657891945,-0.010413066040312335
2020-12-22,-0.0009467997321709332,-0.009490959461947002
2020-12-23,0.006065106664746578,0.002707852364248753
2020-12-24,0.006782334304269888,0.004501238258143303
2020-12-28,0.013473034519560168,0.012753088776514154
2020-12-29,-0.0005538196530865402,0.003471806850509296
2020-12-30,0.005726892773007419,-0.0007463889174064153
2020-12-31,0.007347527898728279,0.006720525348171469
2021-01-04,-0.03792854704343196,-0.02717450398583965
2021-01-05,-0.010993268198511208,0.0029806157930230004
2021-01-06,-0.03181280485037141,-0.012232504686060852
2021-01-07,-0.01108488149926612,-0.0032182181385621567
2021-01-08,0.02241799541121714,0.01200272617449416
2021-01-11,-0.017227854209253768,-0.014496127221771515
2021-01-12,-0.0017929724986309736,-0.004644838921184835
2021-01-13,0.0009979050578532433,0.008202021349757782
2021-01-14,-0.018540746171497036,-0.005820859335815665
2021-01-15,-0.010765515534264414,-0.002610031987741457
2021-01-19,-0.0039015125182807475,0.004738545714156883
2021-01-20,0.003504485127858059,-0.005138726968156759
2021-01-21,0.005546405532923515,-0.012169831960473276
2021-01-22,-0.009397583953301258,-0.007306288515679493
2021-01-25,0.005980711831481189,0.011472673830913438
2021-01-26,0.010455171340199021,0.011556838747223352
2021-01-27,-0.015418789429840651,-0.026516192858352605
2021-01-28,0.012775279642026849,0.008330751285281934
2021-01-29,-0.020345716052208584,-0.018823119599103655
2021-02-01,0.006853537460006276,0.0030022515039298536
2021-02-02,0.009900976252257498,0.010219929743549239
2021-02-03,-0.003880702040094386,-0.0026012026792461285
2021-02-04,0.004921143809579531,0.012026923209838003
2021-02-05,0.013058632284121297,0.00916450335732133
2021-02-08,0.005437682456641779,-0.003972924895874641
2021-02-09,-0.004406932912864869,-0.005698217697381991
2021-02-10,-0.0020120925635336295,-0.013610307043696368
2021-02-11,0.014113044697019017,-0.019825539673893777
2021-02-12,0.007753411988323133,-0.008150135323629848
2021-02-16,-0.0082857582082696,0.003809919123238359
2021-02-17,-0.002784845341367914,0.0005950006972503807
2021-02-18,0.01276669872670233,0.006768073390490015
2021-02-19,-0.012999808942862678,-0.02112738470344977
2021-02-22,0.010377472945028554,-0.003924125995939942
2021-02-23,-0.0017779230787362543,0.005985265019295971
2021-02-24,0.0033637240989621287,-0.005196889796508231
2021-02-25,-0.010648573023828933,-0.01582231630383335
2021-02-26,-0.023520064233512494,-0.006230771819678349
2021-03-01,0.018575365220883766,0.011068917592472527
2021-03-02,0.00400778313386807,0.0034451797819117225
2021-03-03,-0.0023952513953879873,-0.014724829782798432
2021-03-04,-0.000800273842150867,0.005564976121387177
2021-03-05,0.017020593348524127,0.032601150092008035
2021-03-08,0.016735652110456245,-0.006765361796333025
2021-03-09,-0.015104786347992838,0.0009081190290192165
2021-03-10,0.011403948843577094,0.010056759957419281
2021-03-11,-0.010886629150947513,-0.0026949207352010562
2021-03-12,-0.001981863228606162,-0.00135137470477098
2021-03-15,0.013304291244557787,-7.503356845905973e-05
2021-03-16,0.0037234706995088462,0.0073667014478255854
2021-03-17,0.00039015865489266943,-0.0029101524304121495
2021-03-18,-0.013075365648581805,-0.00815732208888087
2021-03-19,0.004745805381026091,0.014864376621884112
2021-03-22,0.003739415869451035,0.02453538997959992
2021-03-23,0.007647066113751988,0.012046913419640592
2021-03-24,0.0025296483509658074,-0.004661272309339659
2021-03-25,0.00970500069433311,0.005907222840230153
2021-03-26,0.01960785496490014,0.021986772040749614
2021-03-29,0.015271643935472312,0.014786162383401358
2021-03-30,-0.012999194776980416,-0.01567574975833519
2021-03-31,-0.008278382519737448,-0.0076468465735415325
2021-04-01,-0.003794528388375684,-0.001201853564159694
2021-04-05,0.005713131041331199,0.013306954604966004
2021-04-06,0.0071955972485775455,0.0035621119433724147
2021-04-07,0.001692036254428153,-0.0018094434605924192
2021-04-08,-0.003002945902382259,-0.00606660832380701
2021-04-09,0.0011293699477721297,0.00021060891832691553
2021-04-12,0.0031968196512401903,0.0031561069821208765
2021-04-13,-0.004873510223019739,0.00021002935002711887
2021-04-14,-0.00018812360801834238,-0.006571119668563163
2021-04-15,0.004709717863679241,0.001407389824313432
2021-04-16,0.006562679748709277,0.012999692048613287
2021-04-19,0.005961640405608648,0.004092694089406601
2021-04-20,0.0031477762184215496,0.0066320617082991085
2021-04-21,0.008122920166587777,0.00871589727128197
2021-04-22,-0.0031131078050558036,-0.006191049198280285
2021-04-23,0.0005510342803103363,-0.001643343552186205
2021-04-26,-0.01487063710222103,-0.016937471058118048
2021-04-27,-0.0014907565574909798,-0.0032785507524746293
2021-04-28,0.0001867378166751088,-0.007418214322423733
2021-04-29,0.012502322285264267,0.01487712016895082
2021-04-30,-0.005160322603191325,0.0015283263192584773
2021-05-03,0.009262719422811427,0.011306874605008899
2021-05-04,-0.006241154709479502,-0.012552448287921458
2021-05-05,-0.002585549718903124,-0.0004860889128049939
2021-05-06,0.009999765902873659,0.011605973289040783
2021-05-07,-0.0005496130352729001,0.0
2021-05-10,0.007337795758325161,0.007969189758927131
2021-05-11,-0.010744955439432657,-0.007292667731574998
2021-05-12,-0.00515470596026546,-0.009749421962139904
2021-05-13,0.008697738951201295,0.014837388730625678
2021-05-14,0.004035508063080284,0.0015032023014742713
2021-05-17,-0.001644179800898149,-0.0028653860753744542
2021-05-18,-0.005490910573610619,-0.004515155125931036
2021-05-19,-0.0031284121495539496,-0.0005498269064599937
2021-05-20,0.008861156811277748,0.012376972530135033
2021-05-21,-0.0005487528340952785,-0.0008826601563707293
2021-05-24,0.003295309625083176,0.0050985390300000155
2021-05-25,-0.0001824987241040299,0.0030435193103146574
2021-05-26,0.004380441598257345,0.0
2021-05-27,0.00835912066843636,-0.012070131792869976
2021-05-28,-0.003604264723452877,0.009760328638205973
2021-06-01,-0.00018088133722138355,-0.0020953373899164074
2021-06-02,0.00397986607331835,0.003996496431710517
2021-06-03,0.00252243354502224,0.0035678376935293077
2021-06-04,0.010783402141018472,0.0011511395376024858
2021-06-07,-0.003556040598196697,-0.000608851890117279
2021-06-08,-0.006959321712306177,-0.009340112149825441
2021-06-09,-0.0030546880342854354,-0.0018444062720180954
2021-06-10,0.007750371492155406,0.010267291261403466
2021-06-11,0.004471727526167868,0.0006094743702806937
2021-06-14,-0.0034088077282700135,0.005958665519740558
2021-06-15,-0.002520137875930195,6.688538999921612e-05
2021-06-16,-0.013355347209558888,-0.009960818118988857
2021-06-17,0.0051219778971316465,0.009653132077029003
2021-06-18,-0.021474307305418106,-0.02087247827788219
2021-06-21,0.010972703900333114,0.007839490569470753
2021-06-22,0.0036791733351273503,0.0015008436505419276
2021-06-23,-0.008064559532913629,-0.013148414154181443
2021-06-24,0.004989058303838556,0.005660754969812443
2021-06-25,-0.0012869021144558124,0.0050799307387032755
2021-06-28,-0.0011045973232476358,0.004303095643550581
2021-06-29,-0.0073719067248477765,-0.0006801142518217951
2021-06-30,0.004641742191041631,0.008370668244966017
2021-07-01,-0.0027722926957617355,0.00020211244390178074
2021-07-02,0.004077074493123778,0.004791321905488255
2021-07-06,-0.005537094377124463,0.0014772188585581159
2021-07-07,0.008166421388863032,0.004425664894680548
2021-07-08,-0.0034980007329035168,0.000467158757444297
2021-07-09,0.006096446839445324,-0.0025356214026627244
2021-07-12,0.00036722542118194923,0.00020028077987421788
2021-07-13,0.00991193663534129,0.023075894962224952
2021-07-14,0.022537372524563448,0.010329322149455367
2021-07-15,0.003199365314755065,0.004594289738729884
2021-07-16,-0.0007086851533376626,0.0036715874480564015
2021-07-19,-0.011879486361901614,-0.00012812648925297765
2021-07-20,0.0017942845391192286,0.00012814290775398085
2021-07-21,0.012896267950255558,-0.0037218136217590514
2021-07-22,-0.001414770798790932,-0.000322502104236011
2021-07-23,0.009562799337293981,0.012822983062537041
2021-07-26,0.0008771945569920891,-0.0006998052660805998
2021-07-27,0.0035049233061181795,0.005538866793773467
2021-07-28,-0.009081283289744113,-0.009180442038993375
2021-07-29,0.005463466211157009,0.0020444790809772684
2021-07-30,-0.000350787767318006,0.0008929514788602599
2021-08-02,-0.0026299591124091526,-0.0040136606747246395
2021-08-03,0.0007030465899775518,0.002238797258473202
2021-08-04,-0.014406081535973336,-0.01672302667973813
2021-08-05,0.007130198996038173,0.001687479460672714
2021-08-06,0.0024778426562825917,0.0001298486285807865
2021-08-09,0.00017642785593174892,0.00012959762804731767
2021-08-10,0.002647914473815405,0.000518323338714044
2021-08-11,-0.001232534492753845,0.0039499925006065695
2021-08-12,0.001939196473401017,0.0001933314066229208
2021-08-13,0.006861407045182677,0.009350700979251503
2021-08-16,0.004368101593520857,0.009774981836617513
2021-08-17,-0.00347931437304394,-0.0009490478370637323
2021-08-18,-0.01361724656527874,-0.01025972797028818
2021-08-19,0.006371786643777577,0.016828696416508748
2021-08-20,-0.0038692896990696335,-0.0035235812528786603
2021-08-23,-0.0035310707835470856,-0.0031576886380942915
2021-08-24,-0.007618877795877332,-0.01241677728309265
2021-08-25,0.001071347859191052,-0.004426317249807243
2021-08-26,-0.009452320695060301,-0.003672653296429851
2021-08-27,0.0019805048088303856,0.0020049245030657747
2021-08-30,0.009523977798358452,0.006841281750308292
2021-08-31,0.0023137667617616486,0.002499810637954347
2021-09-01,0.006748368098120627,0.009719336244509158
2021-09-02,0.001411198263585156,0.0007332979632532766
2021-09-03,-0.0007048007250991528,0.0008919122617183639
2021-09-07,-0.01868486308375683,-0.016296449112235267
2021-09-08,0.013472317616495255,0.014171838520864233
2021-09-09,-0.009925503327072205,-0.006316671010067387
2021-09-10,-0.004475550341916712,-0.0017339623748140465
2021-09-13,0.008271839319147212,0.0019297405008067425
2021-09-14,0.0007189956247675156,-0.003915987206999372
2021-09-15,0.0034116058668678395,0.0056075200889005306
2021-09-16,-0.009484694163005014,-0.0029486283995573404
2021-09-17,-0.016440880730695162,-0.0091923855744791
2021-09-20,-0.006979881798682808,-0.0033739943505969316
2021-09-21,-0.00018509686014123172,-0.00045582802176480364
2021-09-22,0.0014799869248078856,0.0030617048589911544
2021-09-23,-0.0016624941834323392,0.0007789068528771814
2021-09-24,-0.0027757646467978514,0.0004541736356686865
2021-09-27,-0.005195866185284226,-0.009597903068347513
2021-09-28,-0.01809374060723712,-0.010935238679156245
2021-09-29,0.006079273919823436,0.008275176312446009
2021-09-30,-0.009252375692229253,-0.012409626118826345
2021-10-01,0.010482175353308643,0.0035905264409334947
2021-10-04,-0.0005657664098493997,-0.00496866743207991
2021-10-05,0.0016983433818649196,0.005925353791583099
2021-10-06,0.011868912854070546,0.025613986247202236
2021-10-07,0.003165179051148437,0.009228092616518468
2021-10-08,0.0044542155763955815,-0.002301734171963221
2021-10-11,0.0020325848374278532,0.0013456992138567436
2021-10-12,0.0,0.004416543420212804
2021-10-13,0.0001845980867267727,0.006754399496047281
2021-10-14,0.006821459999881041,0.008038429264139557
2021-10-15,-0.0023806503046183147,-0.002825769385263577
2021-10-18,-0.009911935693148965,-0.0045335460031417085
2021-10-19,0.0038932265667768196,0.012714326966559497
2021-10-20,0.008864421028561775,0.0075576815562934385
2021-10-21,-0.005125646273097195,-0.013204410332454675
2021-10-22,0.0018401179014433389,0.004963110916611946
2021-10-25,-0.004040450733969414,-0.004688450679957712
2021-10-26,0.004425631236699701,0.012247325444421753
2021-10-27,0.019276642137175504,-0.003474791920543785
2021-10-28,0.009366044949348673,0.0062887024576507855
2021-10-29,0.005888679521672158,-0.00012368677179963594
2021-11-01,-0.003548119942168637,-0.002104045657390974
2021-11-02,-0.0012461420186808958,0.009177816650642656
2021-11-03,0.0033868305682651645,0.009585802770459617
2021-11-04,0.00550723352946747,6.0725399851024875e-05
2021-11-05,0.004240239292769843,0.010285668354388156
2021-11-08,-0.008972569929301288,-0.021506137692379856
2021-11-09,0.0028406371662992314,0.006648982446620044
2021-11-10,0.004071282543115506,0.003241129831103029
2021-11-11,0.0003526770876907115,-0.008229521721813238
2021-11-12,-0.002291203746616177,-0.00024585691392331466
2021-11-15,0.00017652517792732247,0.007070593401161895
2021-11-16,-0.0070645183530385625,-0.002991419470497081
2021-11-17,-0.0055140906529950184,0.0003671105030083055
2021-11-18,-0.008942767661247353,0.0003062342056796563
2021-11-19,-0.005053413086036684,0.002386424142227561
2021-11-22,0.00616730525621878,0.002075440612120172
2021-11-23,0.007391370214848703,0.006701422557367387
2021-11-24,-0.008053016866560458,-0.009137887298738434
2021-11-26,-0.030669313049004998,-0.015878660725616722
2021-11-29,0.015819922340699843,0.018617189797673017
2021-11-30,-0.031573232837068144,-0.02656254424239146
2021-12-01,-0.0028597088493913514,0.0023784591430180413
2021-12-02,0.014722693271847387,0.009648568299731597
2021-12-03,0.008856233831655347,0.02546391905877221
2021-12-06,0.02558832289029178,0.010382061463440007
2021-12-07,0.005463423400590139,-0.0011419351978015913
2021-12-08,-0.0038035283135987585,0.0017446698090952673
2021-12-09,-0.002545552815420904,-0.001261561413989254
2021-12-10,0.025883997778548773,0.01599456841223046
2021-12-13,0.026297115714316366,0.004971178850622371
2021-12-14,0.000692558444718161,-0.0024730843069726838
2021-12-15,0.00449840068994134,0.012869487149295589
2021-12-16,0.010161792147562076,0.0014573465882474768
2021-12-17,-0.015686304980720878,-0.020486546267166283
2021-12-20,-0.0032911532873619587,0.006654659649134809
2021-12-21,0.003997150940957983,-0.0029511553334944374
2021-12-22,0.007097021270205062,0.00621607590555695
2021-12-23,0.0006875589488217759,-0.0011181895878229486
2021-12-27,0.00738589802488776,0.009954240748861531
2021-12-28,0.003921501532835769,0.005190588376175587
2021-12-29,0.0011888675558378026,0.0035387658249119713
2021-12-30,-0.0028837894402582442,-0.0017342902466113141
2021-12-31,0.0073156807761487475,0.006023373799526555
2022-01-03,0.0015197072393347,-0.004202639932631369
2022-01-04,0.01669510824128806,0.001445261071790993
2022-01-05,0.008292934754208225,0.0034059595752458094
2022-01-06,-0.005264093825702143,0.00023021039178927616
2022-01-07,-0.002314997651451711,0.001265301879376235
2022-01-10,0.0016574585234079287,0.0005169693737883119
2022-01-11,0.00033108820339111666,-0.00045939323047383684
2022-01-12,0.0014888238900165884,-0.001091419599029253
2022-01-13,0.005946587114410429,0.0016102191414979483
2022-01-14,0.008045747095836386,0.008381986924878015
2022-01-18,-0.007981529726221459,-0.00956509684945972
2022-01-19,0.0016419451509732674,0.0071858022515007836
2022-01-20,-0.004098493136613368,-0.00724857432904169
2022-01-21,-0.004938143374364268,0.0016100538187542313
2022-01-24,-0.008105859227674483,-0.005108962276119122
2022-01-25,-0.0023349069168711045,-0.011480849055294118
2022-01-26,-0.003677716125613739,-0.010563508485031958
2022-01-27,0.0008389533132884264,-0.0009439333253778992
2022-01-28,0.01994948461688839,0.01948383583867752
2022-01-31,0.0027942764471888815,0.0049228752977570345
2022-02-01,-0.007375720467563296,-0.006800431181214206
2022-02-02,0.01023779361698618,0.01816181029619135
2022-02-03,0.007028338536008372,-0.0005701649242421114
2022-02-04,-0.010550293175520253,-0.016422149330205027
2022-02-07,0.010498755771972457,-0.003942615996084031
2022-02-08,0.006493574856436313,0.00122261475227603
2022-02-09,-0.01548393398289738,-0.000465134978253956
2022-02-10,0.005570097609514102,-0.020763236469951263
2022-02-11,-0.017757961359650354,0.0012474882706565715
2022-02-14,0.006468448407475513,-0.011151976138630282
2022-02-15,0.0037903832627812495,-0.004439138667884146
2022-02-16,-0.00016395177443806475,0.0020485506724163827
2022-02-17,0.020032594266143233,0.0027062028733617627
2022-02-18,0.006761087276001998,0.0057569530670114055
2022-02-22,-0.00415732025729354,0.003816177309883484
2022-02-23,-0.011079020170153164,-0.009860497459995177
2022-02-24,-0.017535201061668393,-0.01739758903190869
2022-02-25,0.038671257344317755,0.028023793513861417
2022-02-28,-0.009705530760929837,-0.02755700800191052
2022-03-01,-0.0043381582339677704,-0.008977164118339931
2022-03-02,0.007422890208724331,0.013865626708049472
2022-03-03,0.0006407524450928737,-0.0010707262173754728
2022-03-04,0.0016006800014112255,0.015189742720980615
2022-03-07,-0.02381320714006141,-0.019909608129178857
2022-03-08,-0.03962006211822666,-0.028193173006217376
2022-03-09,0.005114158539288427,-0.002977449006488775
2022-03-10,-0.01831753102245237,-0.01836073577944397
2022-03-11,0.0006910468102450107,-0.005048248831025948
2022-03-14,0.018441264589682316,0.014050945505013956
2022-03-15,0.018448826281593833,0.019949599791447392
2022-03-16,-0.0026836249571212667,0.004402526650037153
2022-03-17,0.010595247968426813,0.007764761479296389
2022-03-18,0.00016644634236695488,0.011494686656131181
2022-03-21,0.007986647725813256,-0.0014127844373549303
2022-03-22,0.0036316267659335377,0.010949973339375418
2022-03-23,-0.006578817968465378,-0.005233317903509338
2022-03-24,0.009602394086434929,0.006055896567639163
2022-03-25,0.009019513040427363,0.00468170560336123
2022-03-28,0.006338356157606473,0.002965423115040222
2022-03-29,0.003875948848992783,0.014843324617511033
2022-03-30,0.0008043774700432493,-0.0013672141910642255
2022-03-31,-0.0033756281201544613,-0.0034532891379797093
2022-04-01,0.014032272578674565,0.014218921004760077
2022-04-04,-0.00524908912682065,-0.0025917907190797784
2022-04-05,-0.0011191331296991347,0.0010630664567654602
2022-04-06,0.010084875144546812,0.0170502352350983
2022-04-07,0.005388255785641949,0.0009281654772363979
2022-04-08,0.0061475259539396365,0.0033611206636365853
2022-04-11,-0.00031318304407779163,-0.0030609215125801947
2022-04-12,0.011753529439024302,0.004055526133982745
2022-04-13,0.0026331338388008163,-0.0017312228279862119
2022-04-14,0.004480130706308483,-0.006358586748259731
2022-04-18,-0.008920230433880016,-0.00860949071243644
2022-04-19,0.00977636675762672,0.01455245441097186
2022-04-20,0.01367771435292564,0.014863784656807821
2022-04-21,0.003790117582713304,-0.003590376563675224
2022-04-22,-0.014499442387239436,-0.015385637526156626
2022-04-25,0.01057504246791563,0.009236481070948432
2022-04-26,-0.013497183440219107,-0.0025324181010359936
2022-04-27,0.00783996437163803,0.008943748694660192
2022-04-28,0.009609684066471669,0.015155980391025059
2022-04-29,-0.02387060317824896,-0.032619712790660116
2022-05-02,-0.01810880669993875,-0.023004082425666428
2022-05-03,-0.0056746920701891135,0.0013712464884965136
2022-05-04,0.03091312075744357,0.03494246195234596
2022-05-05,-0.007996312490855306,-0.019958756804989708
2022-05-06,0.0035652247242929924,0.00011774627600114052
2022-05-09,-0.0020077140821697093,0.007569477191189389
2022-05-10,-0.00928650541053222,-0.0012226233691952082
2022-05-11,0.004686640608186021,-0.004840101324713686
2022-05-12,0.0031098748517279784,-0.0015236104628999492
2022-05-13,0.018756780138767803,0.01948352636145878
2022-05-16,0.0036519036004907246,0.01007375918651543
2022-05-17,-0.0027288793853376125,-0.005755925236447856
2022-05-18,-0.0696261104260475,-0.06196262166027389
2022-05-19,-0.019607812485899934,-0.014970741503782858
2022-05-20,0.016333163545006357,0.006265238805176709
2022-05-23,0.030829933544558763,0.02089888923445704
2022-05-24,0.018453564571945247,0.013405964703147477
2022-05-25,0.0007810755693840044,0.006852407548896267
2022-05-26,0.003589980551811811,0.006746665730474
2022-05-27,0.005909755309592146,0.009758630887414244
2022-05-31,-0.020098988939128648,-0.023403660910155555
2022-06-01,-0.004891170294552216,-0.007511006991546831
2022-06-02,0.010464474655751399,0.008104535317108086
2022-06-03,-0.01192522660202755,-0.010979134222089293
2022-06-06,-0.0015879920591419516,0.004185495225819569
2022-06-07,0.006044036765273653,0.006161885331887218
2022-06-08,-0.0056914646181374096,-0.00498314948392653
2022-06-09,-0.017332063075519266,-0.01780032558310296
2022-06-10,-0.006310524499987591,-0.0015969204994594755
2022-06-13,-0.0011400800817742418,-0.017105788233094388
2022-06-14,-0.02742186411677816,-0.022661700699803222
2022-06-15,0.0074285056174288044,0.010696853875783452
2022-06-16,-0.010055119012104985,-0.0048167747691943985
2022-06-17,0.006094570098738927,0.0001912742008618462
2022-06-21,0.021369629986728977,0.02323973774469712
2022-06-22,0.007413477422995696,0.008213389462884857
2022-06-23,0.011937764793654937,0.012775345648252445
2022-06-24,0.018746077589680388,0.012370721942468688
2022-06-27,-0.0020622698377901205,0.0013242202422782956
2022-06-28,-0.010014223189116933,-0.014066905091653648
2022-06-29,0.0072254027717169045,0.016584227844235855
2022-06-30,0.0028693870381972797,-0.0004196732792367541
2022-07-01,0.02336672665912909,0.016380671687415083
2022-07-05,-0.01708611419257211,-0.0022434585430973764
2022-07-06,0.0020544486194762346,0.009999543224061824
2022-07-07,-0.007885226518044464,-0.0019919762586428913
2022-07-08,0.0036560973559280896,0.008922533707240499
2022-07-11,-0.0031677558056661947,-0.008203563621816734
2022-07-12,-0.004289686355441802,-0.005689991698871744
2022-07-13,-0.004627407895155478,0.003539790874396598
2022-07-14,-0.0032061424162869168,0.00517315315568645
2022-07-15,0.005146369385993443,0.0008187917488913232
2022-07-18,-0.013600011770954601,-0.016713281424060256
2022-07-19,0.014274026146556373,0.010697739070816947
2022-07-20,-0.016472053456480396,-0.010584508757931821
2022-07-21,-0.0022763571742423494,0.0014856519362596021
2022-07-22,0.003748312284961086,0.006528110636108586
2022-07-25,0.009741940978729602,0.0014150395647052338
2022-07-26,0.016401322669172602,0.011657269867459075
2022-07-27,-0.0031639063595186867,-0.0013967576759499334
2022-07-28,0.01666394873664223,0.018940609392539276
2022-07-29,0.0017169845260442962,0.0006861545143124204
2022-08-01,0.005454172230495047,0.011374193414156686
2022-08-02,-0.013639019275928255,-0.0082509528337954
2022-08-03,0.004399757156525075,0.00763568372182144
2022-08-04,-0.00391125747397203,-0.005429053551439522
2022-08-05,-0.0045545945815460565,-0.007505497485435386
2022-08-08,-0.006468944637986418,-0.004010125455954805
2022-08-09,0.0012703997408873846,0.00373869495158341
2022-08-10,0.009516422616676401,0.008252115709403762
2022-08-11,-0.006755828673449038,-0.005115484716165075
2022-08-12,0.0075925293848737585,0.013083126467978712
2022-08-15,0.012558884704183093,0.010996172834033535
2022-08-16,0.008217046386863158,0.00580106736265229
2022-08-17,-0.002306684392143876,-0.0005546134289786675
2022-08-18,0.005240435445043268,0.0009987996060225601
2022-08-19,-0.0007666990217799485,-0.0012749380077355932
2022-08-22,-0.014884061908465251,-0.009546375618700975
2022-08-23,0.0010902439841222744,-0.0004486752206322997
2022-08-24,0.0014004172164456818,0.004989796510908473
2022-08-25,0.004816622923601743,5.5720630102173985e-05
2022-08-26,-0.024122288599176422,-0.0235957834781646
2022-08-29,-0.006021302674768747,-0.0031420360011521486
2022-08-30,-0.009246100920714428,-0.008596354412846341
2022-08-31,-0.007079561427310588,-0.004161971462306457
2022-09-01,0.00469939475265746,0.0101098147724894
2022-09-02,-0.013709620138574574,-0.01267010541712843
2022-09-06,0.0004906230559793556,-0.006738665452323045
2022-09-07,0.018470108334370794,0.022063878271043613
2022-09-08,-0.003049409158787153,-0.0033482016825701066
2022-09-09,0.0032197701826219838,0.003185549105347185
2022-09-12,0.002888194986207182,0.00392550109459644
2022-09-13,-0.032480028924495974,-0.037319966474368416
2022-09-14,0.005291900969004892,0.00758589933840681
2022-09-15,-0.013587269363822485,-0.016599327129314334
2022-09-16,0.00016797553907510476,0.0065709137212566215
2022-09-19,0.007557845724577961,0.010540826767983624
2022-09-20,-0.0015004021077649199,0.001125949968522777
2022-09-21,-0.008347114841897652,-0.002841594473786957
2022-09-22,-0.0023568767252379885,0.0009500356535594445
2022-09-23,-0.011137332369347663,-0.0004746187742029617
2022-09-26,-0.012457624911972998,-0.00041534610032822883
2022-09-27,-0.02574711731059398,-0.014484979263989617
2022-09-28,0.010641934012467713,0.01602304790194542
2022-09-29,-0.0071954351682684825,-0.01221307496725077
2022-09-30,-0.00972229209639297,-0.020106868983692072
2022-10-03,0.011245898052105519,0.012189054566674518
2022-10-04,0.002294697266261858,0.011255815959449356
2022-10-05,-0.009510298797726913,-0.006642340512224898
2022-10-06,-0.021515109321557757,-0.01927715686428222
2022-10-07,-0.009449311980733732,-0.007309612099674623
2022-10-10,-0.002201339706598082,0.0012994235172743007
2022-10-11,0.001654726024558295,0.004758621635120752
2022-10-12,0.012114506252678847,0.04182275271543534
2022-10-13,0.013239100247685487,0.030816375313982958
2022-10-14,-0.015929865202282456,-0.025313389917220985
2022-10-17,0.012913640032284013,0.014924385052172529
2022-10-18,0.013467389978384592,0.013489356051830104
2022-10-19,-0.008504482496464738,-0.009710952458830358
2022-10-20,-0.015725631337598522,-0.010959895434067168
2022-10-21,0.015976877828251412,0.009331697176508724
2022-10-24,0.028770428331473363,0.026695919223859832
2022-10-25,0.023970868182336957,0.0033204656890455375
2022-10-26,0.007463861293093732,0.004487758169802181
2022-10-27,0.0023575625746052875,-0.0010611294658913195
2022-10-28,0.020661639304461854,0.018727766508213506
2022-10-31,-0.014976902692916405,-0.0035671136526330693
2022-11-01,-0.003508698053450998,-0.004515907648567907
2022-11-02,-0.013916974916256986,-0.013941029492598012
2022-11-03,-0.0005100962098737449,-0.00258079690704216
2022-11-04,0.008166142163938073,0.00562476547510582
2022-11-07,0.0038811126801434614,0.007998739977392644
2022-11-08,0.00184911775504637,0.002774556971374853
2022-11-09,-0.013926243865899024,-0.011952759659383028
2022-11-10,0.0359026427897704,0.01764200261955784
2022-11-11,0.0072273148796118125,-0.020087866631301354
2022-11-14,-0.009621538333356217,-0.007413948603098075
2022-11-15,-0.0016467054563245043,0.002602749190279363
2022-11-16,-0.0018141375052885822,0.0064340351934282225
2022-11-17,0.003139256693193815,0.009532786683719596
2022-11-18,0.0070828422782489575,0.00722121631076611
2022-11-21,0.015374755547878483,0.019246447332511796
2022-11-22,0.004348976992744946,0.00010831232852326345
2022-11-23,0.004491073535064727,0.0012983786379809903
2022-11-25,0.0009578306108455337,-0.005241048991269648
2022-11-28,0.00015957683559686409,-0.0011949866160549938
2022-11-29,-0.003508694695436354,-0.0070696377941027455
2022-11-30,0.025306180409255807,0.01599248357959482
2022-12-01,0.002829771519400781,0.008353189708300679
2022-12-02,0.008778735682989591,-0.0011297328925962136
2022-12-05,-0.013675172070606534,-0.013840249469271981
2022-12-06,-0.0004728029982590254,-0.00813673190638664
2022-12-07,0.0015763976944529468,0.003027979347309362
2022-12-08,0.004249199662282432,0.008782941509756448
2022-12-09,-0.010499914827339585,-0.0037001471481984405
2022-12-12,0.013145499273102157,0.0047513926135969164
2022-12-13,0.0003125609171115151,-0.000543616264477742
2022-12-14,0.0,-0.0027736582340960325
2022-12-15,-0.013752107696998084,-0.01696128061682889
2022-12-16,-0.0057044495097313686,0.0004994578772867797
2022-12-19,0.0014342094563006835,0.005545103771074755
2022-12-20,-0.0007955215105399649,-0.0006066408457398031
2022-12-21,0.016085364936962776,0.007007664579252726
2022-12-22,-0.007210058219332183,-0.007725958753413642
2022-12-23,0.007578157667043062,0.006460915859124006
2022-12-27,0.0061109975949995565,0.004444118065584313
2022-12-28,-0.009967415124787937,-0.007210233929357934
2022-12-29,0.005977766682051522,0.0012651786092929829
2022-12-30,-0.0053165952015077345,-0.007253422092368567
2023-01-03,-0.01037582890446953,-0.0069190786054259545
2023-01-04,-0.0004766410396047638,-0.002452570525553699
2023-01-05,-0.011443013726705753,-0.010448494033284184
2023-01-06,0.019292658624672,0.022586003163165724
2023-01-09,-0.012460578623242347,-0.009773372367519406
2023-01-10,-0.00766651453682865,-0.00825322486886837
2023-01-11,-0.001931453141745143,0.0011246454004374407
2023-01-12,-0.012901180970202097,-0.012749147396746041
2023-01-13,0.003594312317469317,-0.0030721623359494243
2023-01-17,0.004069666459999954,0.004679207093573057
2023-01-18,-0.030317744184239603,-0.02521885951480074
2023-01-19,-0.0015048509526536247,-0.011594935003363838
2023-01-20,0.006028190706845793,0.001473673739686543
2023-01-23,0.0024965538942323118,-0.0044737846235470835
2023-01-24,0.005312996090560906,0.009283402233477345
2023-01-25,0.0062757734522116415,0.007264437189183015
2023-01-26,-0.001969353000413454,-0.009945692572667197
2023-01-27,-0.00526232061837395,-0.003524864249434323
2023-01-30,0.0024797027283625095,-0.0008254083724553718
2023-01-31,0.011213737445991523,0.009086685289632523
2023-02-01,0.00016303426690167377,0.0031574669128813238
2023-02-02,-0.017120456993345745,-0.009267835810429448
2023-02-03,-0.007465024378248364,-0.005000978951970936
2023-02-06,0.005682633396877801,0.015965008840993278
2023-02-07,-0.0016619270105932005,-0.0015131873209107694
2023-02-08,-0.005826569334708487,-0.002331555204593383
2023-02-09,-0.0016745924389920397,0.009464957718503086
2023-02-10,0.0,0.019794024949178368
2023-02-13,0.016437505804481223,0.00890998409649213
2023-02-14,-0.016666667837174076,-0.011250441633225639
2023-02-15,0.0,0.0013656041383522943
2023-02-16,-0.006208966523289394,-0.0028406109626417653
2023-02-17,0.015197357593719873,0.004386850329097802
2023-02-21,-0.005322646697892619,-0.0005674294137800739
2023-02-22,0.0030102057047440844,-0.00034023710180652866
2023-02-23,0.001833796997877668,0.0010787205806166433
2023-02-24,-0.004160349237025129,-0.0019849756249719075
2023-02-27,-0.0003342041797641526,-0.00028432925525068153
2023-02-28,-0.005182145609483713,-0.01352971118655466
2023-03-01,-0.010922688201803199,-0.012677675834125823
2023-03-02,0.014610989543673902,0.018450819733589308
2023-03-03,-0.004688687792414936,-0.0009808461900060461
2023-03-06,0.015478066849444971,0.0020214773126292496
2023-03-07,-0.005798504489703871,-0.004956685895846413
2023-03-08,0.0004997796841792468,0.0027224083360808393
2023-03-09,-0.009660203327931827,-0.007567622917344807
2023-03-10,-0.004204500743362205,0.0013388035017054545
2023-03-13,0.010133450831785629,0.009765941949016588
2023-03-14,0.0036781608541074373,-0.0010365147613022874
2023-03-15,0.006663282974743057,0.017864299055725397
2023-03-16,0.005502893394372821,-0.0006792610795310905
2023-03-17,-0.004643403049752082,-0.007818082032908458
2023-03-20,0.009663328462602205,0.014046675152532995
2023-03-21,-0.004620346530520014,0.002364852826361341
2023-03-22,-0.004476197444783558,-0.008426488763470852
2023-03-23,-0.0021650269306082714,-0.004872160731091757
2023-03-24,0.016355402865499524,0.019584550448960014
2023-03-27,0.007389023856567922,0.0022333582029843146
2023-03-28,0.0011410174000678897,-0.00033431485484824996
2023-03-29,0.0071636994302171075,0.006910811581425813
2023-03-30,-0.00016167814265111158,0.0008855881903249152
2023-03-31,0.0029104040114680263,0.00812925566085676
2023-04-03,0.005964878952871233,0.0010971109160313741
2023-04-04,-0.0030448268773777265,-0.0035616320317100048
2023-04-05,0.009483915478679439,0.009843056504816428
2023-04-06,0.0006368306561088666,0.003920648809866423
2023-04-10,-0.002386880752209164,-0.006291750539526686
2023-04-11,-0.0017544413992924834,-0.0015283531246811366
2023-04-12,0.0017575248736911853,-0.001968087162185772
2023-04-13,0.007337716528595273,0.009969216214909205
2023-04-14,-0.0015836205560075811,-0.00471862743080953
2023-04-17,0.006502687274553276,0.0051225822843614655
2023-04-18,0.001576018010797764,0.0020599231504232485
2023-04-19,0.0018877805531025693,-0.0005949229016489754
2023-04-20,0.004397206979659174,0.003302168023830543
2023-04-21,0.0014069973868822139,0.0004318929396762705
2023-04-24,-0.0015611705528219,0.0004853675494360665
2023-04-25,-0.0015638757965998895,0.022695239170860138
2023-04-26,-0.004698512966619162,-0.0061673971973218444
2023-04-27,0.0020455894150666065,0.006099489363367905
2023-04-28,0.007380699114655664,0.006326126247819808
2023-05-01,0.0023382700909677645,0.004138483606853649
2023-05-02,-0.004509956388866088,0.0029738325584198755
2023-05-03,-0.005624187337690323,-0.0003641466908438362
2023-05-04,0.001099720196092946,0.006244250375472493
2023-05-05,0.004708032269332696,0.004602453863333578
2023-05-08,-0.0015619681986810408,-0.004735897198980044
2023-05-09,-0.008291593771241335,0.0040859184389465675
2023-05-10,0.0017352674996404804,0.0006697775514297177
2023-05-11,0.005669358731322571,0.005507476454761573
2023-05-12,0.0039148360460683485,0.003993184301649189
2023-05-15,-0.0026517364983847935,-0.009432827579900827
2023-05-16,-0.011260491956494256,-0.004324145655488665
2023-05-17,-0.0011072668613345549,-0.007082503364077675
2023-05-18,-0.00554240441995868,-0.002603441178596233
2023-05-19,0.0004777743141830548,0.0014616533821956157
2023-05-22,-0.021009207485132797,-0.02710574509632091
2023-05-23,-0.0017880985462643828,-0.003054044305953907
2023-05-24,-0.008469215490944149,-0.006341702413438788
2023-05-25,-0.0077202216429693715,-0.005895536850579308
2023-05-26,-0.002482823444000415,-0.0011968887646781612
2023-05-30,-0.007965623271647293,-0.010731180866656698
2023-05-31,-0.0020074313039597502,0.004074990303632786
2023-06-01,0.005699056514546275,0.00610209873767098
2023-06-02,0.01933345337652459,0.010263779818031393
2023-06-05,-0.006703705061838039,0.0007063946437926294
2023-06-06,-0.007242914226817776,-0.0142788453761441
2023-06-07,-0.001492219979052245,-0.007986078592648438
2023-06-08,0.0024907266668572348,0.011048674806467762
2023-06-09,0.0016566154323183202,0.0013729857046245186
2023-06-12,-0.004299699384240574,-0.0024680045401066497
2023-06-13,0.003985908814146288,-0.001979043768751465
2023-06-14,0.006782652585403781,0.008978771874620373
2023-06-15,0.013741584701163934,0.013867004456867393
2023-06-16,0.0071860390768385685,0.00177680490460852
2023-06-20,-0.006648178659911963,-0.003923851635314057
2023-06-21,0.002775065722810055,0.0006474804122622579
2023-06-22,0.006836890783745497,0.010354368417417215
2023-06-23,-0.01050927099056942,-0.0068320476135680375
2023-06-26,0.0003270441991845008,-0.006341697792622392
2023-06-27,-0.002123620221991418,0.007193383754011018
2023-06-28,-0.009330646033355317,-0.01353248321945233
2023-06-29,-0.008261530400682338,0.0009800590514941199
2023-06-30,0.003332154709806856,0.007287372028653261
2023-07-03,0.005978000756751145,0.002051735955551637
2023-07-05,0.007428164975616713,0.0052799701666785825
2023-07-06,-0.007701074649057005,0.00010719415982718417
2023-07-07,-0.0132099105267941,-0.018863966470911486
2023-07-10,-0.007530159883593512,0.0066636624722051785
2023-07-11,0.003540529618621946,-0.001736138855430558
2023-07-12,0.005376461080975448,-0.004402622493572816
2023-07-13,0.008522754137550548,0.02380299103251149
2023-07-14,0.009113614753477828,0.0036260471648192905
2023-07-17,-0.0014780191624902406,-0.013708016135662082
2023-07-18,-0.003946735986543715,-0.0063567297751967455
2023-07-19,0.017665669631383052,0.009812819226928005
2023-07-20,0.01216726102696919,0.016321414981686377
2023-07-21,0.0008013774985855537,0.004543118284802805
2023-07-24,0.0003204822889231185,0.003996421131532646
2023-07-25,-0.00336230820424821,0.0023046634905194985
2023-07-26,0.012851482909770784,0.0012541986707605979
2023-07-27,-0.009674954400489044,-0.016023016317673333
2023-07-28,0.000640763185540294,0.00944142289645411
2023-07-31,-0.008802856114689117,-0.014975333236817878
2023-08-01,-0.002583685682822412,-0.0034141103162472763
2023-08-02,0.003076044669352962,0.007975613860583985
2023-08-03,-0.005164531189632227,-0.006319457219222446
2023-08-04,-0.015087743683530608,-0.013467121158975526
2023-08-07,0.007906404869405748,0.012405005451052498
2023-08-08,-0.004412495966081065,-0.013109320969278748
2023-08-09,0.0022982490386291854,-0.0024939790501303793
2023-08-10,-0.002292979201383938,-0.0012500607299997801
2023-08-11,0.004103780235044541,0.0015780674162999553
2023-08-14,-0.004740869038949103,-0.0022819594109705355
2023-08-15,-0.0067344476581765456,-0.01236247762456455
2023-08-16,0.000165253520319375,-0.0007719988756160756
2023-08-17,0.0021495348542415194,-0.015230881360599358
2023-08-18,0.0056097221259778784,-0.0015131463041384574
2023-08-21,-0.00853162951531039,-0.0063418961568921794
2023-08-22,-0.006122866860107878,-0.00762497712671284
2023-08-23,0.003496596713794986,0.013773382466925055
2023-08-24,-0.002654847253958259,-0.005277224949139847
2023-08-25,0.0046580884034732595,0.012642304693343931
2023-08-28,0.0028151141603824925,0.00462608427429112
2023-08-29,-0.0009906706140295762,0.0037724976174298153
2023-08-30,-0.0004958611494556564,0.0008291565553764091
2023-08-31,-0.010583850253138016,-0.010538614003699265
2023-09-01,-0.008691200060979565,-0.014613118490749977
2023-09-05,-0.008261659817699107,-0.006616704351291469
2023-09-06,-0.0006801267241984821,0.0032728820312606377
2023-09-07,-0.007655706088545933,0.009557632632795743
2023-09-08,0.0,-0.0007368361389786804
2023-09-11,0.009429224869784703,0.015090137019073024
2023-09-12,-0.00985057798491118,-0.0036884420611067448
2023-09-13,0.002401244350446863,0.007909246591348396
2023-09-14,0.008278714275262944,0.008626590438004955
2023-09-15,-0.00889486152601593,-0.0076698214396964115
2023-09-18,0.006213285676562652,-0.002558056198759706
2023-09-19,-0.0020584965984301595,-0.005908903262622722
2023-09-20,0.004469013862720361,0.00033651187184124964
2023-09-21,-0.015400316794724533,-0.01681812232729163
2023-09-22,0.001042625954578158,-0.0006273936896856736
2023-09-25,-0.01041662755897843,-0.005363116069295071
2023-09-26,-0.008245511009591366,-0.010382404183393756
2023-09-27,-0.010260089657068372,-0.017099613223151566
2023-09-28,-0.00250225176644181,-0.0004127387048127318
2023-09-29,0.0030460759315591446,-0.0003538217919915043
2023-10-02,-0.008931664999640487,-0.001593614623039863
2023-10-03,-0.010814815170169578,-0.008689614356900965
2023-10-04,0.0029153750132515643,0.007215357341735951
2023-10-05,-0.04832845487666859,-0.05215794439818733
2023-10-06,0.014509310122798658,0.0011868751049468607
2023-10-09,-0.004892636909744841,0.006675431881676852
2023-10-10,0.021747275132038002,0.018839500112913354
2023-10-11,-0.005922633692402868,-0.010827170103891448
2023-10-12,-0.016756476551548216,-0.02791770239931679
2023-10-13,0.001514627606273411,0.012145727213517477
2023-10-16,0.010210122373175423,0.00675002125488855
2023-10-17,0.011978283173974313,-0.004407842615654967
2023-10-18,-0.00037010220266198157,0.010351106346391914
2023-10-19,0.0055504338615937066,-0.009072215883666135
2023-10-20,0.00404777942176926,-0.0034879404736122277
2023-10-23,-0.008979090297074221,0.000499702431559168
2023-10-24,0.028846178985926008,0.013181221507446939
2023-10-25,0.008626733456209346,0.0009864344039467454
2023-10-26,-0.0060584256407671955,-0.005789918371797209
2023-10-27,-0.009680978972419485,-0.011089782041063478
2023-10-30,0.016473876080014715,0.01666462133966351
2023-10-31,0.006055039199074352,0.006162083899021509
2023-11-01,-0.0008851028568584995,0.009737988956204813
2023-11-02,0.011516604135853425,0.011887988919147663
2023-11-03,-0.006130604955168706,-0.00023982621619567102
2023-11-06,0.004053548529711071,-0.000539305150680236
2023-11-07,0.0036861400346328566,0.00287924021596897
2023-11-08,-0.0015740035874365343,0.0012562227575569906
2023-11-09,-0.007531973500308764,-0.007348180239218904
2023-11-10,0.0010589660915065746,0.0045739458848659265
2023-11-13,0.003702460540105479,0.005092412671845903
2023-11-14,0.0029860763724935957,0.00202623914831479
2023-11-15,0.0019264532009013458,-0.005115436157841602
2023-11-16,-0.0010487127699516652,0.0027503125516916693
2023-11-17,0.001924694875829358,-0.005664489342772638
2023-11-20,0.0024450776271836006,-0.0014392551724475844
2023-11-21,0.010975432517778883,0.007686784932279922
2023-11-22,0.006720776193681166,0.008462333702663472
2023-11-24,0.002567514899993295,0.0008864703938282759
2023-11-27,-0.0018781028796512889,-0.006199294845145142
2023-11-28,0.002052791681445232,0.0032081342371375055
2023-11-29,-0.005974812830538356,-0.010067511142515584
2023-11-30,0.011597730517686644,0.014436844653676006
2023-12-01,0.003422422305747075,0.002376711238107898
2023-12-04,-0.001193836124462333,0.0026678855169099958
2023-12-05,0.00153662592337378,-0.007094899468471194
2023-12-06,-0.0010227986618512874,-0.0025603246346940223
2023-12-07,0.0023890909935782023,-0.00029859819029753876
2023-12-08,-0.0022131391590352045,-0.010629401015920026
2023-12-11,0.007336474130798187,0.012916560186409853
2023-12-12,0.006436498677773628,0.003872997147339907
2023-12-13,0.008582938829584164,0.02101265627521398
2023-12-14,-0.014850810344609222,-0.02185931896301041
2023-12-15,-0.007452434857582402,-0.007429216033209229
2023-12-18,0.007167202574611231,0.011437163505844783
2023-12-19,-0.0032191997431966213,-0.0056835892542008715
2023-12-20,-0.02073776688037643,-0.013456177395426594
2023-12-21,0.006596122021095718,0.0077249829480636745
2023-12-22,0.005690671098633526,0.004252312499387179
2023-12-26,0.004115187035144574,0.0070373186413061894
2023-12-27,0.0025612925248432727,0.0031979593821183094
2023-12-28,0.0006815194045748374,-5.9073270879062e-05
2023-12-29,0.0030638356922250143,0.0026564617622926168
2024-01-02,0.01510260762660165,0.01807609415037259
2024-01-03,0.002340366687104911,0.00023130122358350214
2024-01-04,-0.0033355253646835115,-0.008557532241252108
2024-01-05,-0.001506165086629374,-0.01475478161941024
2024-01-08,0.007374027944529127,0.0010063808039080246
2024-01-09,-0.0018300124233834314,-0.011472083771238428
2024-01-10,0.003333370465523622,-0.0014953213290381795
2024-01-11,-0.006478395001231596,-0.004732789097297352
2024-01-12,0.009697248048799345,0.0068621341333654495
2024-01-16,-0.006623550846325266,-0.0065763668060241365
2024-01-17,0.0,0.001624966207892875
2024-01-18,0.00283386475604841,0.004385796374825945
2024-01-19,-0.005485405775665586,-0.008314967789972982
2024-01-22,-0.0043457081554831856,-0.004041180545899414
2024-01-23,0.0047003774306253465,0.015323131403588874
2024-01-24,-0.015705886298493565,-0.012169111481418637
2024-01-25,0.004243738832381272,0.00579719331019235
2024-01-26,0.0035497492475264902,0.007804896532816352
2024-01-29,0.006063610684713616,0.0017276355640993835
2024-01-30,0.002846200327743187,0.008742304782691335
2024-01-31,-0.006844693158702619,-0.006426059131762196
2024-02-01,0.02504607280366411,0.018809679872263674
2024-02-02,-0.007215480041598998,-0.004251536289856972
2024-02-05,-0.00825902658264499,-0.0002926540285529411
2024-02-06,-0.0016655062570039014,0.002925323632871013
2024-02-07,0.0008341768139592531,0.0002917873956704842
2024-02-08,-0.002667085917717471,0.013879970022768306
2024-02-09,-0.004512795079438359,-0.03554786994471015
2024-02-12,0.0023505139099551098,0.017534561416557404
2024-02-13,-0.005862643093356934,-0.010140271831569403
2024-02-14,-0.001010907681369022,-0.008052907975116819
2024-02-15,0.0018553917560566457,0.0020294198383696838
2024-02-16,-0.0001684353770413649,-0.009174212317312747
2024-02-20,0.02205756694714789,0.014009223341555854
2024-02-21,0.008896296446334606,0.0010673471325663986
2024-02-22,-0.0014696304776056213,-0.0034357181953428295
2024-02-23,0.0008176705356515157,0.008023986605726563
2024-02-26,-0.008006543570455271,-0.00790101163833834
2024-02-27,-0.006094642462615929,-0.0005941333841482654
2024-02-28,0.0009943900347391121,-0.006719986480548057
2024-02-29,-0.006291365146931405,-0.0025639686330596323
2024-03-01,-0.008163884811437483,-0.004536007331027325
2024-03-04,0.004703465767792903,0.004739118520902474
2024-03-05,-0.0048487274970308025,-0.020136815053787838
2024-03-06,0.0005040794598918374,0.005924439776532786
2024-03-07,-0.0018473601366369996,0.0006750344914883133
2024-03-08,0.0013460212307918606,-0.00036788691219979963
2024-03-11,0.012096797951685057,0.010303597343542581
2024-03-12,0.004315925234005924,-0.0011535016236556839
2024-03-13,0.010248076473907686,0.004619233121600175
2024-03-14,-0.0022265272796506697,-0.003145942513272826
2024-03-15,-0.010247669374378154,-0.000728316944508145
2024-03-18,0.004174810803679874,0.040082559352120795
2024-03-19,0.0016630225296634382,0.0031531245651423845
2024-03-20,0.008633685876979103,0.0003491809698126236
2024-03-21,-0.004609088222647495,0.003433096472739372
2024-03-22,0.00033078853366586003,-0.0024935168658601903
2024-03-25,-0.0014878870069280348,0.003371780766197263
2024-03-26,0.002317864436644834,0.000753052087800743
2024-03-27,0.00809376527756167,0.004863183101587731
2024-03-28,0.0024579150208861034,0.00829633097481186
2024-04-01,-0.008172738618076325,-0.011599180934820597
2024-04-02,-0.008734244787925172,-0.008902818937159052
2024-04-03,-0.005320092914835595,-0.010266102792318987
2024-04-04,-0.008858467968300254,-0.00017677184410436197
2024-04-05,0.003541428738858432,-0.0030059488171320092
2024-04-08,-0.0040329464127644155,0.002601227411794138
2024-04-09,0.007592428771992399,0.006073831289662657
2024-04-10,-0.013395996711022429,-0.009729822691846968
2024-04-11,0.002206515023377875,-0.0034921287582339033
2024-04-12,-0.013039912147209343,-0.0015442330148542904
2024-04-15,-0.002402109288352605,-0.0068412390784312604
2024-04-16,-0.001376110006573228,0.00329421253233253
2024-04-17,0.007750589249788442,0.011821086645308565
2024-04-18,0.006836480743379836,0.01646214441978522
2024-04-19,0.021388548533957108,0.010797020830311421
2024-04-22,0.006315502480086943,0.013380822046396457
2024-04-23,0.0014863451335582756,-0.02969522074790365
2024-04-24,0.01500649125277187,0.036152222995700534
2024-04-25,0.0030871184110705663,-0.0041147834752017776
2024-04-26,0.0,-0.006225782436203309
2024-04-29,0.00485903308198421,0.003189432123127167
2024-04-30,-0.004352009732562334,-0.001305926653606404
2024-05-01,0.0025902169447500345,-0.0043203819301406154
2024-05-02,0.0009688384183195176,0.001712990067908704
2024-05-03,0.0029037020368700706,0.003989791753450378
2024-05-06,0.0028952291264157104,-0.0018734489734488768
2024-05-07,0.004330437753256033,0.012512657966806007
2024-05-08,0.0036729688370560343,-0.0034266282999195763
2024-05-09,0.0004772956968950304,0.003663931061116399
2024-05-10,0.006043251821470141,0.00971569062685762
2024-05-13,0.005058481064583731,0.00617397915564788
2024-05-14,-0.007549500241766038,-0.005693848111095523
2024-05-15,0.0004754695342732429,-0.0022792967140604636
2024-05-16,0.003009594992631648,0.020338989377710615
2024-05-17,-0.004579934866567381,-0.0050245019467932694
2024-05-20,-0.007298153798139473,-0.010318986164228439
2024-05-21,0.005434081878602726,0.004270590022986243
2024-05-22,0.0014305864031440851,0.0055775739851451345
2024-05-23,-0.014444472092448035,-0.015486841647816774
2024-05-24,-0.0014495456400542839,-0.007140007828607686
2024-05-28,-0.002903299745596555,-0.025900410626707893
2024-05-29,-0.001940992400891628,-0.012861944119728408
2024-05-30,0.0043759915055414655,-0.003914680973462592
2024-05-31,0.015491408570643683,0.014195233879003455
2024-06-03,0.0,-0.009658781556286522
2024-06-04,0.016049372196997425,0.015534822289269723
2024-06-05,-0.0003127087859262634,-0.0023004716901176003
2024-06-06,0.003598396534781667,-0.0016715573265199124
2024-06-07,-0.003741305119999372,-0.004684445370989443
2024-06-10,-0.005007033325229671,-0.030051372524637077
2024-06-11,-0.0006289885044820087,-0.005002950689235286
2024-06-12,-0.01054296124835541,-0.007512060911453178
2024-06-13,0.001749444592350713,-0.0030519704180684837
2024-06-14,0.0007197780611751803,0.002938824293263531
2024-06-17,0.0011192462499536315,0.014223913020544598
2024-06-18,0.00015955604503381515,0.0020462963037046755
2024-06-20,-0.0071849724777304225,0.0012013160579107396
2024-06-21,0.00948865164683288,0.003599922959196311
2024-06-24,0.019117276336174882,0.004782282667831206
2024-06-25,-0.0020322328072266416,-0.004343023634586163
2024-06-26,0.003289571626595489,-0.003645282886979073
2024-06-27,-0.0021857515303559394,-0.0028787226352186
2024-06-28,-0.00406821742551966,-0.007999382756273099
2024-07-01,-0.005813145468126724,-0.012368861057300395
2024-07-02,-0.0020543920974965824,0.004235964599271114
2024-07-03,0.0028504135829903188,-0.005990967330242847
2024-07-05,0.006789828167727663,0.011008522908721563
2024-07-08,-0.012546963205308015,-0.013808731685587494
2024-07-09,-0.0042885549339379825,-0.0013570273311863668
2024-07-10,0.002233234270680562,0.01043867733784376
2024-07-11,0.0042972993990813,0.0022004882028479056
2024-07-12,0.00950877834391961,0.014821797487156951
2024-07-15,-0.004552628182861063,-0.01514611762015261
2024-07-16,0.013562523771342594,0.005492358693349519
2024-07-17,0.0146257324620509,0.03113640574216192
2024-07-18,-0.00030649997950860097,0.002825346686186281
2024-07-19,0.0015338419972654727,-0.005928342390252195
2024-07-22,-0.007964584373758132,-0.010037837257115267
2024-07-23,0.0029336936572670336,-0.00823090049520192
2024-07-24,0.013084787990633506,0.011366470750004742
2024-07-25,0.003950949667759884,0.01694721324174564
2024-07-26,0.014832905284132503,0.010115681351325234
2024-07-29,-0.0032814002918859497,0.0026627611938072615
2024-07-30,0.012718901346940203,-0.00017315753191138317
2024-07-31,-0.013888886388430444,-0.002944955440913888
2024-08-01,0.018279811092532405,0.013262235727230287
2024-08-02,0.02015897279009904,0.017604218911497993
2024-08-05,-0.017741211702966497,-0.022466959447906776
2024-08-06,-0.000734239000132364,-0.008905970363715432
2024-08-07,0.006024873365451988,-0.004058298936180038
2024-08-08,0.003944195817023877,0.003376287024441371
2024-08-09,-0.0007276859138822811,0.00011606517464435306
2024-08-12,-0.007425861726989225,-0.0056269654811721415
2024-08-13,0.004254106766271137,0.00554209897571889
2024-08-14,0.0017530022863545547,0.007773956710003471
2024-08-15,0.0010206570226403144,-0.006850405940238891
2024-08-16,0.007720425623856775,0.0005794359938011695
2024-08-19,-0.0028909882210518267,0.006951996847290864
2024-08-20,0.005798858292733522,0.011678611479658096
2024-08-21,0.00273841022811272,-0.0036393567971921836
2024-08-22,-0.003449831606743947,0.003024923468848195
2024-08-23,0.006635086638085985,0.0007394839118992635
2024-08-26,0.015044997648855363,0.0005686823538215702
2024-08-27,0.009316784430821956,-0.0038075057588973227
2024-08-28,0.003496677486091393,-0.00787217744996993
2024-08-29,0.004180984434465573,-0.010522164302373183
2024-08-30,0.005829232704584131,0.004590682490346776
2024-09-03,0.007451452572565964,0.02695514319541359
2024-09-04,-0.0061634675721743415,0.005519896823658721
2024-09-05,-0.019156651903826538,0.004369206666146708
2024-09-06,-0.00042173408610113317,-0.003399922839813607
2024-09-09,0.009980531529216963,0.0047931662068625425
2024-09-10,-0.004175279195157255,-0.0021326379771146042
2024-09-11,-0.006568973139426726,-0.011416617504546589
2024-09-12,0.00211031196984357,0.008362685759933486
2024-09-13,0.009399998699940681,0.0006205577669968765
2024-09-16,0.009662581296353556,-0.000845648073721561
2024-09-17,-0.004160892777536063,-0.0019187658257002749
2024-09-18,-0.0006964358731219589,-0.009385240632218017
2024-09-19,-0.015749205506419894,-0.003139385418361784
2024-09-20,0.014443520225486672,-0.01992439858389916
2024-09-23,0.0012563394125475469,0.005432978398525634
2024-09-24,-0.005576474520865182,-0.012724321256151083
2024-09-25,0.001682097582018649,-0.003060392825788627
2024-09-26,-0.0006996217571074714,0.0017119707113411042
2024-09-27,0.005462248777347023,0.0018269267960082658
2024-09-30,0.0009751236154891263,0.00029421587879130406
2024-10-01,-0.0020874508646872014,0.007821144534557067
2024-10-02,-0.009761552163860432,-0.010678146806717193
2024-10-03,-0.0069003887667783426,-0.0060157751791865
2024-10-04,-0.004963194474554955,-0.0033228251117434215
2024-10-07,-0.016531188057340218,-0.004524596788484714
2024-10-08,0.0024634725774421717,0.01919725810938977
2024-10-09,0.005637415740518348,0.012439926554724812
2024-10-10,-0.004599805338882046,0.0026081017457879607
2024-10-11,0.004621061321419706,0.01052071149191569
2024-10-14,0.011067944569475463,0.007379604210507207
2024-10-15,0.0,-0.001135910310844257
2024-10-16,0.003269779020378394,-0.008072728431833043
2024-10-17,-0.00949407463468055,0.0010888979664516185
2024-10-18,0.007725562534293795,0.0022329236477198755
2024-10-21,-0.014055044371058645,-0.0002857117557434341
2024-10-22,0.0,-0.0036568929968929798
2024-10-23,-0.02073414143582586,-0.008143466954776302
2024-10-24,-0.010439596157833853,-0.004567851028519754
2024-10-25,-0.005646426968490381,-0.0021492874486612745
2024-10-28,-0.0037358091244161784,-0.011351116762393643
2024-10-29,-0.016649130205651508,-0.013777674510462301
2024-10-30,0.005491160575283649,-0.007701269922407383
2024-10-31,-0.009253592040802006,-0.0007822256582120657
2024-11-01,-0.004593544985623588,-0.002950338142531095
2024-11-04,0.001538289038621743,0.004529277777379326
2024-11-05,0.003993247400925881,0.00907779025611255
2024-11-06,-0.025546858348325263,-0.018707197273594156
2024-11-07,-0.0006280709331332179,-0.004310684460200331
2024-11-08,0.0040842663579128136,0.006768281045655744
2024-11-11,-0.00876096279967109,-0.005148005019462221
2024-11-12,-0.0025251922352964584,0.00048701469828627
2024-11-13,-0.0031646248291022916,0.002433988497959394
2024-11-14,-0.007142866747357202,0.002488740506308762
2024-11-15,-0.01294952884421674,-0.0395398582916594
2024-11-18,0.0019434409993333013,-0.0018282141949682584
2024-11-19,0.011800987957539366,-0.010168740198379544
2024-11-20,0.006390805489622009,0.012889410804065138
2024-11-21,0.01222417822223365,0.010079208772449944
2024-11-22,0.002509350197050786,0.010353003031170704
2024-11-25,0.007196442048456264,0.006481509192419299
2024-11-26,0.0026407005610353806,-0.005458511971405788
2024-11-27,-0.0018590263358938541,0.0034534552857929945
2024-11-29,0.0021111711947594536,0.004486232757312747
2024-12-02,-0.0067104017975374575,-0.002447241939366629
2024-12-03,-0.002042457991767943,-0.008279703984197972
2024-12-04,-0.020623446877253815,-0.009400184346535556
2024-12-05,0.011412973981850705,0.0019354958930939414
2024-12-06,-0.006198336984672648,-0.008452053329234155
2024-12-09,0.001119488726905482,0.010647041285860581
2024-12-10,0.004952091368362499,0.0023203140837189107
2024-12-11,-0.004291872533275787,-0.019206791726154027
2024-12-12,0.019157031800602464,0.013586737145001582
2024-12-13,-0.011278037530286666,-0.005852722351996853
2024-12-16,-0.009030573110968554,-0.012344080345105146
2024-12-17,0.013589198790660229,0.0007692653547304307
2024-12-18,-0.008675082151188507,-0.010951824768290375
2024-12-19,-0.006364425718438427,-0.01916726146780301
2024-12-20,0.0016012817434007953,0.00871448664521779
2024-12-23,-0.002717788553976641,-0.009817385121375866
2024-12-24,0.007374110069333195,0.010047013164939944
2024-12-26,-0.004296653807477235,-0.0024211204396666908
2024-12-27,-0.0019178145475315933,0.0029518481579347
2024-12-30,-0.006725408965357005,-0.0076526020483300705
2024-12-31,0.003707859236499189,0.0022409630763262633
2025-01-02,-0.006745804770599384,-0.012166170415638944
2025-01-03,-0.0014553563295602867,-0.003728178675640903
2025-01-06,-0.015222665019613335,-0.022585974857755264
2025-01-07,0.0004933137649354435,-0.005948039752719292
2025-01-08,0.014299834917118615,0.007840448812220124
2025-01-10,-0.010371146388607921,-0.02661392881416491
2025-01-13,0.009497341625421818,0.0130400162690687
2025-01-14,0.006325958600632786,0.003114159990422083
2025-01-15,-0.004351994251030944,-0.0011729836086877832
2025-01-16,0.007770804718209234,0.012156410715124633
2025-01-17,0.00738944531986041,0.011669293181924889
2025-01-21,-0.004624387500881011,0.0020235178525871422
2025-01-22,-0.010253115511311028,-0.0030966230715590015
2025-01-23,-0.004046618706453398,0.003578935722367449
2025-01-24,0.006338361152288918,0.003364390600698597
2025-01-27,0.03149226150077489,0.03681588930210178
2025-01-28,-0.023641794667257354,-0.028200040590815267
2025-01-29,0.007536911587456618,0.0007986984012973153
2025-01-30,0.01941750913473328,0.010174815483057431
2025-01-31,-0.008899388270191766,-0.007965568403485723
2025-02-03,-0.00204780176017616,-0.002787227324072994
2025-02-04,-0.0107341225490577,-0.045118653864819724
2025-02-05,0.007180664258078284,0.015122924184701958
2025-02-06,0.003802142938374997,-0.0021282005658961323
2025-02-07,0.007575735556064611,-0.005297761726045236
2025-02-10,0.011121696872459452,-0.001590713355489104
2025-02-11,0.047250146279042005,0.0089365736734075
2025-02-12,0.016420017575235812,-0.011329246030912898
2025-02-13,0.01149770870886413,0.004097383289135559
2025-02-14,-0.009064555478595748,-0.008230655133005249
2025-02-18,0.002613597005896695,0.004951551857245384
2025-02-19,0.014771698258267074,0.011866657603876174
2025-02-20,-0.00042817772838177337,0.022563668483499333
2025-02-21,0.01870361707371826,0.029510424614221042
2025-02-24,-0.010651788405612983,0.002280276513620727
2025-02-25,0.012749800617764429,0.01670446081482302
2025-02-26,-0.009651691689301356,-0.03138991561184079
2025-02-27,0.0009886669722463104,0.0033660498543184314
2025-02-28,0.004797450579039575,0.009538185980643599
2025-03-03,0.015587716436872956,0.016420328881772583
2025-03-04,-0.02945247923475991,-0.011539311827988508
2025-03-05,-0.0015671869518966153,-0.002010253821587371
2025-03-06,0.005422468435964278,0.004743749640701456
2025-03-07,0.013766647355503148,0.007732243607078804
2025-03-10,0.00027990483908046926,0.011719742094518537
2025-03-11,-0.005738180551642658,-0.02508785416949555
2025-03-12,-0.015484127805313275,-0.027309379074219264
2025-03-13,-0.004575489043600722,0.0011473906352621466
2025-03-14,0.0007235327443708695,0.001685296086658239
2025-03-17,0.013880957287266904,0.018507285226928794
2025-03-18,-0.010553384760599971,-0.015527796314758868
2025-03-19,-0.0014414339277482036,-0.005906417448261925
2025-03-20,0.0062065852812902556,-0.006481787086590418
2025-03-21,-0.014918833101262852,-0.011552778255698337
2025-03-24,0.004077559751563875,0.006875126897217809
2025-03-25,-0.0020306156667618813,-0.006213716704366101
2025-03-26,0.01758453818336725,0.021299982738171463
2025-03-27,0.010282967196692194,0.006929528133897245
2025-03-28,-0.005230277021871288,-0.0026724688921285766
2025-03-31,0.017763195495677175,0.004488418455765197
2025-04-01,0.0034906564760317504,-0.0018007060133938824
2025-04-02,-0.0075136481333552,-0.003674617653282475
2025-04-03,0.025935967123312142,0.015088433697172166
2025-04-04,-0.044411181926411025,-0.0314462627487635
2025-04-07,-0.022308014408722654,-0.023326974643919862
2025-04-08,0.0007313638243806597,-0.02018300355294389
2025-04-09,0.022361681169986714,0.03770479871904775
2025-04-10,0.011579998861430685,-0.009959437502191748
2025-04-11,0.009468314771170938,0.002011700246542958
2025-04-14,0.014279737212242072,0.016063311474250774
2025-04-15,-0.008143347133224066,-0.026644015912077768
2025-04-16,-0.002504971617068863,-0.019252180472695946
2025-04-17,0.0184152579003245,0.019630102753605883
2025-04-21,-0.0031508302369078756,-0.0077707707725881425
2025-04-22,0.015528478124384293,0.012206256748692912
2025-04-23,-0.008119085222699107,-0.008364684706995917
2025-04-24,-0.010641196817736343,-0.04885419081837339
2025-04-25,-0.008411355900399986,-0.014263626527538764
2025-04-28,-0.0016688198399665843,0.0028489690935249445
2025-04-29,0.007800475065694146,0.004111753665816398
2025-04-30,0.002764415101486728,0.00945592912997939
2025-05-01,-0.017367376047519922,-0.014972831851567392
2025-05-02,0.005049666031449185,0.001497583925442969
2025-05-05,0.0006978834640001264,-0.013158777303943436
2025-05-06,0.0002790252186917197,-0.009470354923564073
2025-05-07,0.009481107991870186,0.009025458396748398
2025-05-08,-0.016988926150955597,-0.00371444298099044
2025-05-09,-0.009132892316726537,-0.007532426467613984
2025-05-12,-0.0140385176989829,0.00950616006080729
2025-05-13,-0.008198059371170463,-0.010404060346873467
2025-05-14,0.0029003110431737866,-0.014273530117453137
2025-05-15,0.03542505805855778,0.023744686403147863
2025-05-16,0.00544599859235384,0.0036500720591414737
2025-05-19,-0.0009720225310517749,-0.0014395029879988863
2025-05-20,-0.0033363806044161004,7.594373620678496e-05
2025-05-21,0.002231625620853883,-0.01251912745244288
2025-05-22,-0.00988178409529139,-0.00023045302544177915
2025-05-23,0.008855745128479864,-0.005994592292175804
2025-05-27,0.00013943192399668014,0.01569519819956744
2025-05-28,-0.008776674818439911,-0.005328430909575355
2025-05-29,0.0047785314073236496,0.009566084700181277
2025-05-30,0.008532654679034524,-0.0035627666162102445
2025-06-02,-0.0013871656038492164,-0.004107993268839261
2025-06-03,-0.011666367865873495,0.007180508093223237
2025-06-04,0.0029510475716241213,-0.0008342018838627396
2025-06-05,-0.006445471091825472,-0.004782210685604138
2025-06-06,0.00620515086481821,0.002644804727764738
2025-06-09,0.005886379070335401,-0.0005382555366774122
2025-06-10,0.00808151418418035,0.014388926751347286
2025-06-11,-0.003870159170018539,-0.01464014547475545
2025-06-12,0.0023588214274685715,0.018475996564206953
2025-06-13,-0.009898303682359999,-0.01096012572391869
2025-06-16,-0.007040154618473404,0.004279794932517067
2025-06-17,-0.012762282332775321,-0.01613291273289108
2025-06-18,-0.005889168679507839,-0.001701511178524795
2025-06-20,-0.005346019062575924,0.0
2025-06-23,0.01307385266154637,0.00015495776981544473
2025-06-24,0.006739105734814954,0.015183260248480268
2025-06-25,-0.008260759794757933,-0.0231208866171011
2025-06-26,-0.002297749425165918,0.0015622242907999961
2025-06-27,0.012379187469056196,0.02199332334154014
2025-06-30,0.005971896837241086,0.007631349111603125
2025-07-01,0.01300368923669204,0.02438648874655147
2025-07-02,-0.010604307200055674,0.009019668177293605
2025-07-03,0.006205084204543132,-0.008059656257598857
2025-07-07,-0.004765123090809342,-0.0068695998180990925
2025-07-08,-0.01084368697138205,0.004388186620037482
2025-07-09,-0.010819974660207232,-0.004146883420444558
2025-07-10,0.004173661958712049,0.011897678392155164
2025-07-11,0.0014334382734126905,-0.006025928209371978
2025-07-14,-0.005724755180614882,0.002292016972565314
2025-07-15,-0.0015835680643433436,-0.012982303357930713
2025-07-16,-0.001297629186871041,0.011508845458115369
2025-07-17,0.01905597753930155,0.07454744495804921
2025-07-18,-0.01048312512354399,-0.015126373525225167
2025-07-21,0.003149567687231958,-0.010751231921318216
2025-07-22,-0.005851235417246747,0.030627960248742925
2025-07-23,-0.0071776013338247235,-0.0026019141595573503
2025-07-24,-0.0008678539700182064,-0.007895227509921998
2025-07-25,0.0010132044374950855,-0.007335112786400977
2025-07-28,-0.015613752260458691,-0.013105426478748572
2025-07-29,0.01894541333223909,0.016387524073486537
2025-07-30,-0.00908021824466021,-0.00715824917325536
2025-07-31,-0.01250929136515766,-0.034579379993636916
2025-08-01,0.0142879463050547,0.009860753531379052
2025-08-04,0.0014521519929784343,0.002010379150716446
2025-08-05,0.0013052705692560007,-0.0007881784943413184
2025-08-06,0.006661632219335134,0.009680938880342937
2025-08-07,0.01323566479777094,0.02215907699927988
2025-08-08,-0.0012780270892437384,0.008963408133672024
2025-08-11,0.005828888081534034,-0.0023415382121856343
2025-08-12,-0.0005653438423927071,0.013805424162629754
2025-08-13,-0.0035356209598245147,0.01688580066900025
2025-08-14,-0.012914956588536475,-0.004887864028216948
2025-08-15,0.005319770641629251,0.011976822407968601
2025-08-18,-0.011298648085794727,-0.005651521855901898
2025-08-19,0.014465603676686145,0.017452301651930346
2025-08-20,0.008127596318616703,-0.009397952183332281
2025-08-21,-0.0005655204440216943,-0.011610261533226751
2025-08-22,-0.007500792467017403,0.004430159477992968
2025-08-25,-0.01711104301320554,-0.009623072918524822
2025-08-26,-0.002901468905129101,-0.008097110806594365
2025-08-27,0.0014548985469502451,0.004353718852871058
2025-08-28,-0.006828318320649451,-0.00447025919163524
2025-08-29,0.009215701894447204,0.011361960518760705
2025-09-02,0.0010147054499978214,0.010965222831796684
2025-09-03,-0.0010136768665568452,-0.010912861295433451
2025-09-04,-0.01072602003351164,-0.011773296653574183
2025-09-05,-0.004249110629749531,0.006344955218693826
2025-09-08,-0.007798793791205516,-0.031969319587449974
2025-09-09,0.006376910861125795,0.00980880405931317
2025-09-10,-0.0005893042499803824,-0.0030747812132232433
2025-09-11,-0.002948840526145746,0.01100510323210635
2025-09-12,-0.009021264099773663,-0.004853277734784833
2025-09-15,-0.0043607176192425046,-0.020135104969180584
2025-09-16,0.0004529458038338152,-0.004337406197000959
2025-09-17,0.0120773823663336,0.008569512716961825
2025-09-18,-0.008651651342212796,-0.003540216777149219
2025-09-19,-0.0004514777499602385,0.007318930287451231
2025-09-22,-0.0033115069649880535,-0.005149631521179088
2025-09-23,0.007551738618686743,0.006168899922669224
2025-09-24,-0.0038975559294051054,0.0019028987905564954
2025-09-25,-0.007073036536655475,-0.015826143591145536
2025-09-26,-0.004698437818836609,0.0037164504448687907
2025-09-29,0.005634315997687489,-0.0019226808051405753
2025-09-30,0.004239760602781528,0.001926384627887856
2025-10-01,0.00693609151975072,0.01922522531892623
2025-10-02,-0.010182698876714191,-0.005798446633903942
2025-10-03,0.00832074965543006,-0.002319026977069205
2025-10-06,-0.008252086112750745,-0.016058563777110013
2025-10-07,0.010438765121741689,0.007802380605744785
2025-10-08,-0.010031307746304341,-0.0138504573721695
2025-10-09,0.0037809496474734416,0.04227904809846805
2025-10-10,0.01009490465988927,0.037108629056670006
2025-10-13,-0.0035799896302620704,-0.007929119379101679
2025-10-14,0.010628712167214394,0.017798334875115618
2025-10-15,-0.006369372808030183,-0.0025073911041887387
2025-10-16,0.007602781159580907,0.009989338963201089
2025-10-17,0.012575923457289084,0.006812049599849379
2025-10-20,0.0,-0.00045531272898624575
2025-10-21,0.040619477239833834,-0.0029941561561871444
2025-10-22,-0.0057569297547677145,-0.0009791792514746156
2025-10-23,-0.012286212404873598,-0.00993273903869607
2025-10-24,-0.0032885439161601804,0.0002640763985595207
2025-10-27,0.005020773172328186,0.007126399379458581
2025-10-28,0.0014274840027101998,-0.0164452427881725
2025-10-29,-0.025798408953549012,-0.02637876271371431
2025-10-30,0.009217375620489632,0.009510164811499466
2025-10-31,-0.001159844250459563,-0.00989500259165843
2025-11-03,-0.013497666591413715,-0.017044184964765896
2025-11-04,0.010151455423740963,-0.004874790632220183
2025-11-05,-0.0021847152067676623,-0.00027987641883953085
2025-11-06,0.008027933027315637,-0.008959775200430453
2025-11-07,0.021575447721161378,0.009676511727869874
2025-11-10,-0.00042530421296516074,-0.002308422532398602
2025-11-11,0.01545674017494103,0.017248471434247348
2025-11-12,-0.001396367432209722,-0.004756007689457276
2025-11-13,-0.006152958486752014,0.0043631979646032715
2025-11-14,0.0012663565079549244,0.005723387103925726
2025-11-17,-0.006745432722601974,0.013575574851157235
2025-11-18,0.007640064807465263,0.006358668194909267
2025-11-19,-0.0015444482507012136,-0.011158131750115818
2025-11-20,0.0014061856528531091,-0.006865637105307298
2025-11-21,0.02443472447788353,0.0015742315487479175
2025-11-24,-0.004934777896343556,-0.005672040689047253
2025-11-25,0.0002754599793226564,0.004192419163349337
2025-11-26,0.003718494648778492,0.01279858474471296
2025-11-28,0.003293119086614338,0.005135960413546359
2025-12-01,-0.00908963053312073,0.005176645447074302
2025-12-02,-0.0177901844395556,-0.006019502534055143
2025-12-03,0.001980989543896916,-0.0037009453270556714
2025-12-04,-0.005083933338371205,-0.007767280760074602
2025-12-05,-0.006387555334562034,-0.0032098893252293648
2025-12-08,0.0035714670625384137,0.004206427527949419
2025-12-09,-0.0022776975293408164,-0.006798269456815387
2025-12-10,0.0017122007005485607,0.034983542406390455
2025-12-11,-0.015667385676925716,-0.004408820413670411
2025-12-12,0.020402347973297985,0.01080247597357431
2025-12-15,0.006381215036987742,0.003783606750375368
2025-12-16,-0.008454301238769668,-0.005621057092704995
2025-12-17,0.004263137674633599,-0.0019284730264207406
2025-12-18,-0.0043866812350105144,-0.004730708442316156
2025-12-19,-0.004263633629281727,-0.00810069382638412
2025-12-22,0.00214100052642463,-0.007491904623287082
2025-12-23,-0.004842573974014552,-0.022917387294671188
2025-12-24,0.0034348493445044426,0.00041759488328074745
2025-12-26,-0.003423091540769474,0.0002782803803909051
2025-12-29,0.00415060529243072,0.003199334062595538
2025-12-30,-0.0012829244780615534,-0.0005546314725672907
2025-12-31,-0.0022833267641393373,-0.004439623143017601
2026-01-02,-0.011300248357595799,-0.008988300222636969
2026-01-05,-0.017071752942868335,-0.016241199528356898
2026-01-06,-0.0014720629716462597,-0.006860954946489528
2026-01-07,-0.004422011530867076,-0.014033047849183244
2026-01-08,0.027095105557046084,0.01722503193199776
2026-01-09,0.01643349610537781,0.0038745810829197147
2026-01-12,-0.00014174155253443566,0.010363924672998293
2026-01-13,0.010496319106458207,0.014997178685791424
2026-01-14,0.0028075293228839726,0.017005863792437736
2026-01-15,-0.013437889443986495,0.004454390261221741
2026-01-16,-0.0005675385808709965,-0.0017055634688665222
2026-01-20,0.018597415686518737,0.0091580147619581
2026-01-21,0.003623649884463509,-0.006230532912242737
2026-01-22,-0.0019441262437818185,-0.01594658071188504
2026-01-23,0.014053111802211582,0.001246429187806708
2026-01-26,-0.004390792483403794,0.008922510478743373
2026-01-27,0.013643895078061963,0.019949280649480094
2026-01-28,-0.006662286686117458,-0.0018820800593676301
2026-01-29,0.0050644796596852615,0.0012794620922826905
2026-01-30,0.01879341196288542,0.03322350618261516
2026-02-02,0.00695106712811655,0.010219364473676995
2026-02-03,0.020708733763273868,0.04929126707551257
2026-02-04,0.005982539933332642,0.0204481805698693
2026-02-05,0.014996813552927701,0.008123726646533047
2026-02-06,0.00662337992982831,0.017668488895391965
2026-02-09,-0.01341261883870215,-0.023579018545982544
2026-02-10,-0.01487756114411598,0.0030035458842636586
2026-02-11,0.023304302145767064,0.013056245024382962
2026-02-12,0.0050890736312663165,-0.011528328766471363
2026-02-13,-0.0040506448749900725,-0.0075357960893605025
2026-02-17,0.011184479309578332,-0.0242256374920905
2026-02-18,-0.0008798173420991873,0.015254455528035837
2026-02-19,-0.007296488316108296,0.0012165240677413092
2026-02-20,0.011785539724081584,0.0021265930939269317
2026-02-23,0.009018063305296531,0.020492311951236575
2026-02-24,0.0019861032628880615,0.007248009508697972
2026-02-25,-0.0030971592062585263,-0.0021823772572771016
2026-02-26,0.00037288335777496684,-0.009398835694644725
2026-02-27,0.013167595741825577,0.012889468563806128
2026-03-02,-0.016429624819232602,-0.014492854309655079
2026-03-03,-0.010969866461513655,-0.014167871588695258
2026-03-04,-0.015628790948121418,-0.006003183175412485
2026-03-05,-0.013700399475067848,-0.019643739953532302
2026-03-06,0.00012984517628700232,0.0009605192067638768
2026-03-09,0.0098650340738764,0.013171910077982796
2026-03-10,0.0010281806470910926,-0.0046429917982333535
2026-03-11,-0.0032101013532778166,-0.003918499627651895
2026-03-12,-0.00025748285760285317,-0.008054857416879502
2026-03-13,0.0033729922313348037,0.006420695178499525
2026-03-16,0.0062063444740911855,-0.013510108529830811
2026-03-17,-0.0030839324133515866,-0.007735309078390928
2026-03-18,-0.020752919875986264,-0.01891366116866644
2026-03-19,-0.00552833072495551,-0.00521031413624784
2026-03-20,-0.010589119998200558,-0.01767719305906812
2026-03-23,0.004816143619167823,0.005598583766662113
2026-03-24,-0.00585809248653002,-0.0019220809911983938
2026-03-25,0.007767505724043167,0.007570149698569395
2026-03-26,-0.0074418737381011235,-0.005931553014943303
2026-03-27,0.013656356684630833,0.01465218988302408
2026-03-30,0.007396659040820763,0.024699560990829594
2026-03-31,-0.002884397052648535,-0.009756477611269854
2026-04-01,0.00039440002746471414,-0.004121358699606392
2026-04-02,0.0084122423132722,0.015260277840506875
2026-04-06,0.006517170487403856,-0.0017833172738501712
2026-04-07,-0.016964428617157523,-0.022458911272132065
2026-04-08,0.01817942223683011,0.010377872256974285
2026-04-09,0.011514948785527057,0.017377323173633386
2026-04-10,-0.00908154070514211,-0.002730399810169315
2026-04-13,-0.013682594712520979,-0.007513107678483566
2026-04-14,-0.00667472710105399,-0.0010264399001292945
2026-04-15,-0.007773424436647858,-0.0055868202881288465
2026-04-16,-0.0017260313904265967,0.022796188011765084
2026-04-17,0.00744870002738196,-0.004482948118928021
2026-04-20,-0.003432770016647324,-0.004312671394168133
2026-04-21,-0.010333988228265256,-0.013185640081629924
2026-04-22,-0.0009369671652001976,-0.007294184559940242
2026-04-23,0.022109088214234074,0.012419614807716917
2026-04-24,0.004588405049503752,-0.001669905586877074
2026-04-27,-0.01552918122418201,-0.008620554825902516
2026-04-28,0.03857361859541575,0.01421131768038153
2026-04-29,0.006636933446697801,-0.006398246178372369
2026-04-30,-0.0013946554725977611,0.020606592789027323
2026-05-01,-0.0022854666856673145,-0.00681424891000626
2026-05-04,-0.004963105768444387,-0.017915073709655283
2026-05-05,0.003708912187110336,0.0029108575945964166
2026-05-06,0.00955657319281511,0.005934082193411072
2026-05-07,-0.010097190097856923,0.002115777621719772
2026-05-08,-0.00012754291769934145,-0.010685181798656296
2026-05-11,0.00306053397556183,-0.033695395599254274
2026-05-12,0.01741668967019372,0.016330865398184846
2026-05-13,0.002873874133868304,-0.016990462889897584
2026-05-14,0.0023673880601180475,-0.004019571988299053
2026-05-15,0.004599157058045034,0.0030267669977468437
2026-05-18,0.004701681721198003,-0.00040224660318999295
2026-05-19,0.008867066303464233,0.00878837517308062
2026-05-20,-0.004516534065750033,-0.007182322503297756
2026-05-21,-0.00465987841464488,-0.002947179995628213
2026-05-22,0.0038193171954636895,0.011555124765048275
2026-05-26,-0.012518516025575743,-0.03247655380192571
2026-05-27,0.01441719022380994,0.014140536085773814
2026-05-28,-0.01482479542028381,-0.009814555697898908
2026-05-29,-0.017410848688934055,-0.014354925839665467
2026-06-01,-0.004682881637646741,-0.018517339646355935
2026-06-02,-0.002924671081323882,0.0033917775629965785
2026-06-03,0.004463662526227985,0.003802727867355582
2026-06-04,-0.024631805265645457,-0.002736010268375
2026-06-05,0.03462638625957104,0.008886033609585287
2026-06-08,0.0007549533854187551,-0.008737352295160483
2026-06-09,0.02262996199431977,0.014927616320401516
2026-06-10,0.027661664309471146,0.010785860293303529
2026-06-11,-0.012680831803424497,-0.004088186340426736
2026-06-12,0.001090486105404409,0.003757111376206268
2026-06-15,-0.014374417357267633,0.013724189845324641
2026-06-16,-0.007786471993800115,-0.0008889281624778755
2026-06-17,-0.0043597330948129676,-0.03100190703839545
2026-06-18,-0.006755907494218838,0.003036979745807855
2026-06-22,0.0017634237624952753,-0.009223975908900006
2026-06-23,0.009807549909417013,0.009523021448690772
2026-06-24,0.0036110639651252274,0.0015488021970280208
2026-06-25,-0.002233249391672132,-0.019329438590044434
2026-06-26,0.02748064210889467,0.013403101337292611
2026-06-29,0.000242145931237836,-0.019166917624879876
2026-06-30,-0.016696967046224698,-0.023651574145337473
2026-07-01,0.0002461036345615675,0.04254069663013227
2026-07-02,0.03505962862600809,0.021677477546571122
2026-07-06,-0.014024197800233118,-0.006448560844398488
2026-07-07,0.013138860083782067,0.011794355077397345
2026-07-08,-0.0077334522603530464,-0.01703684083999757
2026-07-09,-0.009232726115884105,-0.0326292577809949
2026-07-10,0.010407909543122651,-0.003481817807576837
2026-07-13,0.009102902119993317,0.00807977305330132
2026-07-14,-0.013887187146799929,-0.02195108832850956
2026-07-15,-0.007583186457037039,-0.00036912120120824454
2026-07-16,0.029957603160894353,0.029763612554800645
2026-07-17,-0.03956669055664863,-0.016567454907860157
2026-07-20,0.006866212093551871,-0.012106088742143917
2026-07-21,-0.0018265785876465657,-0.003395846292985394
2026-07-22,0.002805835298488546,0.0048147990756974846
2026-07-23,-0.012530381059790763,-0.005160304829745166
2026-07-24,0.01330540092356225,0.012523138408077505
2026-07-27,0.022127657668518763,0.023053238041138346
2026-07-28,0.04995827954711851,0.021961525931598835
2026-07-29,0.009176516742404273,0.004479942380384516
2026-07-30,-0.006623366150191989,-0.022996531331716752
2026-07-31,-0.010170635800690109,-0.004564939788444189
2026-08-03,-0.008334197882741812,0.0005016835682829512
2026-08-04,-0.0034538906612854303,-0.0037957519431318643
2026-08-05,0.003119266364156381,-0.0023005194628381576
2026-08-06,0.00023025643849594601,-0.0024499519499604494
2026-08-07,0.0023029180251319392,0.004189528573600887
2026-08-10,-0.0020677759343079583,-0.009279257872360058
2026-08-11,-0.004489479122353868,0.004937259163892982
2026-08-12,0.0026595088512735288,0.0020951625411143038
2026-08-13,0.008188204520918507,0.013842813754063377
2026-08-14,0.0033173706926901136,0.0012088925270086204
2026-08-17,-0.008322882514832708,-0.018111931206887366
2026-08-18,0.02115429633609489,0.013671782833815094
2026-08-19,0.017225797236423812,0.0174837588551795
2026-08-20,0.0016602802437524211,-0.0035067335427646507
2026-08-21,0.006629773906188463,0.009853537444907579
2026-08-24,0.00976947437326392,0.008293891203675186
2026-08-25,-0.0038047548297184264,-0.016589490174641397
2026-08-26,-0.01702309737308183,-0.0005623692786811407
2026-08-27,-0.011323318789496106,-0.01737113190175299
2026-08-28,0.006737142763086901,0.009662243661743064
2026-08-31,-0.011041834817684726,-0.005174779443829269
2026-09-01,-0.007556079200125576,-0.003919074797691935
2026-09-02,0.0027273003982148936,0.005222163126846313
2026-09-03,0.006459666485404858,-0.003558141609887544
2026-09-04,-0.008332400002212359,-0.006568526100633965
2026-09-08,0.0032927995532563425,0.005957945479460491
2026-09-09,-0.009166995792430743,-0.012712131062696197
2026-09-10,0.0031982193834905193,-0.0002926954730213538
2026-09-11,0.005237348397835406,-0.0024148304939961562
2026-09-14,0.01200587323925184,0.00014663301494932668
2026-09-15,-0.0012384666823859192,-0.0061610412238010115
2026-09-16,-0.009469015292072669,-0.008560912635493523
2026-09-17,0.0021622260848184194,-0.0050617291522842
2026-09-18,0.002157647588847844,-0.02925335594029921
2026-09-21,-0.0128045014551611,-0.0012331688794556817
2026-09-22,0.017102821588558692,0.012346679132112959
2026-09-23,-0.005868460319141344,-0.007698831822768648
2026-09-24,0.00011354451863176962,-0.015593784709703185
2026-09-25,-0.003291724410330543,0.0037456965211863924
2026-09-28,-0.007174550403529878,-0.0010106886253401504
2026-09-29,-0.0039000225521330645,0.0014786182210602128
2026-09-30,-0.00875166442751596,-0.01530811394303988
2026-10-01,0.00023230300465892917,-0.008838405427659124
2026-10-02,-0.0052264454845193375,0.0023089245147331905
2026-10-05,0.010040870928551104,-0.0019064092853531278
2026-10-06,-0.003930227244125395,0.00047749747604575177
