Date,KO,PEP,spread,z_score,position
2018-01-02,34.81647491455078,89.69091033935547,-0.6610511012142557,,0
2018-01-03,34.74001693725586,89.45541381835938,-0.6607872234170755,,0
2018-01-04,35.22932815551758,89.89604187011719,-0.6514024371975187,,0
2018-01-05,35.22166061401367,90.15433502197266,-0.6543072272289008,,0
2018-01-08,35.168155670166016,89.63773345947266,-0.6504453433532871,,0
2018-01-09,35.34400177001953,89.70611572265625,-0.6461718595554773,,0
2018-01-10,35.22166061401367,89.25027465820312,-0.6448680230256549,,0
2018-01-11,35.19874572753906,88.79447174072266,-0.6407235147033745,,0
2018-01-12,35.28282928466797,89.17431640625,-0.642335429773012,,0
2018-01-16,35.5733528137207,89.53897094726562,-0.637957034403954,,0
2018-01-17,35.79507064819336,90.54177856445312,-0.6421746049773787,,0
2018-01-18,35.84093475341797,90.44304656982422,-0.6398722866532758,,0
2018-01-19,36.05499649047852,91.29388427734376,-0.6426869977090242,,0
2018-01-22,36.22319030761719,92.31192779541016,-0.6484190146420015,,0
2018-01-23,36.276702880859375,92.15235137939452,-0.6453223951648064,,0
2018-01-24,36.56723785400391,92.03081512451172,-0.6361094222399699,,0
2018-01-25,36.57487487792969,91.84847259521484,-0.634043119381404,,0
2018-01-26,37.10240173339844,92.5018310546875,-0.6263615540659644,,0
2018-01-29,36.46783828735352,90.9140396118164,-0.6273968451492165,,0
2018-01-30,36.246131896972656,91.08118438720705,-0.6352151917916045,,0
2018-01-31,36.38374328613281,91.39266967773438,-0.6346232597839103,,0
2018-02-01,36.276702880859375,91.39266967773438,-0.6375695803297678,,0
2018-02-02,35.726261138916016,90.15433502197266,-0.6400824544381849,,0
2018-02-05,34.31953430175781,86.95597076416016,-0.6464239931184053,,0
2018-02-06,34.15133285522461,86.27223205566406,-0.6439437263265542,,0
2018-02-07,34.06724548339844,86.22666931152344,-0.6459142049507518,,0
2018-02-08,32.95103073120117,83.6816177368164,-0.651168383791648,,0
2018-02-09,32.973968505859375,84.46412658691406,-0.6591896562610144,,0
2018-02-12,33.616172790527344,85.03388977050781,-0.646197290005198,,0
2018-02-13,33.78436279296875,85.19346618652344,-0.642962448674576,,0
2018-02-14,33.715553283691406,82.89154815673828,-0.619347205187168,,0
2018-02-15,34.23542404174805,84.30461883544922,-0.6198768301254125,,0
2018-02-16,34.388336181640625,84.37296295166016,-0.6161792338057808,,0
2018-02-20,33.63145446777344,83.17263793945312,-0.625015254070374,,0
2018-02-21,33.134525299072266,82.04824829101562,-0.6271536862948119,,0
2018-02-22,33.27213668823242,83.00550079345703,-0.6338727771708283,,0
2018-02-23,33.66968536376953,83.32455444335938,-0.6255882339250562,,0
2018-02-26,33.66204071044922,84.28181457519531,-0.6365135412049145,,0
2018-02-27,33.34858703613281,84.24382781982422,-0.6454467361454759,,0
2018-02-28,33.04277038574219,83.362548828125,-0.6448102859047116,,0
2018-03-01,33.20332336425781,82.7464828491211,-0.6330160035288204,,0
2018-03-02,33.425045013427734,83.45057678222656,-0.6342960689899355,,0
2018-03-05,33.55499649047852,83.74906921386719,-0.6337597599408151,,0
2018-03-06,33.58558654785156,83.86385345458984,-0.6341312878409613,,0
2018-03-07,33.50148391723633,84.06282806396484,-0.638858010504975,,0
2018-03-08,33.98313903808594,85.77715301513672,-0.6434908286615935,,0
2018-03-09,34.266021728515625,86.12919616699219,-0.6390370224256805,,0
2018-03-12,34.0443000793457,86.2899169921875,-0.6472746876591282,,0
2018-03-13,34.07487869262695,86.94044494628906,-0.6534110440297844,,0
2018-03-14,33.766353607177734,86.18277740478516,-0.6543088729134814,,0
2018-03-15,33.68152618408203,85.708251953125,-0.6516532128058197,,0
2018-03-16,33.51957321166992,85.44042205810547,-0.6535419162787783,,0
2018-03-19,33.36530685424805,84.46083068847656,-0.6473548833999807,,0
2018-03-20,33.28818893432617,84.10874938964844,-0.6457565782120831,,0
2018-03-21,33.16477966308594,83.22097778320312,-0.6395327410538822,,0
2018-03-22,32.97967529296875,82.6087417602539,-0.6382141846627789,,0
2018-03-23,32.64802551269531,81.23880004882812,-0.6326595314473069,,0
2018-03-26,32.925682067871094,81.743896484375,-0.6299959457079276,,0
2018-03-27,33.07994079589844,82.37911987304688,-0.632571645306363,,0
2018-03-28,33.41157913208008,83.5577163696289,-0.6359006733598802,0.4565071483061703,0
2018-03-29,33.49642562866211,83.53478240966797,-0.6331073655425761,0.7123736944532739,0
2018-04-02,32.91025161743164,81.92758178710938,-0.6325668782482818,0.7463904932373714,0
2018-04-03,33.45787048339844,82.80004119873047,-0.6259849292205169,1.4016344114818364,0
2018-04-04,34.12114715576172,84.32301330566406,-0.6234247128670432,1.6201548554551652,0
2018-04-05,34.24455642700195,84.62151336669922,-0.6231239880378592,1.5903894349288619,0
2018-04-06,33.874351501464844,83.6495361328125,-0.6231736645305412,1.5228722992454997,0
2018-04-09,33.8049430847168,83.71078491210938,-0.6259102712513092,1.194918006344688,0
2018-04-10,33.928340911865234,83.7260971069336,-0.6224379266875726,1.4949912391403035,0
2018-04-11,33.928340911865234,83.17506408691406,-0.6162536670015957,2.010796967406355,-1
2018-04-12,33.95919418334961,82.89189147949219,-0.6121507041773633,2.2649524865582475,-1
2018-04-13,34.32939910888672,83.61894989013672,-0.6094871805183719,2.34992627942125,-1
2018-04-16,34.46052169799805,84.12405395507812,-0.6113152587828061,2.065712996011708,-1
2018-04-17,34.61478042602539,83.32048034667969,-0.5978595577426331,2.929581658077982,-1
2018-04-18,34.32939910888672,81.8740234375,-0.5897365240022334,3.209274524157942,-1
2018-04-19,34.17515182495117,80.79491424560547,-0.5818136981320454,3.35459073411072,-1
2018-04-20,33.73551559448242,78.43006896972656,-0.5669391745155328,3.7216224304486087,-1
2018-04-23,33.92061996459961,78.5066146850586,-0.5623808614478936,3.483338118215494,-1
2018-04-24,33.21876525878906,77.63414764404297,-0.5728224266017388,2.711406643095653,-1
2018-04-25,32.725154876708984,77.4122085571289,-0.5851120479406964,2.0127409156879823,-1
2018-04-26,32.971954345703125,79.02702331542969,-0.596934479963172,1.411353312324867,-1
2018-04-27,33.40387344360352,77.84077453613281,-0.5697548965175345,2.4635780673764947,-1
2018-04-30,33.32674026489258,77.25148010253906,-0.5649494258939094,2.4806697288577566,-1
2018-05-01,32.84855651855469,75.86625671386719,-0.5624554425300734,2.407383240741299,-1
2018-05-02,32.439781188964844,74.41213989257812,-0.5568525037299432,2.446969302406366,-1
2018-05-03,32.30866622924805,74.69532012939453,-0.5644598832712795,2.048522382192897,-1
2018-05-04,32.67115783691406,75.75910949707031,-0.566546917918552,1.8790170847586942,-1
2018-05-07,32.50148391723633,75.1774673461914,-0.5645355946358608,1.8604236198511206,-1
2018-05-08,32.24696731567383,74.07537841796875,-0.5585658237345155,1.9724416190243823,-1
2018-05-09,32.22382354736328,73.59324645996094,-0.5531680719899152,2.0423363798471175,-1
2018-05-10,32.53232955932617,74.44271850585938,-0.55438842629286,1.9052100546845092,-1
2018-05-11,32.50148391723633,74.5652084350586,-0.5568768106667701,1.7451833641112662,-1
2018-05-14,32.42435073852539,74.3509292602539,-0.5565575560028266,1.6805106584304057,-1
2018-05-15,32.17754364013672,74.08307647705078,-0.5608183436698222,1.4937948093344369,-1
2018-05-16,32.046424865722656,74.38151550292969,-0.5686668358146068,1.2181458241199148,-1
2018-05-17,32.6248893737793,74.94021606445312,-0.5577855042518967,1.4789817435825354,-1
2018-05-18,32.53232955932617,74.62643432617188,-0.5566969102820947,1.4527695256388673,-1
2018-05-21,32.7097282409668,76.1570816040039,-0.5702740654920886,1.0318315287662179,-1
2018-05-22,32.58633041381836,76.47850799560547,-0.5779982316039205,0.7859988112195917,-1
2018-05-23,32.7020149230957,76.87647247314453,-0.579315309302491,0.7221058439291341,-1
2018-05-24,32.64031982421875,76.66984558105469,-0.578683007603364,0.713721576140755,-1
2018-05-25,32.7020149230957,76.76931762695312,-0.5780089606652337,0.7080869975162789,-1
2018-05-29,32.91796875,77.37393188476562,-0.5787742195741599,0.6616730935909614,-1
2018-05-30,33.265045166015625,77.93262481689453,-0.5750240832139748,0.743753378216224,-1
2018-05-31,33.16477966308594,77.42903900146484,-0.5719712326419835,0.8042502347234541,-1
2018-06-01,33.25733184814453,77.42903900146484,-0.5691844424345938,0.8557079845360042,-1
2018-06-04,33.542701721191406,77.32862854003906,-0.5594250551668836,1.1046748465036567,-1
2018-06-05,33.24961471557617,77.39814758300781,-0.5690427819353965,0.7945241909417846,-1
2018-06-06,33.51957321166992,77.87700653076172,-0.5667330527716614,0.8348974083231939,-1
2018-06-07,33.50413513183594,78.13189697265625,-0.5702540873314974,0.703977772333815,-1
2018-06-08,33.897483825683594,79.15911102294922,-0.5708151143850722,0.6620018300044581,-1
2018-06-11,34.036319732666016,79.7152328491211,-0.5732844283092242,0.5588968234156381,-1
2018-06-12,34.25227355957031,80.69609832763672,-0.5784134162476051,0.3647340640826083,0
2018-06-13,34.07488250732422,81.30628204345703,-0.5906610275417621,-0.08218270217371307,0
2018-06-14,33.91147232055664,81.19815826416016,-0.5942218795739644,-0.24461719780033406,0
2018-06-15,34.3316650390625,83.11360168457031,-0.6037439073444326,-0.6270629224900864,0
2018-06-18,33.88812255859375,81.3912582397461,-0.5971352984593841,-0.41997117066865114,0
2018-06-19,33.927032470703125,81.83921813964844,-0.6011282874727755,-0.6078307728538028,0
2018-06-20,33.66246032714844,81.72335815429688,-0.607630285822268,-0.8951631503939185,0
2018-06-21,33.530181884765625,82.82781219482422,-0.624140063743992,-1.5772014117334414,0
2018-06-22,33.654685974121094,83.70059204101562,-0.6302509596358474,-1.841916883018028,0
2018-06-25,33.91147232055664,84.17948150634766,-0.6279931348366854,-1.765029518413876,0
2018-06-26,33.7169303894043,83.45343017578125,-0.6256334650860622,-1.6878278960667719,0
2018-06-27,33.514617919921875,83.62334442138672,-0.6335568041516955,-1.9908171823686938,0
2018-06-28,33.82587432861328,83.94003295898438,-0.6278526310369035,-1.7452351081432278,0
2018-06-29,34.129356384277344,84.0867691040039,-0.6205565345356394,-1.4535151867842655,0
2018-07-02,34.043758392333984,84.59652709960938,-0.6287283138506421,-1.7722837730799192,0
2018-07-03,34.23051452636719,84.03271484375,-0.6169947015260417,-1.313897257115037,0
2018-07-05,34.751861572265625,84.61197662353516,-0.6083129069852418,-0.9799172069104494,0
2018-07-06,34.736305236816406,84.61970520019531,-0.6088461908006946,-1.0132963156559849,0
2018-07-09,34.5495491027832,83.22945404052734,-0.5987220873303216,-0.6051043717882114,0
2018-07-10,34.99309158325195,87.19164276123047,-0.6295229266180868,-1.8490060186545658,0
2018-07-11,34.853023529052734,86.92132568359375,-0.6306255851074751,-1.844484977426745,0
2018-07-12,34.759647369384766,86.1412582397461,-0.6248652630663272,-1.5631364878012832,0
2018-07-13,34.81410598754883,87.03718566894531,-0.6329903713742562,-1.804387926881129,0
2018-07-16,34.806339263916016,87.2457275390625,-0.6354548213158004,-1.8118263645269996,0
2018-07-17,35.21097183227539,88.7286605834961,-0.6396818257076875,-1.8746987936294268,0
2018-07-18,35.10980987548828,88.69004821777344,-0.6421513274932198,-1.8719523744075814,0
2018-07-19,35.102027893066406,89.4160385131836,-0.6500082326882279,-2.0357169098856023,1
2018-07-20,35.23432159423828,89.60143280029297,-0.6481863369894252,-1.8776451400420513,1
2018-07-23,34.9775276184082,88.3501968383789,-0.6423303988241345,-1.6193830741353121,1
2018-07-24,35.218753814697266,88.62052154541016,-0.638318694977321,-1.4322406517051371,1
2018-07-25,35.86461639404297,88.98352813720703,-0.6239747338393031,-0.9384898141331421,1
2018-07-26,35.9813232421875,88.82133483886719,-0.6190172561800869,-0.7519185728488581,1
2018-07-27,35.957984924316406,88.26522827148438,-0.6137838636063755,-0.5581282264500791,1
2018-07-30,35.97354888916016,88.18798065185547,-0.6125311016231412,-0.4946758798298054,0
2018-07-31,36.284812927246094,88.82133483886719,-0.6106179841184121,-0.4105226052196341,0
2018-08-01,36.09804534912109,87.74774932861328,-0.6043892907506208,-0.1835395472278247,0
2018-08-02,35.93463134765625,88.58190155029297,-0.6177876873389874,-0.6079260822474595,0
2018-08-03,36.27701950073242,89.82540130615234,-0.6213606452814955,-0.7032967880526999,0
2018-08-06,36.30037689208984,90.6595458984375,-0.6293740683053501,-0.9517416125200809,0
2018-08-07,36.18365097045898,88.21890258789062,-0.6070359671690664,-0.140348673437972,0
2018-08-08,35.91129302978516,87.65509033203125,-0.6085866870300598,-0.16900544831980693,0
2018-08-09,36.066925048828125,87.8172607421875,-0.6059933953214744,-0.0467953125509343,0
2018-08-10,35.85683059692383,87.17620849609375,-0.6049737025997883,0.01462823783588,0
2018-08-13,35.66228103637695,87.29206085205078,-0.6116580241669469,-0.21292866885611206,0
2018-08-14,35.708980560302734,87.35384368896484,-0.6110120268597239,-0.1570236645134369,0
2018-08-15,35.85683059692383,87.62417602539062,-0.6097740534075724,-0.08133725927976906,0
2018-08-16,35.96575927734375,88.24205780029297,-0.6133217908249136,-0.20702447620924574,0
2018-08-17,36.26146697998047,88.79044342041016,-0.610935812262507,-0.08545138777039403,0
2018-08-20,36.36262130737305,88.69776916503906,-0.6071720721557665,0.09679111815836476,0
2018-08-21,35.96575927734375,87.83272552490234,-0.6089671986947303,0.042090792836602726,0
2018-08-22,35.7401123046875,86.68963623046875,-0.6029920710313705,0.3277816311393548,0
2018-08-23,35.561126708984375,86.4501724243164,-0.6054219641018621,0.24707123035726372,0
2018-08-24,35.50665664672852,86.62010955810547,-0.6087940894064259,0.12455700396581963,0
2018-08-27,35.55335998535156,86.8209228515625,-0.6096483592753352,0.12024964833839186,0
2018-08-28,35.304344177246094,85.86319732666016,-0.6062883097549392,0.3410791414904016,0
2018-08-29,35.273216247558594,86.54287719726562,-0.6145549160691113,-0.04822089382328447,0
2018-08-30,34.9775276184082,86.4733657836914,-0.622220505171271,-0.43636938679776843,0
2018-08-31,34.68183517456055,86.51200103759766,-0.6311285769336505,-0.9340946155999984,0
2018-09-04,34.829681396484375,85.73189544677734,-0.6183911037906138,-0.12841734829981188,0
2018-09-05,35.3121337890625,87.3692855834961,-0.6223531478020523,-0.3545733047135092,0
2018-09-06,35.6156005859375,88.38792419433594,-0.6246522726406929,-0.4902842431325262,0
2018-09-07,35.576690673828125,87.79606628417969,-0.6194529053140863,-0.07547317433712217,0
2018-09-10,35.841270446777344,88.4424057006836,-0.618913110178978,-0.0030719468888340804,0
2018-09-11,35.81013870239258,88.25552368164062,-0.6178009986157296,0.10394780730001019,0
2018-09-12,35.9813232421875,88.66047668457031,-0.6173195707505577,0.17356086949255614,0
2018-09-13,35.96563720703125,89.5482406616211,-0.6270868698073011,-0.5986483074103459,0
2018-09-14,36.0911979675293,89.22115325927734,-0.6201746218720987,-0.007391267234763454,0
2018-09-17,36.35016250610352,89.86753845214844,-0.6197856800122392,0.01913488301106637,0
2018-09-18,36.04410934448242,88.76171112060547,-0.6166449076019567,0.26505878358233165,0
2018-09-19,36.067649841308594,88.59817504882812,-0.6142648838196623,0.44760698401435506,0
2018-09-20,36.60128784179688,89.72737121582031,-0.6114390184841367,0.6655231198897021,0
2018-09-21,36.554195404052734,89.4859390258789,-0.6102030398797038,0.7428051566966607,0
2018-09-24,36.15397644042969,87.4300308227539,-0.5994437843462359,1.5903003968357075,0
2018-09-25,35.84792709350586,87.1964340209961,-0.6054393052507279,1.0577389198429243,0
2018-09-26,35.9813232421875,86.8304214477539,-0.5977854791817676,1.6219280160580867,0
2018-09-27,36.106895446777344,86.47998046875,-0.5905140744590933,2.0945182196589633,-1
2018-09-28,36.24814987182617,87.06402587890625,-0.5929134484618377,1.8384509254846242,-1
2018-10-01,36.27953720092773,86.21519470214844,-0.5828720741453783,2.44418357943243,-1
2018-10-02,36.49927520751953,84.66547393798828,-0.5598456163705547,3.6291646968735614,-1
2018-10-03,35.99702835083008,83.73098754882812,-0.5633069208331385,3.071275206437189,-1
2018-10-04,35.9813232421875,83.02234649658203,-0.5557831363954064,3.1594793953176685,-1
2018-10-05,36.004878997802734,82.92886352539062,-0.5540735203181435,2.9494314900318894,-1
2018-10-08,36.475730895996094,84.25273132324219,-0.5559139851900685,2.6428148557520803,-1
2018-10-09,36.40509796142578,84.1982421875,-0.5572463943022332,2.4152067400179305,-1
2018-10-10,35.84792709350586,83.59081268310547,-0.5658883399941312,1.9291517372046516,-1
2018-10-11,35.03178024291992,81.8152847290039,-0.5688108125653981,1.7309511280804857,-1
2018-10-12,35.06317138671875,81.98661041259766,-0.5698743051936441,1.637912815159337,-1
2018-10-15,35.24365234375,82.25914764404297,-0.5678483344377003,1.6817203994314596,-1
2018-10-16,35.69882583618164,83.62977600097656,-0.5704927347720266,1.5152944661947314,-1
2018-10-17,35.98917007446289,84.34622192382812,-0.57038173388483,1.4735588936758957,-1
2018-10-18,35.792991638183594,84.0502700805664,-0.5725557123741161,1.3248768879478803,-1
2018-10-19,36.3580207824707,85.88814544677734,-0.5771515823343072,1.0775272064312107,-1
2018-10-22,36.075496673583984,85.19503021240234,-0.5773638262678724,1.03368380821079,-1
2018-10-23,36.38155364990234,85.76351928710938,-0.5751445684836809,1.0974401931169913,-1
2018-10-24,36.67192840576172,87.9674072265625,-0.590958002571083,0.3720433708734939,0
2018-10-25,36.49927520751953,87.88172912597656,-0.5947645325169644,0.1935381151600113,0
2018-10-26,36.036258697509766,86.0127182006836,-0.5873982145876404,0.5043041548277757,0
2018-10-29,36.46003341674805,87.91284942626953,-0.5961718434289605,0.08966792702245184,0
2018-10-30,37.37820053100586,88.59817504882812,-0.5785735601365944,0.8633824565120185,0
2018-10-31,37.57439804077149,87.51569366455078,-0.5618249951803547,1.5695494585894083,0
2018-11-01,37.46452713012695,86.83818817138672,-0.5574747112998573,1.6890429633476103,0
2018-11-02,37.66857147216797,86.57343292236328,-0.5491833616116835,1.9500699143952198,0
2018-11-05,38.21005630493164,89.08100128173828,-0.5616525503976986,1.3652282911333458,0
2018-11-06,38.539649963378906,89.71957397460938,-0.5597534743623638,1.3917844777987647,0
2018-11-07,38.74369430541992,90.03104400634766,-0.5577187833346722,1.421084161942404,0
2018-11-08,38.71230316162109,90.38148498535156,-0.5621677892962031,1.1958354336849186,0
2018-11-09,38.98696899414063,91.48731994628906,-0.5664873055984847,0.9861695135228441,0
2018-11-12,39.13606643676758,91.09016418457033,-0.5585957364632979,1.2620202716370403,0
2018-11-13,39.12822341918945,91.22256469726562,-0.560156478942103,1.1586006102289819,0
2018-11-14,39.04975509643555,90.8409652709961,-0.5582378805530999,1.1934108430885437,0
2018-11-15,39.03405380249024,90.957763671875,-0.5598434567542037,1.0926756944165943,0
2018-11-16,39.37150192260742,92.16483306884766,-0.5635827289472655,0.9145433774234242,0
2018-11-19,39.63833236694336,92.6788101196289,-0.5620367893895581,0.9436550234212241,0
2018-11-20,38.75153350830078,90.33478546142578,-0.5606708784988923,0.96477759027487,0
2018-11-21,38.241432189941406,89.77406311035156,-0.5680901434007573,0.6491372725710163,0
2018-11-23,38.46902847290039,89.87529754638672,-0.5632117510830557,0.8131568968531192,0
2018-11-26,38.35131072998047,90.22573852539062,-0.5699212526092712,0.5214694336770502,0
2018-11-27,38.74369430541992,90.67742156982422,-0.5644188249630586,0.72005715122323,0
2018-11-28,39.01051330566406,92.2816162109375,-0.5739797815004182,0.29666503006578115,0
2018-11-29,38.741580963134766,92.10252380371094,-0.5790781240308025,0.05070652818584272,0
2018-11-30,39.86474990844727,94.96055603027344,-0.579119848575361,0.01627364702001253,0
2018-12-03,39.303165435791016,92.65544128417967,-0.5702921841040487,0.38858114263198723,0
2018-12-04,39.21616363525391,91.7365264892578,-0.5631734522533964,0.6944058857907112,0
2018-12-06,39.05796813964844,91.7114028930664,-0.5669590173192032,0.4880650692365526,0
2018-12-07,38.828590393066406,90.91080474853516,-0.5646374083809507,0.57746360681788,0
2018-12-10,38.947242736816406,91.20120239257812,-0.5645731836751167,0.5598579496745552,0
2018-12-11,39.18452072143555,92.06463623046876,-0.567324454061549,0.3838638681451248,0
2018-12-12,38.93141555786133,91.83699798583984,-0.5714861105726392,0.10827109635840415,0
2018-12-13,39.12915802001953,92.89665222167967,-0.5771643283216918,-0.29204885702632605,0
2018-12-14,39.02634048461914,89.44295501708984,-0.5443122084817018,1.8100892726406943,0
2018-12-17,38.22745895385742,88.59522247314453,-0.5560759309674248,1.0199100687320721,0
2018-12-18,38.21954345703125,87.7867431640625,-0.5476971190607083,1.6155949532048044,0
2018-12-19,37.8873405456543,86.37385559082031,-0.5412308755171322,2.03780573807018,-1
2018-12-20,37.60258865356445,86.5073013305664,-0.5502208699769078,1.3694647210160336,-1
2018-12-21,37.62632369995117,85.88721466064453,-0.5428523626057307,1.9134336377431793,-1
2018-12-24,36.35285568237305,83.2262954711914,-0.547808281826351,1.478049490439613,-1
2018-12-26,37.12801361083984,85.03163146972656,-0.5468079323923964,1.5311529014299399,-1
2018-12-27,37.59467697143555,85.88721466064453,-0.5436937959847166,1.723405578311659,-1
2018-12-28,37.33365631103516,86.62506866455078,-0.5586726636501735,0.4837615905313211,0
2018-12-31,37.45231246948242,86.71924591064453,-0.5565171049294482,0.6500777028449392,0
2019-01-02,37.12009811401367,85.77732849121094,-0.5551986845046617,0.7572967929178726,0
2019-01-03,36.890716552734375,84.97669219970703,-0.5526144516475169,0.9660052310616689,0
2019-01-04,37.62632369995117,86.71924591064453,-0.5518816573258722,1.0157567145166384,0
2019-01-07,37.13591766357422,85.97355651855469,-0.5569126837433784,0.6041907685932256,0
2019-01-08,37.55513381958008,86.7977294921875,-0.5546227094197747,0.7719731926183329,0
2019-01-09,36.83534240722656,84.372314453125,-0.5474317018541761,1.309185051105317,0
2019-01-10,37.23084259033203,84.89036560058594,-0.5424849410339081,1.6335842322648682,0
2019-01-11,37.44438552856445,84.89820098876953,-0.5368521221280624,1.9679558116440676,0
2019-01-14,37.29410934448242,84.23886108398438,-0.5335715337419682,2.092778632617893,-1
2019-01-15,37.62632369995117,85.54969024658203,-0.5391645460497929,1.613242231228254,-1
2019-01-16,37.11219787597656,85.03949737548828,-0.5473206351602644,0.9948383937597995,-1
2019-01-17,37.22291946411133,85.73021697998047,-0.5519180182220911,0.6410821586947201,-1
2019-01-18,37.657962799072266,86.39739990234375,-0.5475587418297345,0.9239143714756252,-1
2019-01-22,37.74496841430664,86.27184295654297,-0.5438889372035032,1.1501436955368056,-1
2019-01-23,38.17999649047852,86.91547393798828,-0.539390696691703,1.452196876549017,-1
2019-01-24,37.72123718261719,85.95000457763672,-0.5410174582767806,1.3291669130685908,-1
2019-01-25,37.46812438964844,85.83229064941406,-0.5464665957848327,0.8858077567282404,-1
2019-01-28,37.30992889404297,85.416259765625,-0.5461470828725656,0.9205011630784108,-1
2019-01-29,37.49185180664063,85.55753326416016,-0.5428306840694113,1.187293309792484,-1
2019-01-30,37.85570526123047,86.9861068725586,-0.5486815230425566,0.6365933268426518,-1
2019-01-31,38.06926727294922,88.43824768066406,-0.5585617894398056,-0.2560663197277028,0
2019-02-01,38.52011489868164,88.06148529052734,-0.5427900897900142,1.151631987449783,0
2019-02-04,38.95514297485352,88.7679214477539,-0.5390430772504762,1.4317111693121896,0
2019-02-05,38.96305465698242,88.61878204345703,-0.5372651501845369,1.5262078497258604,0
2019-02-06,38.96305465698242,88.73651885986328,-0.5385086223053954,1.3687605498715483,0
2019-02-07,39.08960723876953,88.7679214477539,-0.535597249142953,1.5518697536709019,0
2019-02-08,39.15288925170898,88.71295166015625,-0.5333995119117607,1.6645327252799968,0
2019-02-11,39.239891052246094,88.67369842529297,-0.5307653749473391,1.7945040514853654,0
2019-02-12,39.27943420410156,89.3173599243164,-0.5365319032048221,1.284411490065587,0
2019-02-13,39.382266998291016,89.57640838623047,-0.5366297451567892,1.2336138949569908,0
2019-02-14,36.06019973754883,88.37542724609375,-0.6121138484831081,-3.961684376555848,1
2019-02-15,35.78336334228516,90.98141479492188,-0.6470383189137507,-4.828567979736157,1
2019-02-19,35.45905685424805,90.99712371826172,-0.6563043844430423,-4.31559283857318,1
2019-02-20,35.67263412475586,90.91861724853516,-0.6494908868216522,-3.513111424604188,1
2019-02-21,36.27375793457031,91.13055419921876,-0.6349608230029458,-2.725415082497228,1
2019-02-22,35.814998626708984,91.64860534667967,-0.6529976470217544,-3.0417608933493945,1
2019-02-25,35.54606628417969,91.09915161132812,-0.6549030982531145,-2.8397917761262703,1
2019-02-26,35.348323822021484,91.0285186767578,-0.6597551816443379,-2.742266320493859,1
2019-02-27,35.54606628417969,90.55755615234376,-0.6493184897134481,-2.2993513043087823,1
2019-02-28,35.862457275390625,91.50554656982422,-0.6502103467730613,-2.1969537777757906,1
2019-03-01,35.89410400390625,91.9328384399414,-0.6536914680115871,-2.164449012412068,1
2019-03-04,36.107666015625,91.92493438720705,-0.647678792422886,-1.9184321144861194,1
2019-03-05,36.068115234375,91.81413269042967,-0.6476451804976135,-1.8287587693228797,1
2019-03-06,35.94947052001953,92.3126449584961,-0.6560114648342199,-1.9255532012522014,1
2019-03-07,35.814998626708984,91.86953735351562,-0.6552526530955731,-1.8201228447625344,1
2019-03-08,35.46696853637695,91.1811065673828,-0.6579729729854873,-1.7943077172251958,1
2019-03-11,36.52688217163086,92.25726318359376,-0.639515284711873,-1.351635701066883,1
2019-03-12,36.424049377441406,92.24143981933594,-0.6421738711284593,-1.3606854182293042,1
2019-03-13,36.55850982666016,92.24933624267578,-0.6385693108689643,-1.247595654639285,1
2019-03-14,36.46276092529297,91.39474487304688,-0.6324750962315675,-1.0859917474688867,1
2019-03-15,36.14361190795898,91.5213623046875,-0.6425629754840805,-1.2471690490493936,1
2019-03-18,36.23138427734375,92.79534149169922,-0.6530845833307843,-1.4042431659616483,1
2019-03-19,36.3510627746582,93.4441909790039,-0.6563127744093498,-1.413478305208739,1
2019-03-20,36.327125549316406,93.62620544433594,-0.6587939982106454,-1.4074633992689398,1
2019-03-21,36.311180114746094,94.51246643066406,-0.6680568141900669,-1.5241205132953832,1
2019-03-22,36.646278381347656,95.52533721923828,-0.6688541955948772,-1.4798062539819383,1
2019-03-25,36.726070404052734,95.6281967163086,-0.6676871349138063,-1.4037254458150017,1
2019-03-26,37.21276473999024,96.55401611328124,-0.6635458555904958,-1.2802996761332597,1
2019-03-27,37.18883514404297,96.45114135742188,-0.6631907030262982,-1.2298712841370947,1
2019-03-28,37.16489028930664,96.41156768798828,-0.663450433375008,-1.192556285679141,1
2019-03-29,37.3882942199707,96.973388671875,-0.6628990953125355,-1.1428588178380812,1
2019-04-01,37.27660369873047,96.5381851196289,-0.6616782412735134,-1.0837283069536934,1
2019-04-02,37.15691375732422,96.2849349975586,-0.662434133224342,-1.061057705257562,1
2019-04-03,36.84574890136719,96.19001770019533,-0.6699200239212226,-1.1546328726024768,1
2019-04-04,37.08510971069336,96.11881256103516,-0.6627511865547109,-0.993509083661086,1
2019-04-05,37.07712936401367,96.23748779296876,-0.6641220372008774,-0.9845358979074353,1
2019-04-08,37.140960693359375,96.5381851196289,-0.6653237020379654,-0.9732571277779271,1
2019-04-09,37.23670196533203,96.6727066040039,-0.6640533889048141,-0.9199813759955227,1
2019-04-10,37.21276473999024,96.56983184814452,-0.6636992541723568,-0.8843437664084994,1
2019-04-11,37.26861572265625,96.27704620361328,-0.6593556824164892,-0.7777904073283765,1
2019-04-12,37.29255294799805,96.72018432617188,-0.6630144730492251,-0.8166217227380614,1
2019-04-15,37.5,97.85173797607422,-0.6683607017628872,-0.8857362932049984,1
2019-04-16,37.46009826660156,96.86261749267578,-0.6599100068495094,-0.7014272972991888,1
2019-04-17,37.72340393066406,100.50257873535156,-0.687455254093988,-1.1856092699806864,1
2019-04-18,37.88297653198242,100.5658721923828,-0.683823741037676,-1.0849522833690552,1
2019-04-22,37.81915283203125,100.05154418945312,-0.6807077198982996,-0.9957324859935638,1
2019-04-23,38.465423583984375,100.5658721923828,-0.668565835155551,-0.7314584823270435,1
2019-04-24,38.28190994262695,100.43133544921876,-0.6720943521045064,-0.7760187860112763,1
2019-04-25,38.170204162597656,99.80621337890624,-0.6691688486424057,-0.6915390543981437,1
2019-04-26,38.50532150268555,100.01988983154295,-0.6624305725290798,-0.5247788257810971,1
2019-04-29,38.63298034667969,100.24935913085938,-0.6612669408189942,-0.47407512160539567,0
2019-04-30,39.14361953735352,101.32553100585938,-0.6581362274373039,-0.37731528446586626,0
2019-05-01,38.76861572265625,100.68458557128906,-0.661819457703237,-0.43563749454941336,0
2019-05-02,38.60903549194336,100.36014556884766,-0.6629213709685535,-0.4365926216798739,0
2019-05-03,38.87234115600586,101.02484130859376,-0.6623072427791583,-0.3941123719467451,0
2019-05-06,38.67286682128906,100.70829010009766,-0.664512738322137,-0.4317876178508828,0
2019-05-07,38.29787063598633,99.68753814697266,-0.6647154752454774,-0.41825712119180036,0
2019-05-08,38.17819595336914,99.71918487548828,-0.6681424808073695,-0.5389427478732887,0
2019-05-09,37.81915283203125,99.742919921875,-0.6778142774998126,-1.040071328703837,0
2019-05-10,38.4494743347168,101.29386901855467,-0.6757359358021833,-1.3063548545836754,0
2019-05-13,38.3377685546875,100.62126922607422,-0.6724058175104344,-1.0931901846194456,0
2019-05-14,38.84840774536133,100.819091796875,-0.6610137503558153,-0.051142794780777136,0
2019-05-15,39.23936462402344,102.35421752929688,-0.6651535597686302,-0.4134999065853425,0
2019-05-16,39.55851745605469,103.08220672607422,-0.6636906653277816,-0.2613836198809092,0
2019-05-17,39.25532150268555,103.27210235595705,-0.6731084115547983,-1.1086869134160124,0
2019-05-20,38.97605895996094,102.86064910888672,-0.6765089578708983,-1.3799862000133818,0
2019-05-21,38.7765998840332,102.11680603027344,-0.6748421395995883,-1.1815919616425452,0
2019-05-22,39.61436462402344,102.9239501953125,-0.6608409377833064,0.12819057289263752,0
2019-05-23,39.77392959594727,102.84481048583984,-0.6561006556533875,0.5874121356971354,0
2019-05-24,39.58244323730469,102.4729232788086,-0.657533890784884,0.4681120616048197,0
2019-05-28,39.175537109375,100.9931640625,-0.6542440031917702,0.7829610344682695,0
2019-05-29,38.784576416015625,101.42048645019533,-0.6682282836391789,-0.525377056817694,0
2019-05-30,39.29521179199219,101.7686538696289,-0.6583578992137169,0.454822940446531,0
2019-05-31,39.19948196411133,101.28595733642578,-0.6563442743441255,0.6538426094209098,0
2019-06-03,39.87765884399414,102.06143188476562,-0.6463348681089558,1.5968307877836492,0
2019-06-04,39.89361572265625,102.13265228271484,-0.646588127103294,1.5253906585791486,0
2019-06-05,40.51595306396485,103.96844482421876,-0.6477934953522198,1.4596529385943902,0
2019-06-06,41.01063537597656,105.19993591308594,-0.6466861510593533,1.596239596614538,0
2019-06-07,41.08244323730469,106.38764190673828,-0.6554512878794552,0.7951341455121489,0
2019-06-10,40.99468612670898,106.48326873779295,-0.6584311505163463,0.5830792848734677,0
2019-06-11,40.95478439331055,106.1724090576172,-0.6566668240145095,0.8473393234444713,0
2019-06-12,41.202125549316406,106.12457275390624,-0.650223549192205,1.5931371060343018,0
2019-06-13,41.113677978515625,105.96515655517578,-0.6509646025104638,1.4768586037796696,0
2019-06-14,41.25841522216797,105.79776000976562,-0.6459696774461734,1.9689670920660576,0
2019-06-17,40.90461349487305,105.63037872314452,-0.6530990180000198,1.1282243373406213,0
2019-06-18,40.71966171264648,105.26372528076172,-0.6543742453432242,0.9546703037326282,0
2019-06-19,41.10564041137695,105.8934326171875,-0.6505259766483,1.3328091607023353,0
2019-06-20,41.539852142333984,106.9375991821289,-0.6492078687511231,1.4256128735616074,0
2019-06-21,41.4514045715332,106.7781982421875,-0.6499422778609403,1.3032756255685525,0
2019-06-24,41.74890899658203,106.92166900634766,-0.6440482809732697,1.8388103378382141,0
2019-06-25,41.62025833129883,106.65861511230467,-0.6448275506182113,1.6848605753658639,0
2019-06-26,41.10564041137695,105.47097778320312,-0.6467821401512763,1.4372305395109077,0
2019-06-27,41.0734748840332,104.9687957763672,-0.6430950119558951,1.7235315441625276,0
2019-06-28,40.94480514526367,104.52244567871094,-0.6422416329350273,1.726299708101692,0
2019-07-01,41.49160003662109,105.1122589111328,-0.6342456968533776,2.3200509098500373,-1
2019-07-02,41.79715347290039,105.55865478515624,-0.6308774839508278,2.439884313506782,-1
2019-07-03,41.893653869628906,106.8021011352539,-0.639539320088633,1.6306233040499654,-1
2019-07-05,41.90169143676758,106.0289535522461,-0.6325429668360907,2.0897376894523476,-1
2019-07-08,41.81324005126953,105.66226959228516,-0.6314115527058322,2.060652138350839,-1
2019-07-09,41.48356246948242,105.00865936279295,-0.633515889505567,1.8111765698895999,-1
2019-07-10,41.66850662231445,107.13689422607422,-0.6478593328375775,0.7119150149227405,-1
2019-07-11,41.845401763916016,107.08907318115234,-0.6432048893816806,1.0259704997451868,-1
2019-07-12,41.90974044799805,106.2361831665039,-0.6341795870401334,1.6301761506104497,-1
2019-07-15,41.91777420043945,106.92963409423828,-0.6400814243079984,1.1810244786485287,-1
2019-07-16,41.925819396972656,106.6506576538086,-0.6374428498750628,1.3544715144841217,-1
2019-07-17,41.957984924316406,105.83763122558594,-0.6295089059261718,1.9081762349598383,-1
2019-07-18,41.83737182617188,105.91731262207033,-0.6330925028351602,1.5673846214005918,-1
2019-07-19,41.32274627685547,103.6934585571289,-0.6255957857399843,2.043398325969464,-1
2019-07-22,41.18604278564453,103.84490966796876,-0.6302763763784953,1.6258566911643686,-1
2019-07-23,43.686805725097656,104.21157836914062,-0.5746307968490849,4.5612894744435035,-1
2019-07-24,43.244537353515625,102.99201965332033,-0.5737810107299381,3.900309773095752,-1
2019-07-25,42.67362594604492,102.81666564941406,-0.5854749095827017,2.980375246556494,-1
2019-07-26,43.55813980102539,104.59415435791016,-0.5810123033442052,2.90371021566957,-1
2019-07-29,43.41341018676758,104.84123992919922,-0.586550375507878,2.472425504347377,-1
2019-07-30,43.19629669189453,104.00432586669922,-0.5840576944565417,2.404075521234549,-1
2019-07-31,42.31983184814453,101.87609100341795,-0.5851929688309143,2.218535923204351,-1
2019-08-01,41.83737182617188,101.34202575683594,-0.5917361095845641,1.8720027569165487,-1
2019-08-02,42.078609466552734,101.96376037597656,-0.5917148735875202,1.7893833520413416,-1
2019-08-05,41.53180313110352,99.15802001953124,-0.5786622137367488,2.1557186168284996,-1
2019-08-06,42.03034973144531,100.79203033447266,-0.5820374488800724,1.9428211964796593,-1
2019-08-07,42.7620849609375,101.8521499633789,-0.5745768183763693,2.0945436177857437,-1
2019-08-08,43.17216873168945,103.19925689697266,-0.5773385193011524,1.9023437909592373,-1
2019-08-09,42.95506286621094,102.50579071044922,-0.5760653866118743,1.8557519873555803,-1
2019-08-12,42.77817153930664,102.3065185546875,-0.5783694821179353,1.7047751570522407,-1
2019-08-13,43.0193977355957,103.56593322753906,-0.5842052428063798,1.4642007099664416,-1
2019-08-14,42.60931015014648,102.92028045654295,-0.5879265620932599,1.3033787262146643,-1
2019-08-15,43.31690979003906,104.19562530517578,-0.5829904562462347,1.4174969326097326,-1
2019-08-16,43.75112915039063,105.02459716796876,-0.580437868970145,1.4459941282101254,-1
2019-08-19,43.97626495361328,105.67024993896484,-0.5810452674203059,1.3750515631988562,-1
2019-08-20,43.32495880126953,105.26372528076172,-0.5923564252263627,0.979725872566,-1
2019-08-21,43.50185775756836,105.48688507080078,-0.590265087712146,1.0124792443018387,-1
2019-08-22,43.815460205078125,105.7419891357422,-0.585344210299442,1.1352980800086636,-1
2019-08-23,43.2123908996582,103.83692932128906,-0.5821765509322283,1.1974025647219477,-1
2019-08-26,43.85566711425781,106.60284423828124,-0.5920207795365435,0.8495655379250006,-1
2019-08-27,44.00040054321289,107.41585540771484,-0.5958416443942984,0.69990133100161,-1
2019-08-28,44.314002990722656,107.75861358642578,-0.591723429719325,0.8064311665546379,-1
2019-08-29,44.26575469970703,108.42020416259766,-0.5985453226029445,0.5598325516807938,-1
2019-08-30,44.25770568847656,108.98614501953124,-0.6036032176737063,0.37244387321161354,0
2019-09-03,44.46677780151367,109.5680160522461,-0.6038773374538611,0.3398303037464712,0
2019-09-04,44.84470748901367,110.9150619506836,-0.6068581721478332,0.21444990983983422,0
2019-09-05,44.32204055786133,109.1373291015625,-0.6034489206514762,0.30691173904818825,0
2019-09-06,44.41048812866211,110.2529296875,-0.6109802995513034,0.02044993370796449,0
2019-09-09,43.839576721191406,109.4744110107422,-0.6172822353959506,-0.2275575550653152,0
2019-09-10,43.74309158325195,109.0410385131836,-0.6157706248378014,-0.1937027022325289,0
2019-09-11,44.04059982299805,109.44232177734376,-0.6124327242348313,-0.0982004656178342,0
2019-09-12,44.314002990722656,110.18873596191406,-0.6126097736380567,-0.13416851253509457,0
2019-09-13,43.94949722290039,109.50651550292967,-0.6150526555769105,-0.25620601897076606,0
2019-09-16,43.70652389526367,108.25448608398438,-0.6098266743622034,-0.07858662299612255,0
2019-09-17,43.93331146240234,108.91262817382812,-0.610327903135846,-0.12838671242757224,0
2019-09-18,43.925201416015625,108.7520980834961,-0.6091310654555135,-0.10517359136094157,0
2019-09-19,44.16010284423828,108.73604583740234,-0.603659303163218,0.09799471423113952,0
2019-09-20,43.66601943969727,108.1180419921875,-0.6095726489744946,-0.18765069135525994,0
2019-09-23,43.85231399536133,108.70394134521484,-0.6103769827785959,-0.25321169774070784,0
2019-09-24,43.981910705566406,108.63972473144533,-0.6068726047126716,-0.12455635376640986,0
2019-09-25,43.876609802246094,108.4230499267578,-0.6073998795458331,-0.17260873985844957,0
2019-09-26,44.054805755615234,108.92865753173828,-0.6077041245567223,-0.2080356303356217,0
2019-09-27,43.990013122558594,108.83235931396484,-0.6083476000563484,-0.27054640754015674,0
2019-09-30,44.09530258178711,110.03623962402344,-0.6162601738274756,-0.6818864487346611,0
2019-10-01,44.26540756225586,110.2529296875,-0.6142524558621933,-0.6051555258232061,0
2019-10-02,42.99373626708984,107.50005340576172,-0.6197197841713273,-0.9063302566274899,0
2019-10-03,43.609317779541016,110.70240783691406,-0.6329955396196407,-1.6422192458586602,0
2019-10-04,44.176307678222656,112.5885238647461,-0.635900272945582,-1.8253614086189087,0
2019-10-07,43.63361358642578,111.03147888183594,-0.6352184489056181,-1.7851239446149454,0
2019-10-08,43.398719787597656,110.14862823486328,-0.63313958923779,-1.700550660664705,0
2019-10-09,43.601219177246094,110.63819885253906,-0.6326378862615192,-1.6912838807890112,0
2019-10-10,43.46352005004883,110.67029571533205,-0.6360726964690273,-1.8529899219172967,0
2019-10-11,43.17193222045898,110.46964263916016,-0.6411044965701453,-2.087504538155692,1
2019-10-14,43.17193222045898,110.31713104248048,-0.6398106053747066,-1.9656672490188793,1
2019-10-15,43.3420295715332,109.41824340820312,-0.6282157558766932,-1.36856404799298,1
2019-10-16,43.325828552246094,109.490478515625,-0.6292077124524398,-1.3745029107169808,1
2019-10-17,43.56881713867188,109.9238739013672,-0.6273148611857362,-1.2376842489240654,1
2019-10-18,44.37070083618164,109.3540267944336,-0.6042093962727644,-0.008095191293498857,0
2019-10-21,43.925201416015625,109.24969482421876,-0.6134065573739456,-0.4715233769138951,0
2019-10-22,43.617408752441406,109.68309783935548,-0.6241465068200496,-1.011981537421923,0
2019-10-23,44.25729751586914,110.31713104248048,-0.6149808988784162,-0.49874388671370684,0
2019-10-24,44.233001708984375,110.67029571533205,-0.6185235077038835,-0.6644935052624413,0
2019-10-25,43.53641891479492,109.6670379638672,-0.6258679140140915,-1.0287405471366389,0
2019-10-28,43.39061737060547,109.6108856201172,-0.6287428220269429,-1.1445356812974354,0
2019-10-29,43.26102066040039,109.21761322021484,-0.628367696645241,-1.091481608674492,0
2019-10-30,43.69031524658203,109.87571716308594,-0.6241197027266225,-0.8320381771181553,0
2019-10-31,44.08720016479492,110.09241485595705,-0.616921947675519,-0.4091357648809957,0
2019-11-01,43.65791702270508,109.8998031616211,-0.6250668033739624,-0.8462763848942678,0
2019-11-04,43.042327880859375,108.47920989990234,-0.6270822381370462,-0.9401052824749991,0
2019-11-05,42.45914077758789,107.55622100830078,-0.6327212181471982,-1.2492098252253618,0
2019-11-06,42.76694107055664,107.9013442993164,-0.628498450059463,-0.9633286970866811,0
2019-11-07,42.353851318359375,107.00242614746094,-0.6303693564231505,-1.0480200852039276,0
2019-11-08,42.289039611816406,106.84992980957033,-0.630565058438731,-1.03495545070815,0
2019-11-11,41.989356994628906,106.25599670410156,-0.6324563319786263,-1.1368850491274212,0
2019-11-12,41.884056091308594,105.92693328857422,-0.6320623401950813,-1.0934998164658571,0
2019-11-13,42.4510383605957,106.97835540771484,-0.6278666316209116,-0.7774083850197628,0
2019-11-14,42.629241943359375,107.01044464111328,-0.6239584464195116,-0.47664381646721093,0
2019-11-15,42.6616325378418,107.39567565917967,-0.6265644357348124,-0.6439867209798632,0
2019-11-18,42.953224182128906,107.59634399414062,-0.6215010371696006,-0.22553688916579168,0
2019-11-19,42.99373626708984,108.00566864013672,-0.6241144920858752,-0.41035703532300105,0
2019-11-20,43.10712814331055,107.33952331542967,-0.6156862315302947,0.34039148281966874,0
2019-11-21,42.89654541015625,107.4759521484375,-0.6217729257513516,-0.15550833528071056,0
2019-11-22,42.953224182128906,107.60437774658205,-0.6215709637991034,-0.10516656400512817,0
2019-11-25,43.10712814331055,107.41175842285156,-0.6163162894119916,0.4254038733874506,0
2019-11-26,43.65791702270508,108.91262817382812,-0.6166160977853847,0.42619204216298,0
2019-11-27,43.69841766357422,109.0811767578125,-0.6171371142810762,0.3975704323599918,0
2019-11-29,43.57600784301758,109.01695251464844,-0.6193906984219382,0.20186878940498942,0
2019-12-02,43.86162185668945,109.0570831298828,-0.6132023969172327,0.8531067654917395,0
2019-12-03,43.902435302734375,108.7199935913086,-0.6093729702685398,1.2252450546503257,0
2019-12-04,44.302284240722656,110.19678497314452,-0.6129426678448633,0.8486954622175484,0
2019-12-05,44.22067260742188,110.19271850585938,-0.614751959136401,0.6685690054387122,0
2019-12-06,44.40836334228516,111.0171356201172,-0.6174974456952578,0.39566714244504125,0
2019-12-09,44.12274932861328,110.85548400878906,-0.62258503145731,-0.11995681095061185,0
2019-12-10,43.8779411315918,110.13616180419922,-0.6220518132601454,-0.0437220061016769,0
2019-12-11,44.02482986450195,110.8069839477539,-0.624396905385344,-0.2696228547849507,0
2019-12-12,44.179874420166016,110.87164306640624,-0.6214276933548843,0.07046014449380443,0
2019-12-13,44.40836334228516,111.4858856201172,-0.6214435983785043,0.10455636673688942,0
2019-12-16,44.40836334228516,110.77464294433594,-0.6154494868302738,0.7996973165123987,0
2019-12-17,44.40836334228516,110.05532836914062,-0.6093480762016679,1.488383997501579,0
2019-12-18,43.99219512939453,109.8936996459961,-0.6173871940058375,0.6101062624732582,0
2019-12-19,44.32676315307617,110.29777526855467,-0.6132482032257442,1.121928505511684,0
2019-12-20,44.85718536376953,111.46969604492188,-0.611251614763269,1.3807824225278775,0
2019-12-23,44.80821228027344,110.75847625732422,-0.6063491753971517,1.949131897543023,0
2019-12-24,44.64500427246094,110.6372528076172,-0.6089725759269213,1.59518823667348,0
2019-12-26,44.89797592163086,110.4756088256836,-0.6019529296480832,2.2986384866213743,-1
2019-12-27,45.16726303100586,111.16259765625,-0.6017790521482955,2.1898760029263187,-1
2019-12-30,45.10198211669922,110.57259368896484,-0.5982412842209057,2.4081744431228276,-1
2019-12-31,45.16726303100586,110.45945739746094,-0.5958361535788472,2.4928805630822506,-1
2020-01-02,44.87350463867188,109.7724609375,-0.5965180826377949,2.291977315098789,-1
2020-01-03,44.628684997558594,109.61890411376952,-0.6006777476015772,1.8095168051066794,-1
2020-01-06,44.61236572265625,110.0391616821289,-0.6046272247747986,1.3843603510450477,-1
2020-01-07,44.269630432128906,108.3095703125,-0.5975015954921026,1.974607512176104,-1
2020-01-08,44.35123825073242,108.86724853515624,-0.6004697990406855,1.6588448350852414,-1
2020-01-09,45.15911102294922,108.9399871826172,-0.5830439215868757,3.0700008748102285,-1
2020-01-10,45.314151763916016,108.72984313964844,-0.577808222781417,3.1797882433396225,-1
2020-01-13,45.80378723144531,110.3463134765625,-0.5808821128203157,2.699859668731047,-1
2020-01-14,45.69768905639648,110.60491180419922,-0.5853934490420092,2.209730514799513,-1
2020-01-15,46.26891708374024,112.50424194335938,-0.5889171349142215,1.8748526513988462,-1
2020-01-16,46.36684036254883,112.8355941772461,-0.5895573331600694,1.7503399021674226,-1
2020-01-17,46.46474456787109,114.16915893554688,-0.5984520825380626,1.0758605138678299,-1
2020-01-21,46.65243911743164,114.6540985107422,-0.5983903992965915,1.050499731699451,-1
2020-01-22,47.01148986816406,115.88258361816406,-0.6007052122022882,0.8614523110471171,-1
2020-01-23,47.1910285949707,116.1008529663086,-0.5986558440561716,0.9725558067258597,-1
2020-01-24,47.0686149597168,115.51081848144533,-0.5964813777391496,1.0885533981663449,-1
2020-01-27,46.905418395996094,114.8803939819336,-0.594829109264817,1.1650764599304373,-1
2020-01-28,46.52186965942383,115.12286376953124,-0.605014448636433,0.4294142480419709,0
2020-01-29,46.52186965942383,114.54901885986328,-0.6003343448847516,0.7380385890324213,0
2020-01-30,48.03152847290039,116.24629974365234,-0.5821745669061094,1.9194379645467936,0
2020-01-31,47.65616226196289,114.78340911865234,-0.5781593585558804,2.0824311467145233,-1
2020-02-03,47.80305099487305,115.179443359375,-0.5783076818649469,1.9848268486823764,-1
2020-02-04,48.01522445678711,115.7532958984375,-0.5785336237642449,1.8842827316247857,-1
2020-02-05,48.023380279541016,116.6261749267578,-0.5853997853545705,1.3928856198013677,-1
2020-02-06,48.13762283325195,116.65038299560548,-0.5832180983682296,1.4859980587799198,-1
2020-02-07,48.30082321166992,117.49093627929688,-0.5865579974509934,1.2343003699614379,-1
2020-02-10,48.75779342651367,117.72530364990234,-0.5790079223613911,1.6794410231707964,-1
2020-02-11,48.62724685668945,118.06478881835938,-0.5843858546701473,1.2840456024180222,-1
2020-02-12,48.4803466796875,118.06478881835938,-0.5874113706717186,1.0484208737284786,-1
2020-02-13,48.64356231689453,118.37999725341795,-0.5865474916346272,1.0744103399151486,-1
2020-02-14,48.92101287841797,118.80026245117188,-0.5841789952107712,1.1958509041698084,-1
2020-02-18,48.57826614379883,117.67681884765624,-0.5823109391820549,1.283343279294022,-1
2020-02-19,48.77411651611328,117.62025451660156,-0.5778371067174009,1.5285260501239575,-1
2020-02-20,48.73331832885742,117.32123565673828,-0.5762899248968867,1.5764043564463235,-1
2020-02-21,49.06789779663086,117.87889862060548,-0.5738890939052665,1.6754117884522188,-1
2020-02-24,47.860164642333984,115.2845230102539,-0.5779676754994907,1.353323956474959,-1
2020-02-25,47.182861328125,114.03985595703124,-0.5820538936196531,1.0455950809762613,-1
2020-02-26,47.00333404541016,114.7510757446289,-0.5916889089831847,0.3759837443697732,0
2020-02-27,44.82454299926758,110.21697235107422,-0.6013946395991554,-0.3103445949671398,0
2020-02-28,43.64945983886719,106.7092742919922,-0.5976684016443956,-0.07076422045500746,0
2020-03-02,45.63240432739258,111.1949234008789,-0.5918058326154751,0.32155609186336015,0
2020-03-03,45.74665832519531,109.5784683227539,-0.5755902741677037,1.413145170656925,0
2020-03-04,48.08049774169922,115.0824737548828,-0.5717316787848734,1.6210260935746728,0
2020-03-05,46.301551818847656,112.36885833740234,-0.5870843485664676,0.5273914427171565,0
2020-03-06,45.09383010864258,111.6853485107422,-0.6078001216040829,-0.9856751112403679,0
2020-03-09,42.3193244934082,105.90825653076172,-0.6215585990631745,-1.9912559165838926,0
2020-03-10,43.78818130493164,109.14669036865234,-0.6156473862666685,-1.603668856563613,0
2020-03-11,42.60492706298828,105.57462310791016,-0.6118774846690109,-1.3626645816812835,0
2020-03-12,38.48398208618164,93.8495635986328,-0.6033482588600867,-0.76250553009871,0
2020-03-13,39.899864196777344,103.70318603515624,-0.6607238260887991,-4.38100755001697,1
2020-03-16,37.25743103027344,92.01878356933594,-0.6172882566273712,-1.4862185850378336,1
2020-03-17,38.83795166015625,103.92285919189452,-0.6896806576352876,-4.836052799959514,1
2020-03-18,36.9199333190918,98.38988494873048,-0.6890866665602502,-4.045069951719722,1
2020-03-19,34.433895111083984,95.47691345214844,-0.7306497871867115,-4.61611625779237,1
2020-03-20,31.528053283691406,84.56549835205078,-0.7051537114955346,-3.3036411783002824,1
2020-03-23,30.918895721435547,85.58258819580078,-0.7358610256533415,-3.684658636708886,1
2020-03-24,32.474727630615234,92.62904357910156,-0.7608682026275004,-3.746928251499808,1
2020-03-25,34.25279998779297,91.53871154785156,-0.6964724079923013,-2.0752888279361152,1
2020-03-26,36.45894241333008,97.8528289794922,-0.6965253148994033,-1.969871830045218,1
2020-03-27,35.24062728881836,98.01557159423828,-0.7320688170348246,-2.559484187035098,1
2020-03-30,37.04341125488281,102.1002426147461,-0.7204166826829024,-2.1768002411896874,1
2020-03-31,36.4260139465332,97.7226333618164,-0.6961819361323118,-1.6167744386240288,1
2020-04-01,34.6726188659668,96.111572265625,-0.7299458754753281,-2.153353161928342,1
2020-04-02,36.17905807495117,100.7820816040039,-0.7318565249476254,-2.0687589872183616,1
2020-04-03,36.08028030395508,101.37606811523438,-0.7400942022343893,-2.095078649539266,1
2020-04-06,38.41813659667969,106.7219467163086,-0.7254408703355071,-1.753644318211176,1
2020-04-07,38.28641891479492,106.16862487792967,-0.724006845224924,-1.6555582007824952,1
2020-04-08,39.36479568481445,107.9017562866211,-0.7113955189189411,-1.3891283116726585,1
2020-04-09,40.33614730834961,108.7317352294922,-0.6941958827112842,-1.065831535925648,1
2020-04-13,38.63216018676758,106.50222778320312,-0.7179552450077185,-1.405837110233534,1
2020-04-14,40.270294189453125,112.61296081542967,-0.7286780687989189,-1.51894084068962,1
2020-04-15,39.19191360473633,109.87086486816406,-0.732734360091158,-1.5214893794708177,1
2020-04-16,38.772098541259766,110.36717987060548,-0.7477250998637648,-1.6824782368903533,1
2020-04-17,39.56235122680664,111.92132568359376,-0.7406443715453097,-1.5106598151595496,1
2020-04-20,38.302879333496094,109.48030090332033,-0.7523445384100316,-1.618263930911025,1
2020-04-21,37.35621643066406,106.5429229736328,-0.7518988042413977,-1.5468694117661006,1
2020-04-22,37.60316848754883,107.909912109375,-0.7572498983127454,-1.559969312986394,1
2020-04-23,37.10103225708008,105.98959350585938,-0.7538766325234754,-1.4533585642377598,1
2020-04-24,37.397369384765625,109.32567596435548,-0.7749455493976356,-1.6778657559393042,1
2020-04-27,38.50868988037109,109.40706634521484,-0.7463589780460103,-1.2350462108639069,1
2020-04-28,38.47574996948242,110.92050170898438,-0.7600815091665645,-1.3754396525273769,1
2020-04-29,38.7885627746582,108.5120086669922,-0.7314239379246676,-0.947393188044183,1
2020-04-30,37.77604293823242,107.64137268066406,-0.7503295011365108,-1.169944568132556,1
2020-05-01,37.53731155395508,105.8919677734375,-0.7413229561639354,-1.0110018383401254,1
2020-05-04,37.15864944458008,106.5266342163086,-0.7570583730858491,-1.1893306195575646,1
2020-05-05,37.3726806640625,107.13690185546876,-0.7566650321523922,-1.1452820271741757,1
2020-05-06,36.83760833740234,106.41272735595705,-0.764733666572639,-1.217392277986307,1
2020-05-07,36.71413040161133,107.03927612304688,-0.7735894909796479,-1.2968729640900516,1
2020-05-08,37.95713806152344,109.2199249267578,-0.7591819563326276,-1.0613623682299154,1
2020-05-11,37.4879264831543,109.34197235107422,-0.7726665898945577,-1.210832284713153,1
2020-05-12,36.89523696899414,108.17025756835938,-0.7785126026750877,-1.2530258993402867,1
2020-05-13,36.17082595825195,108.18656158447266,-0.7984833383803189,-1.4853637489160905,1
2020-05-14,35.973262786865234,108.2841796875,-0.8048049507080441,-1.5258496767901617,1
2020-05-15,35.611053466796875,110.61946105957033,-0.834908287724311,-1.8809971484450676,1
2020-05-18,37.01871871948242,110.26956176757812,-0.7931735379320348,-1.2597554726717481,1
2020-05-19,36.66474151611328,107.18572235107422,-0.7762161142516759,-0.9903310826775286,1
2020-05-20,37.77604293823242,106.80329895019533,-0.7430090633647355,-0.4794983562399312,0
2020-05-21,37.18335723876953,105.9489288330078,-0.7513007526009599,-0.5787605289018921,0
2020-05-22,37.06811141967773,106.16862487792967,-0.7563450114636572,-0.6311203148922487,0
2020-05-26,37.940677642822266,105.57462310791016,-0.7278235647573252,-0.1515950380210806,0
2020-05-27,38.4675178527832,106.43712615966795,-0.7216534778669437,-0.016609404950903912,0
2020-05-28,38.76387023925781,107.64137268066406,-0.7245159847209921,-0.024334399272939698,0
2020-05-29,38.426361083984375,107.03927612304688,-0.7280074858726429,-0.042963446103338784,0
2020-06-01,38.68154525756836,108.21095275878906,-0.7315847291728335,-0.0696230764460339,0
2020-06-02,38.607460021972656,107.91802978515624,-0.7309631425982572,-0.01601534636598203,0
2020-06-03,39.43065643310547,108.0726318359375,-0.7112058206913692,0.4625597340596713,0
2020-06-04,39.44710159301758,107.06652069091795,-0.7020289746189978,0.7440017440972011,0
2020-06-05,40.41024398803711,108.59990692138672,-0.6912243912811404,1.1061937953704253,0
2020-06-08,41.035865783691406,108.41129302978516,-0.674233229486906,1.7053075565448614,0
2020-06-09,40.33614730834961,109.03449249267578,-0.6968000698902115,1.1262505939460277,0
2020-06-10,40.02334976196289,109.98567962646484,-0.7127199689495134,0.7968817490143738,0
2020-06-11,37.4879264831543,104.82793426513672,-0.7331809693402396,0.17449699194385854,0
2020-06-12,37.87833786010742,105.77910614013672,-0.7312802403224521,0.2645229999480419,0
2020-06-15,38.459808349609375,106.9926986694336,-0.7267298105681079,0.41258227055311236,0
2020-06-16,38.850215911865234,107.9684829711914,-0.7251327856892562,0.4807120603263743,0
2020-06-17,38.69239044189453,108.04227447509766,-0.7298433492670338,0.3199947969674522,0
2020-06-18,39.032958984375,108.8786849975586,-0.7283024165963878,0.35444429725265336,0
2020-06-19,38.22721862792969,107.64871215820312,-0.7385206837924385,0.036793908590579405,0
2020-06-22,37.99462890625,107.46009826660156,-0.7429812529224873,-0.09036669090262768,0
2020-06-23,37.91157150268555,107.71429443359376,-0.7473824979403445,-0.23422797327536515,0
2020-06-24,37.08920669555664,106.23831176757812,-0.7563906185317526,-0.5269273408042613,0
2020-06-25,37.321807861328125,107.75528717041016,-0.7634174230563162,-0.7446108570648575,0
2020-06-26,36.19208908081055,105.72171783447266,-0.7763108151688907,-1.1612443257015332,0
2020-06-29,36.84831237792969,107.48470306396484,-0.7738306553151886,-1.0415158752957292,0
2020-06-30,37.11412811279297,108.45226287841795,-0.7750358517844642,-1.0530762242974758,0
2020-07-01,37.23041915893555,108.53426361083984,-0.7726152830608526,-0.9390780785976419,0
2020-07-02,37.280269622802734,108.93610382080078,-0.7747383673219859,-0.9791241032330752,0
2020-07-06,37.57099533081055,109.30506896972656,-0.7701370106477299,-0.794067636367006,0
2020-07-07,37.55437469482422,109.52647399902344,-0.7724746466602568,-0.8488053405413274,0
2020-07-08,37.438087463378906,110.05949401855467,-0.7801227726516151,-1.080886848936922,0
2020-07-09,36.474517822265625,108.82129669189452,-0.795601153756873,-1.5590478219057085,0
2020-07-10,37.504539489746094,110.25627899169922,-0.7800224323804046,-0.9884238139548942,0
2020-07-13,37.58760070800781,110.62525939941406,-0.7809392310562595,-0.9924995170287384,0
2020-07-14,38.10262298583984,111.12547302246094,-0.771555648850109,-0.6535727120854692,0
2020-07-15,38.54287338256836,109.6248779296875,-0.7473343830645658,0.16693773922929406,0
2020-07-16,38.335208892822266,109.78067016601562,-0.7540668774305685,-0.0606449607100989,0
2020-07-17,38.891746520996094,110.42024993896484,-0.7450941607092214,0.23735300095737022,0
2020-07-20,38.31028747558594,109.1492919921875,-0.7493151951225587,0.0913477234009797,0
2020-07-21,39.20739364624024,110.2316665649414,-0.7354099766330546,0.5428737714411175,0
2020-07-22,40.27065658569336,111.52725219726562,-0.7195957800877735,1.05639517565954,0
2020-07-23,40.1045150756836,112.40465545654295,-0.7310692143911464,0.651028835027962,0
2020-07-24,40.27896118164063,111.56826782226562,-0.7197339526510187,1.0202757130217763,0
2020-07-27,40.27065658569336,112.88846588134766,-0.7309575564030761,0.6316727824778243,0
2020-07-28,40.02145767211914,112.65067291259766,-0.7351899835626918,0.48645581621160855,0
2020-07-29,39.88854598999024,113.1016616821289,-0.7422585049041812,0.24281101553288517,0
2020-07-30,39.61442947387695,112.90486145019533,-0.7475232170661541,0.06241551901804639,0
2020-07-31,39.24063491821289,112.8802490234375,-0.7567996481659298,-0.2515249854730377,0
2020-08-03,38.459808349609375,112.0930404663086,-0.7703443731984208,-0.7064178570787635,0
2020-08-04,38.78376388549805,112.72445678710938,-0.7672172631026246,-0.5961559034411135,0
2020-08-05,39.22402191162109,111.72406005859376,-0.7475807600301727,0.04510003114514442,0
2020-08-06,39.43999099731445,111.40428924560548,-0.7394053905699169,0.29968257049248087,0
2020-08-07,39.70579528808594,112.12586212158205,-0.7387351690231165,0.2958968713655579,0
2020-08-10,39.63935470581055,111.50267791748048,-0.7351900404249556,0.39163533351368734,0
2020-08-11,39.81379318237305,110.79744720458984,-0.7248566705060311,0.7624528537138312,0
2020-08-12,40.229122161865234,112.99504852294922,-0.732873302743124,0.42134560694755874,0
2020-08-13,40.18758773803711,113.2410659790039,-0.7359431936824308,0.27391604434802097,0
2020-08-14,40.24573516845703,112.79825592041016,-0.730827881276289,0.47489317760910027,0
2020-08-17,40.0463752746582,113.09343719482422,-0.7382414479746475,0.16199878394797185,0
2020-08-18,40.2208137512207,113.24922943115234,-0.7351842759872449,0.2736653490274852,0
2020-08-19,39.34861755371094,111.88803100585938,-0.7457828153206756,-0.15057951025337526,0
2020-08-20,39.33200454711914,112.10945892333984,-0.7480567479086657,-0.22755506239185164,0
2020-08-21,39.27385711669922,111.89627075195312,-0.7477535420139416,-0.19979965229677077,0
2020-08-24,39.84702301025391,112.86386108398438,-0.7413287853179109,0.07755396865780803,0
2020-08-25,39.797176361083984,112.58506774902344,-0.7402641788084932,0.12837647286137963,0
2020-08-26,40.00483322143555,113.54443359375,-0.7430067611240818,0.021907408423494038,0
2020-08-27,40.06298828125,113.48705291748048,-0.7410806949518354,0.12571923494033618,0
2020-08-28,41.39205551147461,114.74983978271484,-0.7188083911389533,1.1078043658769736,0
2020-08-31,41.14284896850586,114.84822082519533,-0.7256498473839303,0.8708891359989115,0
2020-09-01,40.80228805541992,114.13485717773438,-0.7281263364011292,0.8750612155922145,0
2020-09-02,42.521751403808594,117.4968032836914,-0.7140376258948296,1.636031711377829,0
2020-09-03,41.93198394775391,115.1042022705078,-0.7087362599980525,1.8917144598496045,0
2020-09-04,42.39715576171875,114.60041046142578,-0.6935956722201748,2.4914711876001365,-1
2020-09-08,41.37543869018555,111.94933319091795,-0.6960692138733093,2.248541054653739,-1
2020-09-09,41.69108200073242,113.23768615722656,-0.6991861804830255,2.0208167418004304,-1
2020-09-10,41.53326797485352,111.29686737060548,-0.686787427178638,2.4300083872080362,-1
2020-09-11,42.41376876831055,112.16404724121094,-0.6730781768371306,2.778696844018762,-1
2020-09-14,42.46400833129883,112.87432861328124,-0.6778064859693704,2.4297885139197093,-1
2020-09-15,42.74872589111328,112.0071029663086,-0.6639004346986281,2.71875657858842,-1
2020-09-16,42.53101348876953,111.478515625,-0.6645759591654592,2.5017301976740205,-1
2020-09-17,42.33002853393555,110.00846099853516,-0.6568802391104365,2.5536646201934934,-1
2020-09-18,42.24629974365234,108.57967376708984,-0.6466164313810339,2.6513316953915913,-1
2020-09-21,41.1074447631836,108.38973999023438,-0.6723042309528986,1.8020934419625816,-1
2020-09-22,41.584754943847656,109.14129638671876,-0.6672314158377084,1.8626692764577193,-1
2020-09-23,40.37053298950195,108.19152069091795,-0.688679011861367,1.2105369094599525,-1
2020-09-24,40.78086471557617,108.67052459716795,-0.6827035473061658,1.3341036486164077,-1
2020-09-25,40.797611236572266,110.29753875732422,-0.6962112923933801,0.9195256149071775,-1
2020-09-28,41.26654052734375,113.94796752929688,-0.7152776498807731,0.35170611135170354,0
2020-09-29,40.96508407592773,113.2790069580078,-0.717095022793174,0.27695090849711906,0
2020-09-30,41.3419075012207,114.46827697753906,-0.7177197802556154,0.23545253034711205,0
2020-10-01,41.182804107666016,116.28526306152344,-0.7363252764546977,-0.3482882475702072,0
2020-10-02,41.33354187011719,114.02229309082033,-0.7142660425630192,0.29422032983997254,0
2020-10-05,41.35029220581055,113.91492462158205,-0.7129785499350021,0.3080258997735239,0
2020-10-06,40.98183059692383,112.07318115234376,-0.7066633737788073,0.4882968331580863,0
2020-10-07,41.50102233886719,113.15509033203124,-0.7030719820932614,0.5836433830328759,0
2020-10-08,42.254669189453125,113.84886932373048,-0.6907999380790923,0.9727963301877671,0
2020-10-09,42.54775238037109,114.33612823486328,-0.6878875958038955,1.0383478530208852,0
2020-10-12,42.78221893310547,117.38365936279295,-0.70702849519791,0.35864500908971625,0
2020-10-13,42.05370330810547,118.54815673828124,-0.733448965281708,-0.572146999122045,0
2020-10-14,41.96996307373047,117.7057876586914,-0.7287635021220478,-0.41294877080410397,0
2020-10-15,41.86109924316406,116.80553436279295,-0.7241700272458234,-0.24911283451233793,0
2020-10-16,41.89459991455078,117.05330657958984,-0.7253546375631035,-0.2943561961511175,0
2020-10-19,41.551265716552734,115.36024475097656,-0.7199381718995133,-0.10416819350056546,0
2020-10-20,42.07882308959961,115.385009765625,-0.7075225915255303,0.31817555653781493,0
2020-10-21,41.86109924316406,115.2941436767578,-0.7119723758793004,0.14876894942608515,0
2020-10-22,42.43889236450195,115.30242919921876,-0.6983314410716299,0.6063960084921066,0
2020-10-23,42.30491256713867,115.26112365722656,-0.7011578681017978,0.48340760597994537,0
2020-10-26,41.70199203491211,114.02229309082033,-0.7053914664468204,0.30733653979968095,0
2020-10-27,41.785743713378906,114.89774322509766,-0.7105485164090259,0.08643684648562647,0
2020-10-28,40.16119003295898,110.80957794189452,-0.7162715127508794,-0.16835985985886942,0
2020-10-29,40.21144104003906,110.66092681884766,-0.7137638159409785,-0.09359156266627584,0
2020-10-30,40.24494171142578,110.0828094482422,-0.7080254005713282,0.1160039824646425,0
2020-11-02,40.71387100219727,111.61896514892578,-0.7094198693406217,0.040404121459142066,0
2020-11-03,41.32516098022461,113.17989349365234,-0.7075237734668129,0.09986925078235696,0
2020-11-04,41.174442291259766,113.85711669921876,-0.7167649116511607,-0.2870598959164507,0
2020-11-05,41.40053176879883,114.01404571533205,-0.712578893961993,-0.12915996663768478,0
2020-11-06,41.40890502929688,114.2865753173828,-0.7146126791182388,-0.23091451059088666,0
2020-11-09,44.02155685424805,114.34437561035156,-0.6539027384908054,2.187580975610631,-1
2020-11-10,45.2022819519043,117.04503631591795,-0.6492978304099148,2.2413370230323926,-1
2020-11-11,44.86731719970703,118.84548950195312,-0.6710328636771963,1.3394576789365056,-1
2020-11-12,44.39001083374024,118.79592895507812,-0.6813373838530437,0.9079644109688626,-1
2020-11-13,44.75846099853516,119.51448822021484,-0.6787192701795908,0.9839488247101338,-1
2020-11-16,45.09342956542969,120.3816375732422,-0.6780340266519236,0.9846932071657016,-1
2020-11-17,44.9510612487793,119.95215606689452,-0.6778488808342398,0.9632985102142063,-1
2020-11-18,44.0550651550293,118.41602325439452,-0.6859116095875679,0.5999255651393713,-1
2020-11-19,44.490501403808594,118.3664779663086,-0.6756842861201116,1.01087516836356,-1
2020-11-20,44.10530090332031,118.44908905029295,-0.6850334491189227,0.5769654931085592,-1
2020-11-23,44.113677978515625,118.11872100830078,-0.6822276974877717,0.6781467029812583,-1
2020-11-24,44.56586456298828,118.9528350830078,-0.6786198516949375,0.8124669221976998,-1
2020-11-25,44.323020935058594,119.06021118164062,-0.6849288822502411,0.500686773431813,-1
2020-11-27,44.13042068481445,119.42365264892578,-0.6921383178267084,0.1514792917383057,0
2020-11-30,43.54809188842773,119.11799621582033,-0.7030216410932457,-0.35982645434147,0
2020-12-01,43.9194221496582,120.6377182006836,-0.706404118622916,-0.5064180780326333,0
2020-12-02,43.978511810302734,119.44013214111328,-0.6957157566543604,-0.009650848257169723,0
2020-12-03,44.5439567565918,120.1496124267578,-0.6884871933862362,0.3180113384812349,0
2020-12-04,45.446998596191406,121.3141098022461,-0.6774504440934113,0.8200328668676922,0
2020-12-07,44.72119140625,120.91482543945312,-0.6904621300883882,0.2334271153547803,0
2020-12-08,44.88153839111328,121.03965759277344,-0.6878494699513618,0.36489011295286755,0
2020-12-09,45.00813674926758,121.18102264404295,-0.6861259162046114,0.47126647887416295,0
2020-12-10,44.77182769775391,120.33261108398438,-0.6848099790040973,0.5596198886610504,0
2020-12-11,45.02501678466797,120.58216857910156,-0.6811111389726352,0.7798339477483219,0
2020-12-14,44.95750427246094,119.96662139892578,-0.6778184928279756,1.0177557380570972,0
2020-12-15,45.43855285644531,120.41580200195312,-0.6706754104229802,1.3875151574045268,0
2020-12-16,44.780269622802734,120.51560974121094,-0.6860446636249526,0.6121629880940117,0
2020-12-17,44.95750427246094,121.19766235351562,-0.6873801057403841,0.539632654268481,0
2020-12-18,45.35416412353516,122.21240997314452,-0.6864047060164453,0.596160075789864,0
2020-12-21,44.569278717041016,120.93980407714844,-0.6940582523724874,0.1862552702699911,0
2020-12-22,44.52708053588867,119.7919692993164,-0.6860741501814211,0.5885663381149991,0
2020-12-23,44.797142028808594,120.11634826660156,-0.6825600142482822,0.7497471133876548,0
2020-12-24,45.10097122192383,120.65702056884766,-0.6800068187070578,0.8576034174905341,0
2020-12-28,45.7086181640625,122.19577026367188,-0.6784923131318257,0.9196731434894826,0
2020-12-29,45.68330383300781,122.62001037597656,-0.6822922272558141,0.681037464202284,0
2020-12-30,45.94492721557617,122.52848815917967,-0.6758823681206336,1.008477580045289,0
2020-12-31,46.282508850097656,123.35194396972656,-0.6748348540621634,1.0328226151367286,0
2021-01-04,44.52708053588867,119.99991607666016,-0.6876985229294239,0.2962310868195149,0
2021-01-05,44.03758239746094,120.35758972167967,-0.7015400517682413,-0.47201422823771494,0
2021-01-06,42.63662338256836,118.88531494140624,-0.7223426964220172,-1.5750840595294686,0
2021-01-07,42.16400146484375,118.50271606445312,-0.7304705424924887,-1.943545448819719,0
2021-01-08,43.10923385620117,119.9250717163086,-0.7194745406207042,-1.399406564792391,0
2021-01-11,42.36655426025391,118.1866226196289,-0.7231765918350517,-1.621660599150928,0
2021-01-12,42.29059219360352,117.63766479492188,-0.7206108461582641,-1.4912603541011642,0
2021-01-13,42.332794189453125,118.60253143310548,-0.7272638323633727,-1.852442502324934,0
2021-01-14,41.54791259765625,117.91216278076172,-0.740511071746877,-2.4719211495997047,1
2021-01-15,41.10062789916992,117.60440826416016,-0.7488872947465062,-2.7053645933517383,1
2021-01-19,40.94027328491211,118.16168212890624,-0.7572239119907591,-2.874749789644672,1
2021-01-20,41.08374786376953,117.55448150634766,-0.748900393710036,-2.3305301706184505,1
2021-01-21,41.311614990234375,116.12386322021484,-0.731901552611002,-1.5227111481695648,1
2021-01-22,40.92338562011719,115.27542877197266,-0.7344756388673463,-1.5803379523752192,1
2021-01-25,41.16813659667969,116.5979461669922,-0.7391964751577103,-1.7202719590860187,1
2021-01-26,41.59855651855469,117.94544982910156,-0.739557244362504,-1.685087314905206,1
2021-01-27,40.957157135009766,114.81798553466795,-0.7299268119690665,-1.2678118989930474,1
2021-01-28,41.48039627075195,115.77450561523438,-0.7250024169647014,-1.0489102531128927,1
2021-01-29,40.63644790649414,113.59526824951172,-0.7277608558756743,-1.1360222654462937,1
2021-02-01,40.91495132446289,113.93630981445312,-0.723738288089534,-0.959095557670215,1
2021-02-02,41.32004928588867,115.1007308959961,-0.7234090528816028,-0.93840148377708,1
2021-02-03,41.159698486328125,114.80133056640624,-0.7248579352280919,-0.9812081519020395,1
2021-02-04,41.36225128173828,116.18203735351562,-0.7311456574720885,-1.2038128688205878,1
2021-02-05,41.90238571166992,117.24678802490234,-0.7267156147113436,-1.0050934134838687,1
2021-02-08,42.1302375793457,116.78097534179688,-0.717564349990869,-0.6208973107025653,1
2021-02-09,41.94457244873047,116.11553192138672,-0.7166290083663198,-0.558251472088095,1
2021-02-10,41.86017608642578,114.53516387939452,-0.7058086519681663,-0.0964955967390553,0
2021-02-11,42.450950622558594,112.26444244384766,-0.6730398356373861,1.2527214288007191,0
2021-02-12,42.78009033203125,111.34947204589844,-0.65765192061777,1.8360638289090678,0
2021-02-16,42.42562484741211,111.7737045288086,-0.6695336529214972,1.3408657165139195,0
2021-02-17,42.30747604370117,111.8402099609375,-0.6728794742100548,1.1878479651243388,0
2021-02-18,42.84760284423828,112.59715270996094,-0.6665109685049715,1.424467581809495,0
2021-02-19,42.29059219360352,110.21826934814452,-0.6595968303956914,1.6480732845207222,0
2021-02-22,42.72946166992188,109.78575897216795,-0.6455904052060286,2.0945212850396215,-1
2021-02-23,42.65349197387695,110.44285583496094,-0.6529587909799042,1.7646519821702396,-1
2021-02-24,42.796966552734375,109.868896484375,-0.6447207957611791,1.9781115834694123,-1
2021-02-25,42.34123992919922,108.1305160522461,-0.6404893605049828,2.023935518150948,-1
2021-02-26,41.34537124633789,107.45677947998048,-0.658436658500074,1.3612832832407042,-1
2021-03-01,42.11337661743164,108.64620971679688,-0.6503415134733759,1.5692755087262753,-1
2021-03-02,42.28215789794922,109.02051544189452,-0.6495628291373579,1.537352148417988,-1
2021-03-03,42.18088150024414,107.41520690917967,-0.6380676538454364,1.828151728408305,-1
2021-03-04,42.14712524414063,108.01296997070312,-0.6440657607509372,1.591232242579716,-1
2021-03-05,42.86449432373047,111.53431701660156,-0.6572343401726095,1.1551071911628719,-1
2021-03-08,43.58185958862305,110.77974700927734,-0.6342794550761197,1.7775657708389332,-1
2021-03-09,42.92356491088867,110.8803482055664,-0.6503496070838404,1.2663749089520027,-1
2021-03-10,43.413063049316406,111.99544525146484,-0.6483819553052603,1.2880877610606687,-1
2021-03-11,42.9404411315918,111.6936264038086,-0.6568009021925203,1.0252798317036156,-1
2021-03-12,42.85533905029297,111.54268646240234,-0.6575182258381789,0.9882081648014186,-1
2021-03-15,43.42549896240234,111.53431701660156,-0.6442313830116437,1.3364635889269816,-1
2021-03-16,43.58719253540039,112.35595703125,-0.6473889325192146,1.2143510600634775,-1
2021-03-17,43.60419845581055,112.02898406982422,-0.6442693297424475,1.2632534191603584,-1
2021-03-18,43.0340576171875,111.11512756347656,-0.6497597380467095,1.085482231762239,-1
2021-03-19,43.23828887939453,112.76678466796876,-0.6588441590803407,0.8192205074539607,-1
2021-03-22,43.39997482299805,115.53356170654295,-0.677813331155682,0.30516985744605357,0
2021-03-23,43.73185729980469,116.92538452148438,-0.6814106518989731,0.20796560318555282,0
2021-03-24,43.84248352050781,116.38036346435548,-0.6745084073640326,0.3906528754471049,0
2021-03-25,44.267974853515625,117.0678482055664,-0.6703664184940199,0.4975032512394269,0
2021-03-26,45.1359748840332,119.64179229736328,-0.671317248214105,0.4663587408664492,0
2021-03-29,45.82527542114258,121.41083526611328,-0.6699078600326809,0.5008442589214307,0
2021-03-30,45.229583740234375,119.50762939453124,-0.6681946392187736,0.5429447597102971,0
2021-03-31,44.85515594482422,118.5937728881836,-0.6693181868605431,0.5036652296325123,0
2021-04-01,44.68495178222656,118.45124053955078,-0.6719936419163974,0.4190892207265701,0
2021-04-05,44.940242767333984,120.0274658203125,-0.6786774027660614,0.22326976656099484,0
2021-04-06,45.263614654541016,120.45501708984376,-0.6748377915325259,0.30471349905596623,0
2021-04-07,45.34020233154297,120.237060546875,-0.6714509888731137,0.3770530964680929,0
2021-04-08,45.20404815673828,119.50762939453124,-0.6687593756700059,0.4290193402967559,0
2021-04-09,45.25510025024414,119.53279876708984,-0.6678278711333285,0.4334675006360173,0
2021-04-12,45.39977264404297,119.9100570678711,-0.6675873946959756,0.4172882882238636,0
2021-04-13,45.17851638793945,119.93524169921876,-0.6726695046586904,0.24897417479779552,0
2021-04-14,45.17001724243164,119.14713287353516,-0.6666830566438557,0.39354877519501635,0
2021-04-15,45.382755279541016,119.3148193359375,-0.6633015800342701,0.4679183188771244,0
2021-04-16,45.68058776855469,120.86587524414062,-0.6688569394457469,0.2657727976726668,0
2021-04-19,45.952919006347656,121.36054229736328,-0.6667382504793093,0.3072390233996631,0
2021-04-20,46.09756851196289,122.16541290283205,-0.6697862679259345,0.17624101745852588,0
2021-04-21,46.472015380859375,123.23019409179688,-0.6698237959868449,0.14135407390119048,0
2021-04-22,46.32734298706055,122.46726989746094,-0.6671254169412744,0.2046596411656573,0
2021-04-23,46.35287094116211,122.2660140991211,-0.66503417051173,0.25285515491800764,0
2021-04-26,45.66357421875,120.19513702392578,-0.6640175667863955,0.262876386219004,0
2021-04-27,45.59550094604492,119.8010711669922,-0.6624338155160641,0.2971284816714698,0
2021-04-28,45.6040153503418,118.91236114501952,-0.6552735582710891,0.5806977394057518,0
2021-04-29,46.17417144775391,120.68143463134766,-0.6566795055182668,0.4936300512589689,0
2021-04-30,45.93589782714844,120.86587524414062,-0.663283472665483,0.14254366920651315,0
2021-05-03,46.36138916015625,122.23249053955078,-0.6645935907723528,0.02232737419585705,0
2021-05-04,46.07204055786133,120.69817352294922,-0.6590237126491405,0.3046002765377892,0
2021-05-05,45.952919006347656,120.6395034790039,-0.6611572461768245,0.1240121808905203,0
2021-05-06,46.41243743896485,122.03964233398438,-0.6620143011748643,-0.00010504245040439866,0
2021-05-07,46.38692855834961,122.03964233398438,-0.6625640653027456,-0.11607768608640665,0
2021-05-10,46.7273063659668,123.01219940185548,-0.6626871410017015,-0.14447174567247167,0
2021-05-11,46.225223541259766,122.1151123046875,-0.6666351573014704,-0.4939594316331381,0
2021-05-12,45.98694610595703,120.924560546875,-0.6626274259120328,-0.13627044328116483,0
2021-05-13,46.38692855834961,122.71876525878906,-0.6677613889314729,-0.6233605745848454,0
2021-05-14,46.57412338256836,122.90323638916016,-0.6651407911264542,-0.3817587528206671,0
2021-05-17,46.4975471496582,122.5510711669922,-0.6640988518823012,-0.2774774877138834,0
2021-05-18,46.24223327636719,121.99773406982422,-0.6653665815675622,-0.3712284937278316,0
2021-05-19,46.09756851196289,121.93065643310548,-0.6679848072274992,-0.5972157989134521,0
2021-05-20,46.506046295166016,123.43978881835938,-0.6706833686756171,-0.8265409204066505,0
2021-05-21,46.48052597045898,123.3308334350586,-0.6704052385585766,-0.777437879143816,0
2021-05-24,46.63369369506836,123.95964050292967,-0.6718783274426943,-0.8974493371628378,0
2021-05-25,46.62518310546875,124.3369140625,-0.6749069672616339,-1.1600904985401288,0
2021-05-26,46.82942199707031,124.3369140625,-0.6705360918717038,-0.6980796941233626,0
2021-05-27,47.22087478637695,122.83615112304688,-0.6508384762064265,1.369727410815786,0
2021-05-28,47.05067825317383,124.03507232666016,-0.6635461108733378,0.06653993823616552,0
2021-06-01,47.04216766357422,123.77517700195312,-0.6617625302730743,0.2715133861185742,0
2021-06-02,47.22938919067383,124.26984405517578,-0.6615260816724513,0.38505256628113643,0
2021-06-03,47.3485221862793,124.71321868896484,-0.6623423888371462,0.31808151700526527,0
2021-06-04,47.85910034179688,124.85678100585938,-0.6526942097896247,1.5611777412004137,0
2021-06-07,47.68891143798828,124.78076171875,-0.6556861851557976,1.1746959278052072,0
2021-06-08,47.35702896118164,123.61529541015624,-0.6538811066204846,1.3836330598080855,0
2021-06-09,47.21236801147461,123.38729858398438,-0.6552114685775998,1.298982671319788,0
2021-06-10,47.57828140258789,124.6541519165039,-0.6570579318167487,1.1186497812820566,0
2021-06-11,47.7910385131836,124.7301254272461,-0.6531668111842408,1.7568488062844283,0
2021-06-14,47.62812805175781,125.47335052490234,-0.6621455581825448,0.5155087160888641,0
2021-06-15,47.50809860229492,125.48174285888672,-0.6647315173651167,0.14268280323020396,0
2021-06-16,46.87361145019531,124.23184204101562,-0.6688011238081999,-0.5114098397823513,0
2021-06-17,47.11369705200195,125.43106842041016,-0.6726896461685725,-1.1913040987309742,0
2021-06-18,46.10196304321289,122.8130111694336,-0.6746425547514883,-1.5082374122003337,0
2021-06-21,46.60782623291016,123.77580261230467,-0.6710431759125091,-0.9188919093415948,0
2021-06-22,46.77930450439453,123.9615707397461,-0.6687753378996399,-0.5601322300528158,0
2021-06-23,46.40205001831055,122.33167266845705,-0.6644765749269772,0.12818483094577454,0
2021-06-24,46.63355255126953,123.02416229248048,-0.6647866358349601,0.06808501314409852,0
2021-06-25,46.57353973388672,123.64911651611328,-0.6708200079670044,-0.9172855607225983,0
2021-06-28,46.5220947265625,124.18119049072266,-0.6759466979367525,-1.7202830623642504,0
2021-06-29,46.17913818359375,124.09673309326172,-0.6827087236085934,-2.7274981332180044,1
2021-06-30,46.39348983764648,125.13550567626952,-0.6858847654700013,-2.9976973872349952,1
2021-07-01,46.26487350463867,125.16079711914062,-0.6888501803808618,-3.115635549873681,1
2021-07-02,46.45349884033203,125.76048278808594,-0.6892580625289182,-2.894171296111459,1
2021-07-06,46.19628143310547,125.94625854492188,-0.6961930339029325,-3.3323045466852292,1
2021-07-07,46.57353973388672,126.50365447998048,-0.6921955546573453,-2.6573188704503843,1
2021-07-08,46.41062545776367,126.56275177001952,-0.696137110030389,-2.8249271204120823,1
2021-07-09,46.69356536865234,126.24183654785156,-0.6876813814657212,-1.8962938772010933,1
2021-07-12,46.71071243286133,126.26712036132812,-0.6875017806227817,-1.7918802236365206,1
2021-07-13,47.1737060546875,129.18084716796875,-0.699005130282961,-2.6390640350668133,1
2021-07-14,48.23687744140625,130.51519775390625,-0.686342430520479,-1.4794100255256397,1
2021-07-15,48.391204833984375,131.1148223876953,-0.6874411687015485,-1.5171913542007498,1
2021-07-16,48.356910705566406,131.59622192382812,-0.6915824877305123,-1.782745079656723,1
2021-07-19,47.78245544433594,131.57936096191406,-0.7034130925759428,-2.543005124707984,1
2021-07-20,47.86819076538086,131.59622192382812,-0.7017404223033505,-2.263801203484306,1
2021-07-21,48.48551177978516,131.1064453125,-0.6854343803704559,-1.033166083067377,1
2021-07-22,48.41691589355469,131.0641632080078,-0.6865480600354235,-1.077984166705037,1
2021-07-23,48.87991714477539,132.7447967529297,-0.6889639035202295,-1.2116439442759825,1
2021-07-26,48.922794342041016,132.6519012451172,-0.6874314509855171,-1.0648586054964828,1
2021-07-27,49.09426498413086,133.3866424560547,-0.6891058502140956,-1.1464982508165795,1
2021-07-28,48.6484260559082,132.16209411621094,-0.6895908296053808,-1.1421476831157298,1
2021-07-29,48.91421508789063,132.4322967529297,-0.6860550666289194,-0.8602597416650325,1
2021-07-30,48.89705657958984,132.55055236816406,-0.6872418497820023,-0.914189893176059,1
2021-08-02,48.76845932006836,132.01853942871094,-0.6861086555677418,-0.805364421683962,1
2021-08-03,48.8027458190918,132.31410217285156,-0.6875002912993424,-0.8754024073508304,1
2021-08-04,48.09968948364258,130.10140991210938,-0.6862165097910458,-0.7568811200550315,1
2021-08-05,48.442649841308594,130.32095336914062,-0.6806907125323232,-0.3440618342338944,0
2021-08-06,48.56268310546875,130.33787536621094,-0.6783375384396768,-0.15695163092609096,0
2021-08-09,48.571250915527344,130.35476684570312,-0.6782824948706994,-0.14065955093873095,0
2021-08-10,48.69986343383789,130.42233276367188,-0.676123397627987,0.030012825313976515,0
2021-08-11,48.63983917236328,130.9375,-0.6810488294880592,-0.31190677752803114,0
2021-08-12,48.734161376953125,130.9628143310547,-0.6792925607379803,-0.16637955006965396,0
2021-08-13,49.068546295166016,132.18740844726562,-0.6811714332669592,-0.29027718586302953,0
2021-08-16,49.28288269042969,133.4795379638672,-0.6859232939899433,-0.6239228952373831,0
2021-08-17,49.11141204833984,133.3528594970703,-0.6885194083143222,-0.7919003312878392,0
2021-08-18,48.442649841308594,131.9846954345703,-0.692571686711549,-1.0578230061113336,0
2021-08-19,48.75131607055664,134.20582580566406,-0.7018501298924336,-1.6658036546440291,0
2021-08-20,48.56268310546875,133.73294067382812,-0.7024210344161279,-1.6344996206460287,0
2021-08-23,48.391204833984375,133.31065368652344,-0.7029962947000428,-1.6329457819930717,0
2021-08-24,48.02251815795898,131.65536499023438,-0.698942425266667,-1.2992713713184438,0
2021-08-25,48.07396697998047,131.07261657714844,-0.6937169156245178,-0.8989173326530384,0
2021-08-26,47.61955642700195,130.5912322998047,-0.6997681829697884,-1.2893644699878617,0
2021-08-27,47.7138671875,130.85305786132812,-0.6996654988419246,-1.241808750093961,0
2021-08-30,48.16829299926758,131.74826049804688,-0.6965720749335031,-0.9984607348579364,0
2021-08-31,48.27974319458008,132.07760620117188,-0.6965992942583821,-0.9776455350376424,0
2021-09-01,48.60555267333984,133.36131286621094,-0.698932431690305,-1.138910347330961,0
2021-09-02,48.67414474487305,133.4591064453125,-0.6982087576814737,-1.065597755107534,0
2021-09-03,48.63983917236328,133.57814025878906,-0.699748768314234,-1.1764934285488347,0
2021-09-07,47.73101043701172,131.4012908935547,-0.703221984951973,-1.479641586863731,0
2021-09-08,48.37405776977539,133.26348876953125,-0.7030192875347665,-1.4375515935251058,0
2021-09-09,47.8939208984375,132.4217071533203,-0.7070596410079721,-1.7681582852504953,0
2021-09-10,47.679569244384766,132.1920928955078,-0.7099198587278406,-1.962545163005895,0
2021-09-13,48.07396697998047,132.4471893310547,-0.7034876291983778,-1.3205341119491765,0
2021-09-14,48.1085319519043,131.92852783203125,-0.6990941158603348,-0.8789705749246892,0
2021-09-15,48.27265930175781,132.66831970214844,-0.7009254528300422,-1.024543460631825,0
2021-09-16,47.8148078918457,132.27713012695312,-0.7076897518282501,-1.6397025066388142,0
2021-09-17,47.028690338134766,131.06118774414062,-0.7156182039703345,-2.3600868788158045,1
2021-09-20,46.70043563842773,130.61898803710938,-0.719457251531058,-2.6541066095309858,1
2021-09-21,46.69179153442383,130.5594482421875,-0.7192153556684246,-2.5119821122948425,1
2021-09-22,46.76089477539063,130.9591827392578,-0.7205995673977243,-2.496868941306904,1
2021-09-23,46.68315505981445,131.06118774414062,-0.7229926579206607,-2.535017376362852,1
2021-09-24,46.55357360839844,131.12071228027344,-0.726197548667312,-2.611628721211295,1
2021-09-27,46.31168746948242,129.8622283935547,-0.7223744850776179,-2.1523680458147694,1
2021-09-28,45.47373580932617,128.44215393066406,-0.7303359498303417,-2.5932831762452073,1
2021-09-29,45.75018310546875,129.50503540039062,-0.7319934283514344,-2.524334068062069,1
2021-09-30,45.32688522338867,127.8979263305664,-0.7295937357060187,-2.20731996321396,1
2021-10-01,45.80200958251953,128.35714721679688,-0.7225228558465879,-1.641876482974854,1
2021-10-04,45.77609634399414,127.7193832397461,-0.7184237036037788,-1.3127414600519336,1
2021-10-05,45.85383987426758,128.47616577148438,-0.7222599025158449,-1.510806514295464,1
2021-10-06,46.398075103759766,131.76695251464844,-0.7341479517701166,-2.1710574236906686,1
2021-10-07,46.5449333190918,132.98291015625,-0.7395908447994901,-2.3575312002790545,1
2021-10-08,46.752254486083984,132.67681884765625,-0.7329883116788976,-1.8602313363971559,1
2021-10-11,46.84728240966797,132.85536193847656,-0.7322172771434068,-1.7328272097843627,1
2021-10-12,46.84728240966797,133.44212341308594,-0.7363445492533436,-1.8815520041442224,1
2021-10-13,46.85593032836914,134.34344482421875,-0.7424646334773333,-2.1042080669097043,1
2021-10-14,47.17555618286133,135.42335510253906,-0.7431647475645904,-2.031685384072856,1
2021-10-15,47.06324768066406,135.04067993164062,-0.7428979734145202,-1.9197415759332632,1
2021-10-18,46.59675979614258,134.428466796875,-0.7486037454961387,-2.092795326909229,1
2021-10-19,46.77817153930664,136.13763427734375,-0.7565508061163184,-2.3334036686550887,1
2021-10-20,47.192832946777344,137.16651916503906,-0.7547770890941092,-2.1237312803812944,1
2021-10-21,46.9509391784668,135.35531616210938,-0.7474667552842065,-1.7081533996936318,1
2021-10-22,47.03733444213867,136.027099609375,-0.750265106884572,-1.7563007441148435,1
2021-10-25,46.84728240966797,135.38934326171875,-0.7499123780725543,-1.6689227452478976,1
2021-10-26,47.05461120605469,137.04750061035156,-0.7568972536329386,-1.8855773252532397,1
2021-10-27,47.96166610717773,136.5712890625,-0.7345440168834978,-0.8915170947104043,1
2021-10-28,48.4108772277832,137.43014526367188,-0.7310928971172084,-0.7156138941541776,1
2021-10-29,48.69595336914063,137.41314697265625,-0.7251056402478002,-0.42968921713659824,0
2021-11-01,48.52317428588867,137.1240234375,-0.7266874183795671,-0.4744675031616068,0
2021-11-02,48.46270751953125,138.3825225830078,-0.7364907536052447,-0.8925148270950579,0
2021-11-03,48.6268424987793,139.7090301513672,-0.7420446155212859,-1.1222194219082222,0
2021-11-04,48.8946418762207,139.71751403808594,-0.7366093629053045,-0.839265289449625,0
2021-11-05,49.10196685791016,141.15460205078125,-0.7419620792519432,-1.0718098246448429,0
2021-11-08,48.66139602661133,138.11891174316406,-0.7306135079332963,-0.48516841934735566,0
2021-11-09,48.79962539672852,139.03726196289062,-0.7339834903710156,-0.6317927440872599,0
2021-11-10,48.9983024597168,139.48789978027344,-0.7329510928471024,-0.5523759083243994,0
2021-11-11,49.01558303833008,138.33998107910156,-0.7248591072135939,-0.09215164996213601,0
2021-11-12,48.90327835083008,138.30596923828125,-0.7269226505170479,-0.184472020827325,0
2021-11-15,48.91191101074219,139.28387451171875,-0.7333449093216959,-0.516971954357035,0
2021-11-16,48.56637191772461,138.86721801757812,-0.7376286422088061,-0.7299942696679299,0
2021-11-17,48.2985725402832,138.91819763183594,-0.7435017512945916,-1.0289442028151943,0
2021-11-18,47.86664962768555,138.9607391357422,-0.7527715098090626,-1.5139306080357484,0
2021-11-19,47.624759674072266,139.2923583984375,-0.7600701130164249,-1.856736436207017,0
2021-11-22,47.91847610473633,139.58145141601562,-0.7558635182691003,-1.5648496850275955,0
2021-11-23,48.27265930175781,140.516845703125,-0.7547547108868904,-1.4615042773185885,0
2021-11-24,47.88391876220703,139.23281860351562,-0.7542427620179373,-1.3967747155208532,0
2021-11-26,46.41535186767578,137.02198791503906,-0.7704014909473673,-2.234922080345468,1
2021-11-29,47.14963912963867,139.5729522705078,-0.7719812859866129,-2.227633778572016,1
2021-11-30,45.66097259521485,135.86553955078125,-0.7788497775425864,-2.4797819227903375,1
2021-12-01,45.5303955078125,136.18869018554688,-0.7839385196124518,-2.5922105522917778,1
2021-12-02,46.20072555541992,137.50271606445312,-0.7783163471770425,-2.188316640868764,1
2021-12-03,46.60988998413086,141.0040740966797,-0.793049131138511,-2.7494824569677454,1
2021-12-06,47.80255889892578,142.46798706054688,-0.777456055833393,-1.8863972887248222,1
2021-12-07,48.063724517822266,142.3052978515625,-0.7709373952536285,-1.5204197933391856,1
2021-12-08,47.88091278076172,142.55357360839844,-0.7763807481469471,-1.7449006645541345,1
2021-12-09,47.75902938842773,142.3737335205078,-0.7777472663327027,-1.7660922605274254,1
2021-12-10,48.99522399902344,144.65093994140625,-0.7670540033250197,-1.1930040296073496,1
2021-12-13,50.28365707397461,145.37002563476562,-0.7457410093880852,-0.0718988397877801,0
2021-12-14,50.3184814453125,145.01051330566406,-0.7427296178758009,0.10785125577962205,0
2021-12-15,50.54483413696289,146.87672424316406,-0.7502175151139032,-0.2671018155673092,0
2021-12-16,51.0584602355957,147.0907745361328,-0.7414709129081434,0.227672616938969,0
2021-12-17,50.25754165649414,144.077392578125,-0.7378953060417377,0.4425992769441543,0
2021-12-20,50.09213638305664,145.0361785888672,-0.7474037616391374,-0.06618753835486764,0
2021-12-21,50.292362213134766,144.608154296875,-0.7406465431145537,0.3346972167320138,0
2021-12-22,50.64928817749024,145.50704956054688,-0.7393783260854003,0.417887501359828,0
2021-12-23,50.684112548828125,145.34434509277344,-0.7376431603227149,0.524565146240643,0
2021-12-27,51.0584602355957,146.7911376953125,-0.7395611019675883,0.4268441010392694,0
2021-12-28,51.25868606567383,147.55307006835938,-0.7404960192971299,0.3964337136426913,0
2021-12-29,51.31962585449219,148.07522583007812,-0.7426162913125043,0.3028297927973108,0
2021-12-30,51.171630859375,147.81842041015625,-0.7438785613975845,0.25350438816614274,0
2021-12-31,51.54598617553711,148.7087860107422,-0.7422138690530851,0.3659854357222225,0
2022-01-03,51.62432098388672,148.0838165283203,-0.7367509762085005,0.6993600049035893,0
2022-01-04,52.4861946105957,148.29783630371094,-0.721546302925506,1.6011468885223583,0
2022-01-05,52.92145919799805,148.8029327392578,-0.7164720477792099,1.8512737400314723,0
2022-01-06,52.64287567138672,148.83718872070312,-0.7219656279227551,1.4873908825234365,0
2022-01-07,52.5210075378418,149.0255126953125,-0.7254675975710714,1.2497390036928309,0
2022-01-10,52.60805892944336,149.10255432128906,-0.7242955613780842,1.28130999455224,0
2022-01-11,52.6254768371582,149.0340576171875,-0.7235341775389577,1.2880220935514448,0
2022-01-12,52.70382690429688,148.87139892578125,-0.7210237173362208,1.3801048585516176,0
2022-01-13,53.017234802246094,149.11111450195312,-0.7166016032562492,1.5584952633326903,0
2022-01-14,53.44379806518555,150.3609619140625,-0.7164056076226064,1.5074950548825867,0
2022-01-18,53.017234802246094,148.92274475097656,-0.7154177074315458,1.5018702167640374,0
2022-01-19,53.104286193847656,149.9928741455078,-0.7204830140754961,1.1974061983381805,0
2022-01-20,52.88663864135742,148.9056396484375,-0.717776444785474,1.2916548948621926,0
2022-01-21,52.6254768371582,149.1453857421875,-0.7242335283601609,0.9320858797201582,0
2022-01-24,52.19890213012695,148.38340759277344,-0.7275752792676866,0.753974594514318,0
2022-01-25,52.07702255249024,146.67984008789062,-0.7190981552659901,1.1621688426956607,0
2022-01-26,51.885498046875,145.13038635253906,-0.7128366140290932,1.4483114703245177,0
2022-01-27,51.92902755737305,144.99339294433594,-0.7111135401111963,1.498593460464833,0
2022-01-28,52.96498489379883,147.81842041015625,-0.709432822266109,1.5278241235821914,0
2022-01-31,53.11298370361328,148.54611206054688,-0.7112417231944286,1.39285133772393,0
2022-02-01,52.72123718261719,147.5359344482422,-0.7122539788105131,1.3069317616419711,0
2022-02-02,53.260986328125,150.2154541015625,-0.7189253320337015,0.9719377574088206,0
2022-02-03,53.63532257080078,150.1298065185547,-0.7113874284009216,1.2871062141448024,0
2022-02-04,53.069454193115234,147.6643524169922,-0.7064856722446642,1.46196475443026,0
2022-02-07,53.62661743164063,147.08216857910156,-0.692341831645495,1.9918011026001559,0
2022-02-08,53.97484588623047,147.26199340820312,-0.6870136078708349,2.1142030459609784,-1
2022-02-09,53.139102935791016,147.19349670410156,-0.7021829395061778,1.443844156982817,-1
2022-02-10,53.43509292602539,144.1372833251953,-0.6769774580848726,2.3190440005768256,-1
2022-02-11,52.4861946105957,144.3170928955078,-0.6960626094700029,1.5190155212293783,-1
2022-02-14,52.82569885253906,142.70767211914062,-0.679111766938048,2.047217120539818,-1
2022-02-15,53.02592849731445,142.0741729736328,-0.6711617522549327,2.1998652408638453,-1
2022-02-16,53.017234802246094,142.36521911621094,-0.6732423556344198,2.0166512882564915,-1
2022-02-17,54.07930755615234,142.75048828125,-0.6559388850062002,2.4331356820317587,-1
2022-02-18,54.444942474365234,143.57229614257812,-0.6545768508162513,2.3206036465211968,-1
2022-02-22,54.218597412109375,144.1201934814453,-0.6623101320873923,1.9722280493594775,-1
2022-02-23,53.6179084777832,142.6990966796875,-0.6641701535026323,1.8345427520199138,-1
2022-02-24,52.67770767211914,140.2164764404297,-0.6654235425815909,1.7275694242331552,-1
2022-02-25,54.714820861816406,144.1458740234375,-0.653366356625865,1.9991557311695956,-1
2022-02-28,54.18378448486328,140.17364501953125,-0.636948087072863,2.3593006107973915,-1
2022-03-01,53.948726654052734,138.915283203125,-0.6328500195622975,2.3493011591749537,-1
2022-03-02,54.34918212890625,140.8414306640625,-0.6383513964694671,2.1242335139670527,-1
2022-03-03,54.38400650024414,140.6906280517578,-0.6367075073759554,2.081852244001125,-1
2022-03-04,54.4710578918457,142.8276824951172,-0.6492273228013903,1.6765134162665989,-1
2022-03-07,53.173927307128906,139.98403930664062,-0.6544938825441204,1.4902628418413235,-1
2022-03-08,51.06717300415039,136.03744506835938,-0.6681360864543686,1.0827394100101437,-1
2022-03-09,51.32833862304688,135.6324005126953,-0.6602422268942094,1.2747856530986963,-1
2022-03-10,50.38813018798828,133.14208984375,-0.6613737553002617,1.2012548385767992,-1
2022-03-11,50.422950744628906,132.46995544433594,-0.6559429600737494,1.3128614563020795,-1
2022-03-14,51.352813720703125,134.33128356933594,-0.6507377004267112,1.415842442838486,-1
2022-03-15,52.30021286010742,137.01113891601562,-0.6509571562322098,1.361178816278315,-1
2022-03-16,52.15985870361328,137.6143341064453,-0.6577585906936303,1.1266088066509814,-1
2022-03-17,52.71250534057617,138.68287658691406,-0.6544631939325423,1.1848866424872992,-1
2022-03-18,52.72127914428711,140.27699279785156,-0.6650008784700079,0.8492109555620508,-1
2022-03-21,53.1423454284668,140.0788116455078,-0.6557218553404138,1.0865134242148236,-1
2022-03-22,53.3353385925293,141.6126708984375,-0.6622964262919075,0.863136305294261,-1
2022-03-23,52.98445510864258,140.87156677246094,-0.6639827681368011,0.7853763430462268,-1
2022-03-24,53.49323272705078,141.72467041015625,-0.6600808194721055,0.8746419768814805,-1
2022-03-25,53.97571563720703,142.38818359375,-0.6554762283826774,0.9863376933102638,-1
2022-03-28,54.317832946777344,142.8104248046875,-0.6519310765049529,1.067440555093199,-1
2022-03-29,54.52836608886719,144.93020629882812,-0.6618621923879022,0.7281074734292156,-1
2022-03-30,54.572227478027344,144.7320556640625,-0.6597767772844159,0.769582276499785,-1
2022-03-31,54.38801193237305,144.2322540283203,-0.6599182890350397,0.7378809360121664,-1
2022-04-01,55.15119934082031,146.2830810546875,-0.6592067114488751,0.7347818135645683,-1
2022-04-04,54.8617057800293,145.90394592285156,-0.662039094147338,0.6141827739078154,-1
2022-04-05,54.80030822753906,146.05905151367188,-0.6641539558696357,0.5169855062797005,-1
2022-04-06,55.35296249389648,148.5493927001953,-0.6699536388982938,0.2904539591134383,0
2022-04-07,55.65121841430664,148.68727111816406,-0.6654487318635995,0.42462536198003686,0
2022-04-08,55.99333572387695,149.18702697753906,-0.6624626540795298,0.5073519290998458,0
2022-04-11,55.97579956054688,148.73037719726562,-0.6599047380955723,0.5763943156323357,0
2022-04-12,56.63371276855469,149.33355712890625,-0.6520103270952857,0.8447389417632801,0
2022-04-13,56.7828369140625,149.0750274658203,-0.6477578462156846,0.9767523973953383,0
2022-04-14,57.0372314453125,148.1271209716797,-0.6373134781829473,1.3449220903318932,0
2022-04-18,56.528446197509766,146.85182189941406,-0.6381754740622005,1.2777787393096103,0
2022-04-19,57.08108901977539,148.98887634277344,-0.6419776865290352,1.1055077024773823,0
2022-04-20,57.8618278503418,151.2034149169922,-0.6422111221142544,1.0822483889279122,0
2022-04-21,58.08113098144531,150.66053771972656,-0.635059497231719,1.3645035821244607,0
2022-04-22,57.23898696899414,148.342529296875,-0.6351434346052001,1.3329749951871117,0
2022-04-25,57.84429168701172,149.7126922607422,-0.6332347747013776,1.3900648374695295,0
2022-04-26,57.06355667114258,149.33355712890625,-0.6444490909700153,0.8544319610301864,0
2022-04-27,57.51093292236328,150.66915893554688,-0.644978864190386,0.8107846550065556,0
2022-04-28,58.063594818115234,152.95269775390625,-0.6495031271433831,0.565643617534817,0
2022-04-29,56.677581787109375,147.9634246826172,-0.6426033898705006,0.9316893738798399,0
2022-05-02,55.65121841430664,144.55966186523438,-0.6390816749809787,1.140681133708275,0
2022-05-03,55.33541488647461,144.7578887939453,-0.6460559109064006,0.7083484050170978,0
2022-05-04,57.04600524902344,149.8160858154297,-0.6477780779602282,0.5724448551341026,0
2022-05-05,56.58984756469727,146.82594299316406,-0.6369248002289485,1.2942519338643486,0
2022-05-06,56.791603088378906,146.84323120117188,-0.6334761863905092,1.5821663510289306,0
2022-05-09,56.677581787109375,147.9547576904297,-0.642548528755694,0.8606957270339499,0
2022-05-10,56.1512451171875,147.77386474609375,-0.6507326558854167,0.17931475657286253,0
2022-05-11,56.41440582275391,147.05862426757812,-0.6415128885789976,0.9633518387733959,0
2022-05-12,56.58984756469727,146.83456420898438,-0.6369797911313775,1.3355681698257806,0
2022-05-13,57.65129089355469,149.69541931152344,-0.6364688492627728,1.3515408895906338,0
2022-05-16,57.8618278503418,151.2034149169922,-0.6422111221142544,0.7927758205721173,0
2022-05-17,57.70392990112305,150.33309936523438,-0.6395373598198502,1.0096637443977958,0
2022-05-18,53.68622970581055,141.01806640625,-0.651798276480891,-0.136379281745007,0
2022-05-19,52.63356018066406,138.90692138671875,-0.6574737891672076,-0.6815551986521194,0
2022-05-20,53.49323272705078,139.77720642089844,-0.6471220744794226,0.2669811823661986,0
2022-05-23,55.142425537109375,142.69839477539062,-0.6361292790753845,1.2734175441365028,0
2022-05-24,56.15999984741211,144.6114044189453,-0.6303160564289296,1.783190308349487,0
2022-05-25,56.20386505126953,145.6023406982422,-0.6359311216467631,1.2752232107984587,0
2022-05-26,56.40563583374024,146.5846710205078,-0.6386450403626451,1.0223952051543348,0
2022-05-27,56.73897933959961,148.01513671875,-0.6418479634066809,0.7365910677741994,0
2022-05-31,55.59858322143555,144.55104064941406,-0.6399720710896624,0.8927607052776434,0
2022-06-01,55.32664108276367,143.46531677246094,-0.6378141454862716,1.060409981536129,0
2022-06-02,55.90560531616211,144.62803649902344,-0.6349638745271715,1.2902604640344553,0
2022-06-03,55.23891830444336,143.04014587402344,-0.6366212412734855,1.0970580446371307,0
2022-06-06,55.15119934082031,143.6388397216797,-0.6421223027266976,0.5550890756621679,0
2022-06-07,55.48453521728516,144.52392578125,-0.6418497559830758,0.5599474296985224,0
2022-06-08,55.16874694824219,143.80374145507812,-0.6428787687356081,0.44892022053290553,0
2022-06-09,54.21255874633789,141.24398803710938,-0.643541469586749,0.37393094607207467,0
2022-06-10,53.87044906616211,141.0184326171875,-0.6483751744560404,-0.10189660183492724,0
2022-06-13,53.80903244018555,138.606201171875,-0.633356617943166,1.292075266672937,0
2022-06-14,52.33348846435547,135.46514892578125,-0.6396931419512941,0.6647895324230317,0
2022-06-15,52.72224807739258,136.91419982910156,-0.6422571866283002,0.396233016772001,0
2022-06-16,52.19211959838867,136.2547149658203,-0.6478410778275281,-0.17616307072869186,0
2022-06-17,52.51020812988281,136.28077697753906,-0.6419441280787197,0.3855393115859568,0
2022-06-21,53.63233184814453,139.44790649414062,-0.6423160885397139,0.3229046385171882,0
2022-06-22,54.02993392944336,140.59324645996094,-0.6425909098637494,0.2742706243782173,0
2022-06-23,54.674930572509766,142.38937377929688,-0.6426129951023576,0.256566580896643,0
2022-06-24,55.69987106323242,144.1508331298828,-0.6355553658318387,0.9750314100936224,0
2022-06-27,55.58500289916992,144.3417205810547,-0.6388591628403839,0.5934804752219299,0
2022-06-28,55.02836227416992,142.311279296875,-0.6356557551033131,0.9186340779133869,0
2022-06-29,55.42596435546875,144.67140197753906,-0.6438611478904495,-0.030755979457829725,0
2022-06-30,55.58500289916992,144.61068725585938,-0.6406027359220827,0.31537061330791405,0
2022-07-01,56.88384246826172,146.97950744628906,-0.6327220967729641,1.2495082927989214,0
2022-07-05,55.91191864013672,146.64976501464844,-0.6478523579203843,-0.7662976324044138,0
2022-07-06,56.02678680419922,148.11619567871094,-0.6551187238668996,-1.9224531736699733,0
2022-07-07,55.58500289916992,147.82115173339844,-0.6611677275317058,-2.8511380812913747,1
2022-07-08,55.78822708129883,149.1400909423828,-0.6658377689248187,-3.3819796964371323,1
2022-07-11,55.61150360107422,147.91661071777344,-0.6612956948244841,-2.591136107914759,1
2022-07-12,55.37294769287109,147.07496643066406,-0.6602503428926099,-2.3154908520042516,1
2022-07-13,55.11671447753906,147.5955810546875,-0.6681978804508333,-3.0319505711104626,1
2022-07-14,54.94000244140625,148.35911560058594,-0.6762416783361491,-3.4996786731139444,1
2022-07-15,55.22274398803711,148.4805908203125,-0.6718750440888401,-2.772288657784208,1
2022-07-18,54.47171401977539,145.99899291992188,-0.6697830272807423,-2.389941914642753,1
2022-07-19,55.249244689941406,147.56085205078125,-0.6655758309720605,-1.893266543166713,1
2022-07-20,54.33917617797852,145.99899291992188,-0.6722191420318153,-2.351906692652513,1
2022-07-21,54.21548080444336,146.2158966064453,-0.6758884709527373,-2.4984023561169693,1
2022-07-22,54.41869735717773,147.17041015625,-0.6782412953780566,-2.5041770011861635,1
2022-07-25,54.9488410949707,147.378662109375,-0.6698708407681897,-1.7496506278583064,1
2022-07-26,55.850074768066406,149.09669494628906,-0.6644572112366571,-1.287526189920402,1
2022-07-27,55.673370361328125,148.88844299316406,-0.6663170646759706,-1.3793737677571412,1
2022-07-28,56.60110855102539,151.70848083496094,-0.6673636428971506,-1.4045219142622167,1
2022-07-29,56.69829177856445,151.8125762939453,-0.666290538568866,-1.280598497967672,1
2022-08-01,57.00753402709961,153.53932189941406,-0.6714437295458691,-1.5966412240777452,1
2022-08-02,56.23000717163086,152.27247619628906,-0.6774170055966309,-1.9291074383043783,1
2022-08-03,56.4774055480957,153.4351806640625,-0.680151048057148,-2.017135719179715,1
2022-08-04,56.25650787353516,152.6021728515625,-0.6789714608875244,-1.8430831819792126,1
2022-08-05,56.000282287597656,151.45681762695312,-0.6764805614630225,-1.6103735445501932,1
2022-08-08,55.63801956176758,150.84945678710938,-0.6792072269531815,-1.709869874601629,1
2022-08-09,55.70870208740234,151.41343688964844,-0.6814326346488553,-1.7705994131648164,1
2022-08-10,56.23884963989258,152.6629180908203,-0.6796581354095261,-1.5935391194822706,1
2022-08-11,55.8589096069336,151.88197326660156,-0.681633608505579,-1.643374545620033,1
2022-08-12,56.28302001953125,153.8690643310547,-0.6862434916245022,-1.8345518670777363,1
2022-08-15,56.989871978759766,155.56103515625,-0.6840052340541707,-1.6314157444544741,1
2022-08-16,57.45816040039063,156.4634552001953,-0.6812391417326946,-1.4222843974173731,1
2022-08-17,57.32562255859375,156.37667846679688,-0.6830289150528035,-1.465938273454178,1
2022-08-18,57.62603378295898,156.53286743164062,-0.6787371367128792,-1.1846110190064363,1
2022-08-19,57.58185195922852,156.3332977294922,-0.6783093057835812,-1.126492797115667,1
2022-08-22,56.72480010986328,154.84088134765625,-0.6843214968509095,-1.4167954738039956,1
2022-08-23,56.7866439819336,154.7714080810547,-0.6828115389893563,-1.2864741395149382,1
2022-08-24,56.86616897583008,155.54368591308594,-0.6860737490328948,-1.4166271962468975,1
2022-08-25,57.14007186889648,155.55235290527344,-0.6813208734557978,-1.1136051868645078,1
2022-08-26,55.76172256469727,151.88197326660156,-0.6833749902717416,-1.1894329110082908,1
2022-08-29,55.42596435546875,151.40475463867188,-0.686467140676938,-1.321537824647368,1
2022-08-30,54.91349029541016,150.1032257080078,-0.6876704038709551,-1.346238963188168,1
2022-08-31,54.52472686767578,149.47850036621094,-0.6908690537388495,-1.4726377570977176,1
2022-09-01,54.78096008300781,150.9897003173828,-0.6956016221286143,-1.6712308933295255,1
2022-09-02,54.02993392944336,149.07664489746094,-0.6974638957398978,-1.7041792788066445,1
2022-09-06,54.05644226074219,148.0720672607422,-0.6906408349137081,-1.2849093606029391,1
2022-09-07,55.05487060546875,151.339111328125,-0.6927788132594657,-1.3528002232649774,1
2022-09-08,54.886985778808594,150.8323974609375,-0.6926918117538747,-1.3158777128862664,1
2022-09-09,55.0637092590332,151.31288146972656,-0.6924559454834736,-1.2657538453904267,1
2022-09-12,55.22274398803711,151.9068603515625,-0.6932412026686192,-1.2710182082267825,1
2022-09-13,53.429107666015625,146.23770141601562,-0.690638934634654,-1.0884429162119276,1
2022-09-14,53.71184921264648,147.3470458984375,-0.6924388614289789,-1.157811570559694,1
2022-09-15,52.982051849365234,144.90118408203125,-0.6904424599685672,-1.0143931003112454,1
2022-09-16,52.99095153808594,145.8533172607422,-0.6964084548484801,-1.3276048683843722,1
2022-09-19,53.391448974609375,147.39073181152344,-0.698699527286573,-1.4261087999287962,1
2022-09-20,53.31134033203125,147.5566864013672,-0.7012549881202537,-1.5584824761258225,1
2022-09-21,52.8663444519043,147.13739013671875,-0.7069720091583314,-1.8719546269414353,1
2022-09-22,52.74174499511719,147.2771759033203,-0.7102210153486292,-2.047867482428734,1
2022-09-23,52.15434265136719,147.207275390625,-0.720976215371735,-2.60996711346013,1
2022-09-26,51.50462341308594,147.14613342285156,-0.7331230076312054,-3.155978055168676,1
2022-09-27,50.17852783203125,145.0147247314453,-0.7455420486129642,-3.6225664704622145,1
2022-09-28,50.7125244140625,147.3383026123047,-0.749844008796134,-3.483680899372346,1
2022-09-29,50.34762573242188,145.53884887695312,-0.7455566959980446,-2.985208876631145,1
2022-09-30,49.858131408691406,142.61251831054688,-0.7363032736053974,-2.36721367676506,1
2022-10-03,50.41883087158203,144.350830078125,-0.7364669673202395,-2.2373145194935335,1
2022-10-04,50.53452682495117,145.97561645507812,-0.7446578141933502,-2.455024614966585,1
2022-10-05,50.05392837524414,145.00599670410156,-0.7479718887836242,-2.442739197029018,1
2022-10-06,48.977012634277344,142.210693359375,-0.7514912267466505,-2.4247580666032436,1
2022-10-07,48.51421356201172,141.1711883544922,-0.7541143974566138,-2.3667704781807886,1
2022-10-10,48.40741729736328,141.35462951660156,-0.757534368120552,-2.3429185002652315,1
2022-10-11,48.48751831054688,142.02728271484375,-0.7603271971587131,-2.2992090468183215,1
2022-10-12,49.07492065429688,147.96725463867188,-0.7866582583206005,-2.9674802974970924,1
2022-10-13,49.72462844848633,152.52706909179688,-0.801931790660539,-3.1332298343415133,1
2022-10-14,48.93252182006836,148.6660919189453,-0.7939770452988211,-2.6606233223347378,1
2022-10-17,49.56441879272461,150.8848419189453,-0.7950204529291849,-2.4999442183631517,1
2022-10-18,50.2319221496582,152.92018127441406,-0.7941921482751804,-2.3234384042100316,1
2022-10-19,49.804725646972656,151.4351806640625,-0.793593614755038,-2.180594530309359,1
2022-10-20,49.021514892578125,149.7754669189453,-0.7991228880531658,-2.1944092665691977,1
2022-10-21,49.804725646972656,151.17312622070312,-0.7919715108686067,-1.9199433071287346,1
2022-10-24,51.23762893676758,155.20883178710938,-0.7882817328329472,-1.7523305118264298,1
2022-10-25,52.46583938598633,155.7241973876953,-0.7676983356387495,-1.2121239337863035,1
2022-10-26,52.85743713378906,156.4230499267578,-0.7644558648426085,-1.0963006708910177,1
2022-10-27,52.982051849365234,156.25706481933594,-0.7611067326872538,-0.9823889881628963,1
2022-10-28,54.07674789428711,159.18341064453125,-0.7580332003431414,-0.8784203296049156,1
2022-10-31,53.266845703125,158.61558532714844,-0.7697765831637864,-1.123136972986799,1
2022-11-01,53.07994842529297,157.8992919921875,-0.7690524318016165,-1.0694088431241309,1
2022-11-02,52.34123611450195,155.69801330566406,-0.769918610289023,-1.054476694067934,1
2022-11-03,52.31453704833984,155.2961883544922,-0.7680086284627787,-0.9756161746010557,1
2022-11-04,52.74174499511719,156.16969299316406,-0.765128846552964,-0.8760822462594416,1
2022-11-07,52.94644165039063,157.41885375976562,-0.7687167832562647,-0.931377416162942,1
2022-11-08,53.04434585571289,157.85562133789062,-0.7694643274299144,-0.9183443867734101,1
2022-11-09,52.30563735961914,155.96881103515625,-0.7722264753155286,-0.9537659538769044,1
2022-11-10,54.18354797363281,158.7204132080078,-0.7533321339632701,-0.4675596460566864,0
2022-11-11,54.57514953613281,155.5320587158203,-0.7271256883595711,0.2049407015927296,0
2022-11-14,54.050052642822266,154.3789520263672,-0.7298243008643075,0.16145999682812687,0
2022-11-15,53.9610481262207,154.78076171875,-0.733906840376167,0.07920331063979441,0
2022-11-16,53.86315536499024,155.77662658691406,-0.7417292143127057,-0.10058463425633876,0
2022-11-17,54.03224563598633,157.26161193847656,-0.7474806620354801,-0.2294674596345147,0
2022-11-18,54.414947509765625,158.39723205566406,-0.7471616208969665,-0.19537733566271567,0
2022-11-21,55.251564025878906,161.44581604003906,-0.7497581365092332,-0.2413095741509878,0
2022-11-22,55.49185180664063,161.4633026123047,-0.7455200250198066,-0.09674212624840349,0
2022-11-23,55.74106979370117,161.67294311523438,-0.7422542333817992,0.023366512691776777,0
2022-11-25,55.79446029663086,160.8256072998047,-0.7363753704826443,0.22203631747242292,0
2022-11-28,55.80336380004883,160.6334228515625,-0.7350959546182274,0.28483404666139656,0
2022-11-29,55.607566833496094,159.497802734375,-0.7319661290441086,0.40402439469759827,0
2022-11-30,57.0147819519043,162.04856872558594,-0.721834341375887,0.7479786751993276,0
2022-12-01,57.17612075805664,163.40219116210938,-0.7267993764747347,0.6223424806078813,0
2022-12-02,57.67805480957031,163.21759033203125,-0.7170002835584803,0.9681482444016658,0
2022-12-05,56.88929748535156,160.9586181640625,-0.7177169932000984,0.9773698478317149,0
2022-12-06,56.86240005493164,159.64894104003906,-0.7105381579788626,1.245544306790553,0
2022-12-07,56.9520378112793,160.13235473632812,-0.711794615800124,1.2387339448962964,0
2022-12-08,57.19403839111328,161.53878784179688,-0.7157443000375405,1.139311755833632,0
2022-12-09,56.593505859375,160.94107055664062,-0.7228278727946886,0.9351486820933561,0
2022-12-12,57.33745574951172,161.7057647705078,-0.7142074748912259,1.2820377355418262,0
2022-12-13,57.355377197265625,161.61785888671875,-0.7133856924614417,1.3413338483587574,0
2022-12-14,57.355377197265625,161.16958618164062,-0.7107843722535039,1.459528695518404,0
2022-12-15,56.56661987304688,158.43594360351562,-0.7086103152209882,1.5456736787960488,0
2022-12-16,56.24393844604492,158.51507568359375,-0.7147987551841721,1.318683873351305,0
2022-12-19,56.32460403442383,159.39405822753906,-0.7185445769692533,1.1720118571770384,0
2022-12-20,56.2797966003418,159.29736328125,-0.7187720841470897,1.144862564327132,0
2022-12-21,57.18507766723633,160.41366577148438,-0.7093549613557517,1.4512711480267393,0
2022-12-22,56.77276992797852,159.17431640625,-0.7093271790673263,1.4028504098716874,0
2022-12-23,57.2030029296875,160.20272827148438,-0.7078091944897453,1.4105386828318307,0
2022-12-27,57.55257034301758,160.91468811035156,-0.7058697769615776,1.4375006493199949,0
2022-12-28,56.97891998291016,159.75445556640625,-0.7091098848310837,1.2897243457099472,0
2022-12-29,57.31952667236328,159.95657348632812,-0.7043340870539669,1.4078516665538978,0
2022-12-30,57.0147819519043,158.7963409423828,-0.7028468079661305,1.4083674244884257,0
2023-01-03,56.4232063293457,157.69761657714844,-0.7067741525388103,1.2353206020792646,0
2023-01-04,56.39631271362305,157.31085205078125,-0.7049510943539072,1.2525602299906002,0
2023-01-05,55.75096893310547,155.6671905517578,-0.7066229085653255,1.158597403366124,0
2023-01-06,56.82655334472656,159.18309020996094,-0.7084319049294816,1.0644742168971681,0
2023-01-09,56.11846160888672,157.62733459472656,-0.7117723466462458,0.9269320339789081,0
2023-01-10,55.68822860717773,156.32640075683594,-0.7117066452432068,0.9059502681919792,0
2023-01-11,55.58066940307617,156.50221252441406,-0.7146926776020015,0.7809600200925679,0
2023-01-12,54.86361312866211,154.50694274902344,-0.7156606294177594,0.7239339068513714,0
2023-01-13,55.06081008911133,154.0322723388672,-0.7091910529801639,0.9309854678300686,0
2023-01-17,55.284889221191406,154.75302124023438,-0.7095018051828612,0.899021950277744,0
2023-01-18,53.6087760925293,150.85032653808594,-0.7163666117716896,0.6192374675026483,0
2023-01-19,53.52810287475586,149.10122680664062,-0.7069497389895241,0.9805189755930341,0
2023-01-20,53.85078048706055,149.32095336914062,-0.7023188202566368,1.160503466471555,0
2023-01-23,53.98522186279297,148.65292358398438,-0.6956259873162103,1.4095831593067047,0
2023-01-24,54.27204513549805,150.03292846679688,-0.6989814548279845,1.2265764644201023,0
2023-01-25,54.61264419555664,151.12283325195312,-0.6995043157467133,1.1678557562100629,0
2023-01-26,54.50509262084961,149.61981201171875,-0.6921141934451382,1.4478817325713282,0
2023-01-27,54.21826934814453,149.09242248535156,-0.6940833127381425,1.3311657530603904,0
2023-01-30,54.35271453857422,148.9693603515625,-0.6908333116723018,1.4487249834485298,0
2023-01-31,54.96221160888672,150.322998046875,-0.6881538201435102,1.5456073617899133,0
2023-02-01,54.97117233276367,150.79763793945312,-0.6909433130706715,1.3912978800363662,0
2023-02-02,54.0300407409668,149.4000701904297,-0.6994916175195134,0.9547207718623322,0
2023-02-03,53.62670516967773,148.65292358398438,-0.7022891524401134,0.7988212608673051,0
2023-02-06,53.93144607543945,151.0261688232422,-0.7114567700269716,0.2750885794868819,0
2023-02-07,53.84181594848633,150.79763793945312,-0.7117018081097943,0.22386174773454146,0
2023-02-08,53.52810287475586,150.446044921875,-0.7153592157360529,-0.051183020006767714,0
2023-02-09,53.4384651184082,151.87001037597656,-0.7258580706315194,-0.7564371443158837,0
2023-02-10,53.4384651184082,154.87612915039062,-0.7442153707461121,-1.9243916243513028,0
2023-02-13,54.31686019897461,156.25607299804688,-0.7362193201463128,-1.393790094201404,0
2023-02-14,53.41157913208008,154.4981231689453,-0.7424299508999836,-1.7956803141271285,0
2023-02-15,53.41157913208008,154.7091064453125,-0.7437080553117066,-1.898949128238785,0
2023-02-16,53.07994842529297,154.26963806152344,-0.7472721753267924,-2.132400704359369,1
2023-02-17,53.88662338256836,154.94639587402344,-0.7362887252307524,-1.4673401031124924,1
2023-02-21,53.59980392456055,154.8584747314453,-0.7410940023726651,-1.8150791323307973,1
2023-02-22,53.76115036010742,154.8057861328125,-0.7377696099163469,-1.6078629183599265,1
2023-02-23,53.85973739624024,154.9727783203125,-0.73694723958622,-1.548971177327202,1
2023-02-24,53.63566207885742,154.6651611328125,-0.739255361115192,-1.6902787329583608,1
2023-02-27,53.61773681640625,154.62118530273438,-0.739323290488036,-1.6662383813751955,1
2023-02-28,53.339881896972656,152.52920532226562,-0.7317609556945217,-1.1343101563364508,1
2023-03-01,52.757266998291016,150.59548950195312,-0.7307943619982096,-1.0607517608553931,1
2023-03-02,53.52810287475586,153.3740997314453,-0.7334119901847154,-1.2017979481362029,1
2023-03-03,53.27712631225586,153.22366333007812,-0.7371926274276177,-1.404900225596977,1
2023-03-06,54.10175323486328,153.5334014892578,-0.7237244576981712,-0.5192363768208801,1
2023-03-07,53.78804397583008,152.7723846435547,-0.7248860374798007,-0.5787734305115078,1
2023-03-08,53.81492614746094,153.18829345703125,-0.726932630347012,-0.6956518337368078,1
2023-03-09,53.29506301879883,152.02902221679688,-0.7295252720144938,-0.8507922289288948,1
2023-03-10,53.07098388671875,152.23255920410156,-0.7349916742962774,-1.1639606286759323,1
2023-03-13,53.6087760925293,153.71925354003906,-0.7340112879658469,-1.0700655692377123,1
2023-03-14,53.80595779418945,153.55992126464844,-0.7293686082051809,-0.7577653462029277,1
2023-03-15,54.16448211669922,156.30316162109375,-0.7393108140994555,-1.327582374110604,1
2023-03-16,54.46254348754883,156.19699096679688,-0.7331866180577484,-0.9257176834632102,1
2023-03-17,54.20965194702149,154.975830078125,-0.7304899213491063,-0.7454333174935187,1
2023-03-20,54.733497619628906,157.15272521972656,-0.7339370670007979,-0.9323602261729551,1
2023-03-21,54.48060989379883,157.5243682861328,-0.740780343717689,-1.2974213278856814,1
2023-03-22,54.23674392700195,156.19699096679688,-0.7373411970012254,-1.0575485355134562,1
2023-03-23,54.11931991577149,155.43597412109375,-0.7349343239506774,-0.8860794243658331,1
2023-03-24,55.00446319580078,158.48011779785156,-0.7368761318265467,-0.9679938135494135,1
2023-03-27,55.410892486572266,158.8340606689453,-0.7316036257099556,-0.6358777167643268,1
2023-03-28,55.474117279052734,158.7809600830078,-0.7301500988664094,-0.5280153432789594,1
2023-03-29,55.87151718139648,159.87826538085938,-0.7294620980697433,-0.4649301227855377,0
2023-03-30,55.86248397827149,160.0198516845703,-0.7304528330585853,-0.5028729349411499,0
2023-03-31,56.02506637573242,161.32069396972656,-0.7351294519489819,-0.7564320240350882,0
2023-04-03,56.35924911499024,161.4976806640625,-0.7302092447983659,-0.4391235003237101,0
2023-04-04,56.187644958496094,160.9224853515625,-0.7299170626288705,-0.4018409361126859,0
2023-04-05,56.72052383422852,162.50645446777344,-0.7296514240255956,-0.36863469370995394,0
2023-04-06,56.75664520263672,163.14358520507812,-0.7326795586888215,-0.5335489172407798,0
2023-04-10,56.62117385864258,162.11712646484375,-0.7291580442445866,-0.3036078179996428,0
2023-04-11,56.52183532714844,161.86935424804688,-0.7294815296251285,-0.3098070913925582,0
2023-04-12,56.62117385864258,161.55078125,-0.7258804898183104,-0.0718130793952282,0
2023-04-13,57.0366439819336,163.16131591796875,-0.7278601480045772,-0.1768280931294681,0
2023-04-14,56.946319580078125,162.39141845703125,-0.725015263544396,0.009782938624379279,0
2023-04-17,57.31662368774414,163.22328186035156,-0.7233190119785462,0.1345057704962464,0
2023-04-18,57.40695571899414,163.55950927734375,-0.723671501973099,0.13725571743432088,0
2023-04-19,57.51532745361328,163.4622039794922,-0.7212281513229817,0.3330446392777436,0
2023-04-20,57.76823425292969,164.00198364257812,-0.7199281833957603,0.45523829565278345,0
2023-04-21,57.84951400756836,164.07281494140625,-0.7189265833465237,0.5613890427939835,0
2023-04-24,57.75920104980469,164.15245056152344,-0.7209434417240459,0.47769160545477013,0
2023-04-25,57.66887283325195,167.8779296875,-0.743526494418461,-1.1874070840987625,0
2023-04-26,57.39791488647461,166.84255981445312,-0.7424420268080674,-1.108948739405644,0
2023-04-27,57.51532745361328,167.86021423339844,-0.7460937430657744,-1.4595930089122198,0
2023-04-28,57.9398307800293,168.922119140625,-0.7446463138946422,-1.3858067179982103,0
2023-05-01,58.07530975341797,169.62120056152344,-0.7461787335596117,-1.5736553757344662,0
2023-05-02,57.81339263916016,170.12562561035156,-0.7534799445323275,-2.3806300084915875,1
2023-05-03,57.48823928833008,170.0636749267578,-0.7587788980429968,-2.830805478796244,1
2023-05-04,57.55146026611328,171.12559509277344,-0.7635097448455594,-3.13335698855765,1
2023-05-05,57.82241439819336,171.91319274902344,-0.7631133683470503,-2.8847834354826736,1
2023-05-08,57.73209762573242,171.09902954101562,-0.7602305463393337,-2.4177162191984123,1
2023-05-09,57.2534065246582,171.79812622070312,-0.7723756377634619,-3.243671666252142,1
2023-05-10,57.35275650024414,171.91319274902344,-0.7712689542689422,-2.865506761182846,1
2023-05-11,57.67790985107422,172.86000061035156,-0.7707595628681156,-2.6196531901729476,1
2023-05-12,57.90370941162109,173.55026245117188,-0.7705847989257268,-2.4411264392862724,1
2023-05-15,57.75016403198242,171.91319274902344,-0.7643636714311288,-1.9064476644770245,1
2023-05-16,57.09986877441406,171.16981506347656,-0.7716294182916181,-2.2773644345787516,1
2023-05-17,57.0366439819336,169.95750427246094,-0.7660804731389712,-1.814935856597429,1
2023-05-18,56.72052383422852,169.51502990722656,-0.7691968225447443,-1.9233491899119308,1
2023-05-19,56.74762344360352,169.76280212402344,-0.7700870961054029,-1.8850247897760588,1
2023-05-22,55.55540084838867,165.1612548828125,-0.7655834444733491,-1.5435350648245125,1
2023-05-23,55.45606231689453,164.65684509277344,-0.764508456199823,-1.4264373295357944,1
2023-05-24,54.98639297485352,163.61264038085938,-0.7670554103792337,-1.5170711346155905,1
2023-05-25,54.56188583374024,162.64805603027344,-0.7692676938008742,-1.5801351603392262,1
2023-05-26,54.42641830444336,162.45338439941406,-0.7706319691836523,-1.5908595867864863,1
2023-05-30,53.99287796020508,160.71006774902344,-0.7685247246546245,-1.417479611230187,1
2023-05-31,53.88449096679688,161.36495971679688,-0.7743429114173073,-1.6710809113932197,1
2023-06-01,54.19158172607422,162.34962463378906,-0.7743576784204844,-1.6053446268133857,1
2023-06-02,55.23929214477539,164.0159454345703,-0.7647724414273567,-1.0487604009393157,1
2023-06-05,54.86898422241211,164.13180541992188,-0.7721600681185814,-1.3962128349293228,1
2023-06-06,54.47157287597656,161.78819274902344,-0.7659598795088578,-1.0292741415757556,1
2023-06-07,54.39028930664063,160.4961395263672,-0.7599437072179156,-0.6850607054360727,1
2023-06-08,54.525760650634766,162.2694091796875,-0.7677471311637931,-1.0651050825567143,1
2023-06-09,54.6160888671875,162.49220275878906,-0.7673768946794324,-1.0131754818451857,1
2023-06-12,54.381256103515625,162.09117126464844,-0.7693715608922469,-1.0816341711809465,1
2023-06-13,54.59801483154297,161.7703857421875,-0.7635382353290403,-0.7481110014993804,1
2023-06-14,54.96833419799805,163.22288513183594,-0.7651501563571959,-0.8058425526855885,1
2023-06-15,55.72368621826172,165.48629760742188,-0.7644002568494388,-0.7433888035385754,1
2023-06-16,56.12411880493164,165.78033447265625,-0.7589025307958392,-0.43604431480524525,0
2023-06-20,55.75099563598633,165.1298370361328,-0.7618907364321945,-0.5718258435656555,0
2023-06-21,55.90570831298828,165.23675537109375,-0.7597257252903624,-0.4384661303219892,0
2023-06-22,56.28792953491211,166.9476776123047,-0.76255977605787,-0.5654916299238851,0
2023-06-23,55.69638442993164,165.8070831298828,-0.7667040453781571,-0.7597743971266392,0
2023-06-26,55.714599609375,164.75558471679688,-0.7604187300973475,-0.3983356150592624,0
2023-06-27,55.596282958984375,165.94073486328125,-0.7692575635582806,-0.8508835974580482,0
2023-06-28,55.07753372192383,163.6951446533203,-0.7658714266681494,-0.6404062566895441,0
2023-06-29,54.62250900268555,163.85557556152344,-0.7750847120514397,-1.1128908826825266,0
2023-06-30,54.80451965332031,165.04965209960938,-0.7785584451856957,-1.2643953459525488,0
2023-07-03,55.13214111328125,165.38829040527344,-0.7745178570666464,-1.0078405358821818,0
2023-07-05,55.54167175292969,166.26153564453125,-0.772049170735845,-0.8403738696676732,0
2023-07-06,55.11394119262695,166.27935791015625,-0.7798804406937414,-1.2474895968682567,0
2023-07-07,54.38589096069336,163.14266967773438,-0.775342285574887,-0.9589612479560666,0
2023-07-10,53.976356506347656,164.22979736328125,-0.7891211907534568,-1.710159223052088,0
2023-07-11,54.16746139526367,163.94467163085938,-0.7839594942160906,-1.3734583135517169,0
2023-07-12,54.45869064331055,163.22288513183594,-0.7744649895147995,-0.7879366285912905,0
2023-07-13,54.922828674316406,167.1080780029297,-0.7880102108920974,-1.5987662060368437,0
2023-07-14,55.42337417602539,167.71401977539062,-0.782327760788462,-1.2285174235424805,0
2023-07-17,55.34145736694336,165.4149932861328,-0.7708796191810547,-0.44921978581164557,0
2023-07-18,55.12303924560547,164.36349487304688,-0.7688616711490175,-0.27290689372596055,0
2023-07-19,56.096824645996094,165.9763641357422,-0.7604957691130529,0.4898032618348662,0
2023-07-20,56.77936935424805,168.68533325195312,-0.7635645944702816,0.33009756114122557,0
2023-07-21,56.82487106323242,169.45169067382812,-0.7670088268932398,0.01532182237523863,0
2023-07-24,56.84308242797852,170.12889099121094,-0.7704238444610159,-0.32662517862633783,0
2023-07-25,56.65195846557617,170.52098083496094,-0.7759478014063488,-0.9572521521079437,0
2023-07-26,57.38002014160156,170.73484802246094,-0.7643521004887104,0.5380437909113395,0
2023-07-27,56.82487106323242,167.99916076660156,-0.7589460413005726,1.3613576445170952,0
2023-07-28,56.86128234863281,169.58531188964844,-0.7671065066019525,0.2591002017982851,0
2023-07-31,56.36074066162109,167.04571533203125,-0.7618168875737954,1.048464698263393,0
2023-08-01,56.21512222290039,166.47540283203125,-0.761200910014356,1.1272948125005096,0
2023-08-02,56.38804244995117,167.8031463623047,-0.7655696365020557,0.4951500104701062,0
2023-08-03,56.096824645996094,166.7427215576172,-0.7648101878741684,0.6249378883933033,0
2023-08-04,55.250450134277344,164.49717712402344,-0.7673143769671977,0.24026671377024417,0
2023-08-07,55.68728256225586,166.5377655029297,-0.7709856858568003,-0.3075624789975564,0
2023-08-08,55.44156265258789,164.3545684814453,-0.7630490290445486,0.8513706584893251,0
2023-08-09,55.5689811706543,163.94467163085938,-0.7584147261602849,1.4802795950212089,0
2023-08-10,55.44156265258789,163.73973083496094,-0.7595388428865233,1.2904068279725,0
2023-08-11,55.66908264160156,163.9981231689453,-0.7569202578087113,1.598235303308697,0
2023-08-14,55.4051628112793,163.62388610839844,-0.7595327550995883,1.2006158718497268,0
2023-08-15,55.032039642333984,161.60108947753906,-0.7546395554665244,1.7963085848276914,0
2023-08-16,55.041133880615234,161.47633361816406,-0.7537510093162698,1.8262414338115285,0
2023-08-17,55.159446716308594,159.01690673828125,-0.7372293246613726,3.498706524066297,-1
2023-08-18,55.468875885009766,158.7762908935547,-0.7302170454415764,3.7146288305300903,-1
2023-08-21,54.995635986328125,157.76934814453125,-0.7328267661280732,3.097088320949671,-1
2023-08-22,54.65890502929688,156.5663604736328,-0.7317998033858508,2.9007146375966273,-1
2023-08-23,54.85002517700195,158.72280883789062,-0.7411209435090997,1.9860626824036842,-1
2023-08-24,54.70440673828125,157.88519287109375,-0.7388237701444407,2.0586204461567523,-1
2023-08-25,54.95922470092773,159.8812255859375,-0.7459426162124698,1.4300281356853697,-1
2023-08-28,55.11394119262695,160.620849609375,-0.7474540944773516,1.2641283341683058,-1
2023-08-29,55.05934143066406,161.22679138183594,-0.7519717972305839,0.8852940194058394,-1
2023-08-30,55.032039642333984,161.3604736328125,-0.753244018520987,0.7603871666197053,-1
2023-08-31,54.449588775634766,159.6599578857422,-0.7539618032089397,0.6861240560014342,-1
2023-09-01,53.976356506347656,157.3268280029297,-0.7489038745935166,1.0561444320203368,-1
2023-09-05,53.53042221069336,156.2858428955078,-0.7509822853449184,0.8695522201937219,-1
2023-09-06,53.49401473999024,156.79734802246094,-0.7547229046883173,0.5651749726363235,-1
2023-09-07,53.08448028564453,158.29595947265625,-0.7713169031916043,-0.7041284190877062,0
2023-09-08,53.08448028564453,158.1793212890625,-0.7706265539571695,-0.6400024686661723,0
2023-09-11,53.58502578735352,160.56626892089844,-0.7752688265360477,-0.9738071174409783,0
2023-09-12,53.05718231201172,159.97402954101562,-0.781707390567143,-1.4147801985450128,0
2023-09-13,53.18458557128906,161.2393035888672,-0.7866874069427867,-1.707568076101812,0
2023-09-14,53.62488555908203,162.6302490234375,-0.7864874855378008,-1.6251225517075907,0
2023-09-15,53.14789962768555,161.38290405273438,-0.7882111680119643,-1.6729198308788384,0
2023-09-18,53.47812271118164,160.97007751464844,-0.7796182500459006,-1.0483825076306537,0
2023-09-19,53.36803817749024,160.0189208984375,-0.77612838201662,-0.7941201373707852,0
2023-09-20,53.60654067993164,160.07276916503906,-0.7719844367355178,-0.4975447205642488,0
2023-09-21,52.780982971191406,157.38064575195312,-0.7716193496593196,-0.4694943890248241,0
2023-09-22,52.83601379394531,157.2819061279297,-0.7699894875485773,-0.3535572545364895,0
2023-09-25,52.285640716552734,156.43838500976562,-0.7754243240551912,-0.7224064446969211,0
2023-09-26,51.85451889038086,154.81417846679688,-0.7739293916470915,-0.6286814909327099,0
2023-09-27,51.322486877441406,152.1669158935547,-0.7680890757903565,-0.2382477801463918,0
2023-09-28,51.19406509399414,152.10411071777344,-0.7702078270411081,-0.3857937417957624,0
2023-09-29,51.350006103515625,152.05029296875,-0.7668349452893497,-0.1711126676257528,0
2023-10-02,50.89136505126953,151.8079833984375,-0.7743130226766737,-0.6902317230895952,0
2023-10-03,50.34098434448242,150.48883056640625,-0.7770127893170731,-0.908113720286319,0
2023-10-04,50.48774719238281,151.5746612548828,-0.7808350434158147,-1.1872184656449378,0
2023-10-05,48.04775238037109,143.66883850097656,-0.7802010173405374,-1.128234450219451,0
2023-10-06,48.74489212036133,143.83935546875,-0.7669068864742639,-0.2218185010046853,0
2023-10-09,48.50640106201172,144.79954528808594,-0.7780427318053427,-1.037362498280641,0
2023-10-10,49.561283111572266,147.52749633789062,-0.7740088222399959,-0.7387416565452913,0
2023-10-11,49.26774978637695,145.93019104003906,-0.7697534216607975,-0.4290890377399148,0
2023-10-12,48.442195892333984,141.8561553955078,-0.7601332191852097,0.26731540381702495,0
2023-10-13,48.515567779541016,143.5791015625,-0.7699264731787498,-0.43362930051529097,0
2023-10-16,49.01091766357422,144.5482635498047,-0.7660687142790423,-0.1558302631363387,0
2023-10-17,49.59798431396485,143.91111755371094,-0.7500242471521492,0.9738733986596749,0
2023-10-18,49.579627990722656,145.4007568359375,-0.760039070019257,0.23653008923092475,0
2023-10-19,49.85481643676758,144.08164978027344,-0.7459684873369077,1.2163768763463625,0
2023-10-20,50.056617736816406,143.5791015625,-0.7386564852282347,1.6736757665199433,0
2023-10-23,49.607154846191406,143.65084838867188,-0.7481440173699716,0.9827739413029739,0
2023-10-24,51.03813171386719,145.54434204101562,-0.7319704734610717,1.9952016530234244,0
2023-10-25,51.478424072265625,145.6879119873047,-0.7243041421194287,2.3461761116949695,-1
2023-10-26,51.16654586791992,144.84439086914062,-0.7249426009884914,2.1702344008945196,-1
2023-10-27,50.67120361328125,143.23809814453125,-0.7242264244035743,2.09044116605757,-1
2023-10-30,51.50595474243164,145.62510681152344,-0.7233656503960328,2.0257241174551677,-1
2023-10-31,51.81782531738281,146.5224609375,-0.7230823522100933,1.938347459089449,-1
2023-11-01,51.7719612121582,147.9492950439453,-0.7330439853793767,1.3428062674640153,-1
2023-11-02,52.36819839477539,149.70811462402344,-0.7326614058851861,1.3200121674632723,-1
2023-11-03,52.047149658203125,149.67221069335938,-0.7385862404037469,0.9775002768829048,-1
2023-11-06,52.25812530517578,149.59149169921875,-0.7340356548431406,1.1833996865398855,-1
2023-11-07,52.45075607299805,150.02220153808594,-0.7330490126658877,1.1970473950550944,-1
2023-11-08,52.36819839477539,150.21066284179688,-0.7358000520656152,1.0294400259005416,-1
2023-11-09,51.97376251220703,149.1068878173828,-0.7364530765984401,0.9733752609107392,-1
2023-11-10,52.02880096435547,149.7888946533203,-0.7396687008373477,0.8138649524223341,-1
2023-11-13,52.221435546875,150.5516815185547,-0.7407303497643318,0.7761128439226926,-1
2023-11-14,52.37737274169922,150.8567352294922,-0.7396445073227902,0.8426830129666416,-1
2023-11-15,52.478275299072266,150.0850372314453,-0.7329166735720238,1.1921760688979655,-1
2023-11-16,52.42324066162109,150.49781799316406,-0.736538247120853,0.9976231180720154,-1
2023-11-17,52.52413940429688,149.64532470703125,-0.7292951576926598,1.3497482047151015,-1
2023-11-20,52.652565002441406,149.42994689941406,-0.7255041375670794,1.499116649215213,-1
2023-11-21,53.23044967651367,150.57858276367188,-0.7217601427106599,1.6289805731924905,-1
2023-11-22,53.58819961547852,151.8528289794922,-0.7229540287579757,1.5160884351243606,-1
2023-11-24,53.72578811645508,151.98744201660156,-0.7212196735776883,1.5412670288889943,-1
2023-11-27,53.62488555908203,151.04522705078125,-0.7172754289283385,1.6574013644761805,-1
2023-11-28,53.73496627807617,151.52980041503906,-0.7182245579326998,1.5572970002576039,-1
2023-11-29,53.413909912109375,150.0042724609375,-0.7147406301474222,1.6470081359799873,-1
2023-11-30,54.033390045166016,152.16986083984375,-0.7166340085047489,1.5058290503040777,-1
2023-12-01,54.21831512451172,152.53152465820312,-0.715440732655586,1.496836016756213,-1
2023-12-04,54.153587341308594,152.93846130371094,-0.7191306027698907,1.2927646364128997,-1
2023-12-05,54.23680114746094,151.85337829589844,-0.7109266381193202,1.5743990569497206,-1
2023-12-06,54.18132781982422,151.46458435058594,-0.7095489750428996,1.5732995435375434,-1
2023-12-07,54.31077194213867,151.4193572998047,-0.7068830350443629,1.628236884952549,-1
2023-12-08,54.190574645996094,149.8098602294922,-0.699090216457297,1.8776837393431074,-1
2023-12-11,54.58814239501953,151.74488830566406,-0.7038002594869064,1.63391432479081,-1
2023-12-12,54.93949890136719,152.3325958251953,-0.7010046935986285,1.6861382725763223,-1
2023-12-13,55.411041259765625,155.53350830078125,-0.7119341850919563,1.198706450661818,-1
2023-12-14,54.58814239501953,152.13365173339844,-0.7061966273256437,1.386759214808526,-1
2023-12-15,54.18132781982422,151.00341796875,-0.7066930525755186,1.3213208566790264,-1
2023-12-18,54.56965637207031,152.73046875,-0.7102022659099787,1.139396714972218,-1
2023-12-19,54.393985748291016,151.86241149902344,-0.7080884236348939,1.190846670359558,-1
2023-12-20,53.26597595214844,149.8189239501953,-0.7163560946502439,0.818997926318166,-1
2023-12-21,53.61732482910156,150.9762725830078,-0.7169887779076309,0.7648488454062329,-1
2023-12-22,53.92244338989258,151.61827087402344,-0.7152883605174938,0.8100286496406947,-1
2023-12-26,54.144344329833984,152.6852569580078,-0.7177494404271991,0.6770510612039462,-1
2023-12-27,54.28302383422852,153.1735382080078,-0.718181740023506,0.6328958395085744,-1
2023-12-28,54.32001876831055,153.16448974609375,-0.7174451251614804,0.6421957135373064,-1
2023-12-29,54.486446380615234,153.5713653564453,-0.7168706235683744,0.6476864614132876,-1
2024-01-02,55.30933380126953,156.3473358154297,-0.7186591704625158,0.5374494739318095,-1
2024-01-03,55.438777923583984,156.3834991455078,-0.7165381417263914,0.6218973724406779,-1
2024-01-04,55.25386047363281,155.0452423095703,-0.7118300681485064,0.8609656378931762,-1
2024-01-05,55.17063903808594,152.75758361816406,-0.699415597247766,1.5521169771910701,-1
2024-01-08,55.57746887207031,152.91131591796875,-0.6930106915038126,1.9046942427620743,-1
2024-01-09,55.47576141357422,151.1571044921875,-0.6840359239457552,2.347584428900782,-1
2024-01-10,55.660682678222656,150.9310760498047,-0.6793065832528171,2.5677890758688204,-1
2024-01-11,55.30009078979492,150.2167510986328,-0.681362967564894,2.390660358171485,-1
2024-01-12,55.83634948730469,151.24755859375,-0.6781173194968497,2.4520066513353087,-1
2024-01-16,55.46651458740234,150.25289916992188,-0.6785833672772439,2.351766480355383,-1
2024-01-17,55.46651458740234,150.49705505371094,-0.6801040184249452,2.1582594202225196,-1
2024-01-18,55.62369918823242,151.1571044921875,-0.6813727631834388,1.9858491118541564,-1
2024-01-19,55.318580627441406,149.90023803710938,-0.6790532050177465,2.039901421348595,-1
2024-01-22,55.07818222045898,149.29446411132812,-0.6796158870957116,1.9112894418022184,-1
2024-01-23,55.33707046508789,151.58212280273438,-0.6891687875049053,1.3281660585565378,-1
2024-01-24,54.46795272827149,149.7375030517578,-0.6935322409105718,1.0521516126389334,-1
2024-01-25,54.699100494384766,150.60556030273438,-0.6947112519064911,0.9561976387065659,-1
2024-01-26,54.89326858520508,151.78102111816406,-0.6984492017820756,0.7284112374343438,-1
2024-01-29,55.22611999511719,152.04324340820312,-0.6940205475523902,0.9393357501760002,-1
2024-01-30,55.38330459594727,153.37245178222656,-0.6993305431941632,0.6260219033975257,-1
2024-01-31,55.00422286987305,152.38687133789062,-0.7001609266594047,0.5563524850242256,-1
2024-02-01,56.38186264038086,155.2532196044922,-0.6928762204715957,0.9301842986464689,-1
2024-02-02,55.975040435791016,154.59315490722656,-0.6961275297877867,0.7210732054688901,-1
2024-02-05,55.51274108886719,154.54791259765625,-0.7041467214823367,0.24224982761928285,0
2024-02-06,55.42028427124024,155.00001525878906,-0.7085493721397986,-0.038838640143728405,0
2024-02-07,55.46651458740234,155.0452423095703,-0.7079887810297301,-0.03461162003099085,0
2024-02-08,55.318580627441406,157.197265625,-0.7235695326372369,-1.0183247923482894,0
2024-02-09,55.068939208984375,151.60923767089844,-0.6941934998131805,0.7810360211178857,0
2024-02-12,55.19837951660156,154.26763916015625,-0.7081256815502872,-0.15217263969872463,0
2024-02-13,54.87477111816406,152.7033233642578,-0.7044600755064545,0.06276914046539005,0
2024-02-14,54.819297790527344,151.47361755371094,-0.6978988917081477,0.4883487166243907,0
2024-02-15,54.9210090637207,151.78102111816406,-0.6979439764197704,0.45933029607298775,0
2024-02-16,54.91175842285156,150.3885498046875,-0.6894805244558402,1.0484733053632864,0
2024-02-20,56.12297821044922,152.49537658691406,-0.6806921984897549,1.6372375525944969,0
2024-02-21,56.62226486206055,152.65814208984375,-0.6728343477073073,2.1101004071824057,-1
2024-02-22,56.5390510559082,152.13365173339844,-0.6710817457026721,2.125014983514754,-1
2024-02-23,56.58528137207031,153.3543701171875,-0.6777494037556258,1.5910364504316297,-1
2024-02-26,56.13222885131836,152.14271545410156,-0.6783589737359828,1.492700890255636,-1
2024-02-27,55.79012298583984,152.0523223876953,-0.6839156544986169,1.0716646778285885,-1
2024-02-28,55.84560012817383,151.03053283691406,-0.6766068130460114,1.5188554739481466,-1
2024-02-29,55.49425506591797,150.64329528808594,-0.6805136454696683,1.2092900136690268,-1
2024-03-01,55.04120635986328,149.95997619628906,-0.6844531077009615,0.9096765973084876,-1
2024-03-04,55.30009078979492,150.670654296875,-0.6841886765782199,0.8975042891032581,-1
2024-03-05,55.03195571899414,147.63662719726562,-0.6699972903695635,1.7949794634774672,-1
2024-03-06,55.059696197509766,148.51129150390625,-0.6750255886622867,1.4000475758295226,-1
2024-03-07,54.95798110961914,148.61154174804688,-0.6775066575982303,1.1954374072970182,-1
2024-03-08,55.03195571899414,148.55686950683594,-0.675816928078925,1.261874081432533,-1
2024-03-11,55.69766616821289,150.08753967285156,-0.6733933233542357,1.3692902967834342,-1
2024-03-12,55.93805313110352,149.91441345214844,-0.6680057323190871,1.6471240246027241,-1
2024-03-13,56.51131057739258,150.60690307617188,-0.6621260617425291,1.9203065893715676,-1
2024-03-14,56.3854866027832,150.1331024169922,-0.6614040477657763,1.8707695576848633,-1
2024-03-15,55.80766677856445,150.0237579345703,-0.6710222213959618,1.2471913995172152,-1
2024-03-18,56.040653228759766,156.03709411621094,-0.7036631896047005,-0.7202186560963494,0
2024-03-19,56.13385009765625,156.5290985107422,-0.7049500081726237,-0.8202975352943542,0
2024-03-20,56.61849212646485,156.58375549316406,-0.6966803529787668,-0.34252627954686315,0
2024-03-21,56.3575325012207,157.12132263183594,-0.704509906812028,-0.8534619992432294,0
2024-03-22,56.37617492675781,156.7295379638672,-0.7018409161440422,-0.7162647592114901,0
2024-03-25,56.292293548583984,157.25799560546875,-0.7064824907539444,-1.0473478187918255,0
2024-03-26,56.42277145385742,157.3764190673828,-0.7048723251520848,-0.9740447230360121,0
2024-03-27,56.87944412231445,158.1417694091797,-0.701354785962832,-0.7730942698107915,0
2024-03-28,57.01924896240234,159.45376586914062,-0.7066378847816592,-1.174874100076129,0
2024-04-01,56.5532455444336,157.60423278808594,-0.7039173229045836,-1.021090943481013,0
2024-04-02,56.05929565429688,156.20111083984375,-0.7043145291068953,-1.071557091675589,0
2024-04-03,55.76105499267578,154.5975341796875,-0.6999842585252827,-0.756336143449423,0
2024-04-04,55.26709747314453,154.57020568847656,-0.7087166230471293,-1.3495751209206566,0
2024-04-05,55.46282196044922,154.10557556152344,-0.7023619444711882,-0.8696039618627583,0
2024-04-08,55.23914337158203,154.50643920898438,-0.7088361003438841,-1.282605001275736,0
2024-04-09,55.65854263305664,155.44488525390625,-0.706943680229112,-1.1114901383943308,0
2024-04-10,54.91294097900391,153.93243408203125,-0.7112729806067053,-1.3628393900746176,0
2024-04-11,55.03410720825195,153.39488220214844,-0.705792567118273,-0.9511689350775173,0
2024-04-12,54.31646728515625,153.1580047607422,-0.7174708530386225,-1.6835716570688235,0
2024-04-15,54.18599319458008,152.11021423339844,-0.7134465703268313,-1.3589813438217093,0
2024-04-16,54.111427307128906,152.61129760742188,-0.7179038012870045,-1.5915077402560465,0
2024-04-17,54.53082275390625,154.4153289794922,-0.7211893826714584,-1.730238009216324,0
2024-04-18,54.903621673583984,156.95733642578125,-0.7296685015813109,-2.1484096097020657,1
2024-04-19,56.07793045043945,158.65200805664062,-0.7185633881563058,-1.4054396403931673,1
2024-04-22,56.432090759277344,160.77490234375,-0.7247166494002721,-1.7074241060399173,1
2024-04-23,56.51596832275391,156.0006561279297,-0.6949986106627692,0.0644645619868628,0
2024-04-24,57.36407470703125,161.6404266357422,-0.7133648310075449,-1.0048595129851559,0
2024-04-25,57.54116439819336,160.97531127929688,-0.7064207556663167,-0.5849690944278955,0
2024-04-26,57.54116439819336,159.97311401367188,-0.7005716798626285,-0.23902414993375265,0
2024-04-29,57.82075881958008,160.48333740234375,-0.6987067704746224,-0.12316335103652375,0
2024-04-30,57.569122314453125,160.2737579345703,-0.7018443933735918,-0.30267607093473287,0
2024-05-01,57.718238830566406,159.58131408691406,-0.6952024411041773,0.08077012254962584,0
2024-05-02,57.7741584777832,159.85467529296875,-0.6958370255510404,0.030851551074451727,0
2024-05-03,57.9419174194336,160.49246215820312,-0.6966667954781744,-0.029755951117280872,0
2024-05-06,58.10967254638672,160.19178771972656,-0.6920194972633089,0.22107786355444028,0
2024-05-07,58.36131286621094,162.1962127685547,-0.6993446136713173,-0.2206519963117627,0
2024-05-08,58.5756721496582,161.6404266357422,-0.6924636028524835,0.184074813515731,0
2024-05-09,58.60363006591797,162.232666015625,-0.6954116591655666,-0.005879159944425693,0
2024-05-10,58.957786560058594,163.80886840820312,-0.6984420502757605,-0.19153381132453012,0
2024-05-13,59.25602340698242,164.82022094726562,-0.6991608756572125,-0.2343992103251165,0
2024-05-14,58.80867004394531,163.8817596435547,-0.701391119775927,-0.3592163599911398,0
2024-05-15,58.83663177490234,163.5082244873047,-0.6987786174175472,-0.18145940923495454,0
2024-05-16,59.01370620727539,166.8338165283203,-0.7146311965116299,-1.126563255831453,0
2024-05-17,58.74342727661133,165.9955596923828,-0.7145040174105057,-1.0863959302949948,0
2024-05-20,58.3147087097168,164.28265380859375,-0.7121143236484118,-0.9052009529521425,0
2024-05-21,58.631595611572266,164.98423767089844,-0.7106861215775542,-0.7867176802731494,0
2024-05-22,58.71547317504883,165.90444946289062,-0.7144658035088689,-0.9945741076205044,0
2024-05-23,57.86735916137695,163.33511352539062,-0.7143976930984515,-0.9593254995507055,0
2024-05-24,57.783477783203125,162.1688995361328,-0.7091372224646033,-0.5954074845399124,0
2024-05-28,57.61571502685547,157.96865844726562,-0.6874676591071989,0.8213707031206506,0
2024-05-29,57.503883361816406,155.93687438964844,-0.6772863537315237,1.4648309738330312,0
2024-05-30,57.75551986694336,155.32643127441406,-0.6692463611501935,1.9809747533287005,0
2024-05-31,58.65023422241211,157.5313262939453,-0.6670749997512049,2.079268931827697,-1
2024-06-03,58.65023422241211,156.009765625,-0.657984953554827,2.5307816768003297,-1
2024-06-04,59.59153366088867,158.433349609375,-0.6565005262077657,2.5025787772937136,-1
2024-06-05,59.572898864746094,158.06887817382812,-0.654656260817366,2.4986957715931686,-1
2024-06-06,59.78726577758789,157.80465698242188,-0.6494974912090701,2.668217638482261,-1
2024-06-07,59.56358337402344,157.0654296875,-0.6488482171898537,2.6176436210803473,-1
2024-06-10,59.26534652709961,152.34539794921875,-0.6252911999740656,3.5173212416308828,-1
2024-06-11,59.22806930541992,151.58322143554688,-0.6212230382315802,3.3491590708781516,-1
2024-06-12,58.60363006591797,150.44451904296875,-0.6247598788872439,2.9004539847958624,-1
2024-06-13,58.706153869628906,149.98536682128906,-0.6201492236931294,2.8197016959954073,-1
2024-06-14,58.74840927124024,150.4261474609375,-0.6221780677301441,2.540886333424538,-1
2024-06-17,58.81416320800781,152.5657958984375,-0.6342872112353648,1.9947031578457124,-1
2024-06-18,58.82354736328125,152.87799072265625,-0.6360421990329419,1.8413974642953663,-1
2024-06-20,58.4009017944336,153.0616455078125,-0.6443775429239178,1.4991456616168863,-1
2024-06-21,58.95504760742188,153.61265563964844,-0.6382991331115484,1.6290123061817035,-1
2024-06-24,60.08210754394531,154.34727478027344,-0.6238305382531584,1.9884306362918684,-1
2024-06-25,59.96000671386719,153.67694091796875,-0.6217884570114878,1.9476428537782378,-1
2024-06-26,60.1572494506836,153.1167449951172,-0.6150840024387962,2.035399772197922,-1
2024-06-27,60.025760650634766,152.67596435546875,-0.6145721474877499,1.945718360819411,-1
2024-06-28,59.78156280517578,151.45465087890625,-0.6111265952767218,1.9397663212184946,-1
2024-07-01,59.434043884277344,149.58132934570312,-0.6053002234799951,1.991588959440558,-1
2024-07-02,59.31194305419922,150.21495056152344,-0.6113156055800957,1.747536346374187,-1
2024-07-03,59.48100662231445,149.3150177001953,-0.6028414421140056,1.8744747341638621,-1
2024-07-05,59.88487243652344,150.95875549316406,-0.6063284202577988,1.7073874705728966,-1
2024-07-08,59.13349914550781,148.87420654296875,-0.6059318646191905,1.6458235448918204,-1
2024-07-09,58.87990188598633,148.67218017578125,-0.6089578344780211,1.5099014308028962,-1
2024-07-10,59.01139450073242,150.22412109375,-0.6164529144697148,1.283009203125887,-1
2024-07-11,59.264984130859375,150.5546875,-0.6142234579394055,1.290703101939639,-1
2024-07-12,59.828521728515625,152.7861785888672,-0.6185393091893596,1.1484272121798276,-1
2024-07-15,59.55614471435547,150.47206115722656,-0.6088084865055707,1.337000691479826,-1
2024-07-16,60.36387634277344,151.2985076904297,-0.6004669862362038,1.4891393427264277,-1
2024-07-17,61.24674224853516,156.0093994140625,-0.6146636635203615,1.111149241561322,-1
2024-07-18,61.227970123291016,156.45018005371094,-0.6176125999440716,1.0089155172120547,-1
2024-07-19,61.32188415527344,155.52268981933594,-0.6105111324363666,1.1434461483053833,-1
2024-07-22,60.83348083496094,153.96157836914062,-0.6090590160432745,1.142206004751072,-1
2024-07-23,61.01194763183594,152.6943359375,-0.5983889445189012,1.3565748903951114,-1
2024-07-24,61.81027603149414,154.429931640625,-0.5959744144746875,1.3662974986645866,-1
2024-07-25,62.05448532104492,157.04708862304688,-0.6077704204134378,1.0437497499823165,-1
2024-07-26,62.97493362426758,158.63572692871094,-0.6024728416917844,1.13547040355643,-1
2024-07-29,62.768287658691406,159.05813598632812,-0.6082501718804947,0.9616442153672745,-1
2024-07-30,63.56663131713867,159.0305938720703,-0.5954492890791343,1.2336902939866028,-1
2024-07-31,62.68376159667969,158.562255859375,-0.6066733173215013,0.9272698241539125,-1
2024-08-01,63.82960891723633,160.66514587402344,-0.6008978742252573,1.0352381356057898,-1
2024-08-02,65.11634826660156,163.4935302734375,-0.5972834532571989,1.0900643696667516,-1
2024-08-05,63.96110534667969,159.82032775878906,-0.5939021876922537,1.1369167503491469,-1
2024-08-06,63.91414260864258,158.39697265625,-0.5862583126747802,1.2860528454333129,-1
2024-08-07,64.2992172241211,157.754150390625,-0.5764429224994547,1.4828692814063353,-1
2024-08-08,64.55282592773438,158.28677368164062,-0.5756632704415194,1.4563852285173178,-1
2024-08-09,64.50585174560547,158.30514526367188,-0.5764999175083858,1.3951351114180732,-1
2024-08-12,64.02684020996094,157.41436767578125,-0.5786685868718848,1.303501778904904,-1
2024-08-13,64.2992172241211,158.28677368164062,-0.5795997083107736,1.2581188812708044,-1
2024-08-14,64.41193389892578,159.5172882080078,-0.5851009011917663,1.096185982490754,-1
2024-08-15,64.47767639160156,158.42453002929688,-0.5776428384521815,1.2870651616850741,-1
2024-08-16,64.97547149658203,158.51632690429688,-0.5704945850563314,1.4799336897999862,-1
2024-08-19,64.78762817382812,159.6183319091797,-0.5798782286353612,1.2045457779955357,-1
2024-08-20,65.16332244873047,161.48245239257812,-0.5849705205409075,1.0539178020649032,-1
2024-08-21,65.34176635742188,160.89476013183594,-0.5788211416339388,1.2882391459851283,-1
2024-08-22,65.11634826660156,161.38145446777344,-0.5851056985433889,1.0535664529132682,-1
2024-08-23,65.54840087890625,161.50079345703125,-0.5791848459356137,1.2765789488507926,-1
2024-08-26,66.53457641601562,161.59263610839844,-0.5647843583133749,1.8332483164569742,-1
2024-08-27,67.15446472167969,160.9773712158203,-0.5519379251392857,2.3024131936865455,-1
2024-08-28,67.3892822265625,159.7101287841797,-0.5410453684963397,2.6202797837851413,-1
2024-08-29,67.67103576660156,158.02963256835938,-0.5269661973986501,2.979450140703302,-1
2024-08-30,68.06550598144531,158.75509643554688,-0.5254435223715213,2.8450143482943826,-1
2024-09-03,68.57269287109375,163.03436279296875,-0.5429306844455155,2.0967487548497563,-1
2024-09-04,68.1500473022461,163.93429565429688,-0.5542687502885313,1.625096585091854,-1
2024-09-05,66.84452056884766,164.6505584716797,-0.5776944004622786,0.7124677191514545,-1
2024-09-06,66.81632995605469,164.09075927734375,-0.5749265497028011,0.7902545698299155,-1
2024-09-09,67.48319244384766,164.8772735595703,-0.5694738817133489,0.9656017764045464,-1
2024-09-10,67.20143127441406,164.52565002441406,-0.571658414998744,0.8527908352189372,-1
2024-09-11,66.7599868774414,162.64732360839844,-0.5674951514466731,0.9792014775199348,-1
2024-09-12,66.90087127685547,164.0074920654297,-0.5731866933614986,0.7343658606295747,-1
2024-09-13,67.52973937988281,164.10926818847656,-0.5644116120922318,1.0477543911569078,-1
2024-09-16,68.1822509765625,163.97048950195312,-0.554003075607536,1.4333199697723178,-1
2024-09-17,67.89855194091797,163.65586853027344,-0.5563738739938717,1.3079834956387966,-1
2024-09-18,67.85126495361328,162.1199188232422,-0.5482391580095154,1.5886040663284886,-1
2024-09-19,66.78266143798828,161.6109619140625,-0.5611688368126853,1.0218675235305958,-1
2024-09-20,67.74723815917969,158.39096069335938,-0.5279797318681778,2.2695586836555135,-1
2024-09-23,67.83235168457031,159.25149536132812,-0.5317987453185475,2.0127347090763155,-1
2024-09-24,67.45408630371094,157.22512817382812,-0.5253972055312746,2.142830121998165,-1
2024-09-25,67.56755065917969,156.74395751953125,-0.5208458696804623,2.183924265818112,-1
2024-09-26,67.52027893066406,157.01229858398438,-0.5231477370697499,1.9963429802595614,-1
2024-09-27,67.88909149169922,157.2991485595703,-0.5194098267184373,2.019908595817759,-1
2024-09-30,67.95529174804688,157.34542846679688,-0.5187106899647524,1.9447892587998594,-1
2024-10-01,67.81343841552734,158.5760498046875,-0.5280968355619313,1.5608945465495057,-1
2024-10-02,67.15147399902344,156.88275146484375,-0.5278517884411649,1.5111135018222248,-1
2024-10-03,66.68810272216797,155.93898010253906,-0.5291249158870164,1.4209987877495318,-1
2024-10-04,66.35711669921875,155.4208221435547,-0.5309832446760216,1.3159345649226828,-1
2024-10-07,65.2601547241211,154.7176055908203,-0.5434054033963642,0.8711846770258488,-1
2024-10-08,65.4209213256836,157.68775939941406,-0.5587540373731406,0.3235816750774624,0
2024-10-09,65.78972625732422,159.64938354492188,-0.5647113788853764,0.09743145690693769,0
2024-10-10,65.48710632324219,160.06576538085938,-0.5717612726167509,-0.17895352204257461,0
2024-10-11,65.78972625732422,161.74977111816406,-0.5769527134225099,-0.400768891535247,0
2024-10-14,66.51788330078125,162.94342041015625,-0.5728316714087232,-0.2781374577626031,0
2024-10-15,66.51788330078125,162.75833129882812,-0.5717672130009683,-0.26757023503697813,0
2024-10-16,66.73538208007812,161.44442749023438,-0.5609114512602149,0.13000527919044505,0
2024-10-17,66.10179138183594,161.62022399902344,-0.5714701507031537,-0.30423752334155524,0
2024-10-18,66.61246490478516,161.98110961914062,-0.5658632240683623,-0.11211622386810131,0
2024-10-21,65.67622375488281,161.93482971191406,-0.5797503501041534,-0.7075346376776263,0
2024-10-22,65.67622375488281,161.3426513671875,-0.5763191548864297,-0.604062627641875,0
2024-10-23,64.31448364257812,160.0287628173828,-0.5896131572479879,-1.1837824790229892,0
2024-10-24,63.64306640625,159.2977752685547,-0.5958197385952504,-1.4786026066832039,0
2024-10-25,63.28371047973633,158.9553985595703,-0.5994670534008204,-1.6416691597362651,0
2024-10-28,63.04729461669922,157.1510772705078,-0.5925180028268597,-1.3483222944018745,0
2024-10-29,61.99761199951172,154.98590087890625,-0.5963138848356406,-1.509352285467124,0
2024-10-30,62.33805084228516,153.7923126220703,-0.5835970895609357,-0.9560271863110384,0
2024-10-31,61.76119995117188,153.67201232910156,-0.5921608702790575,-1.305598854312333,0
2024-11-01,61.47749710083008,153.2186279296875,-0.5939977306632436,-1.3542681047503122,0
2024-11-04,61.57206726074219,153.91259765625,-0.5966930085708944,-1.433831487730237,0
2024-11-05,61.81793975830078,155.30978393554688,-0.6011712953052841,-1.5783274498325925,0
2024-11-06,60.23868560791016,152.4043731689453,-0.6093636839256469,-1.8481618621994338,0
2024-11-07,60.20085144042969,151.74740600585938,-0.6059459896978012,-1.665918474641902,0
2024-11-08,60.44672775268555,152.77447509765625,-0.6081876202479624,-1.6954366691278209,0
2024-11-11,59.91715621948242,151.9879913330078,-0.6121532919397872,-1.7730357925650844,0
2024-11-12,59.76585388183594,152.06201171875,-0.6151376876908401,-1.8146194950299526,0
2024-11-13,59.57671737670898,152.43212890625,-0.6205841489806572,-1.9357839255803402,0
2024-11-14,59.15116882324219,152.81149291992188,-0.630080619482265,-2.1560388925680436,1
2024-11-15,58.38518905639648,146.76934814453125,-0.6053310785124806,-1.281804742035841,1
2024-11-18,58.4986572265625,146.5010223388672,-0.6016757152214947,-1.133948874620867,1
2024-11-19,59.18899917602539,145.01129150390625,-0.5803713780223623,-0.4095436909905655,0
2024-11-20,59.567264556884766,146.88040161132812,-0.5859955400278771,-0.5788500843906994,0
2024-11-21,60.29542541503906,148.36083984375,-0.583238051128883,-0.46547881791770235,0
2024-11-22,60.44672775268555,149.89682006835938,-0.5903782544214069,-0.6799053937813726,0
2024-11-25,60.88172912597656,150.86837768554688,-0.5892583492829369,-0.6160142488169323,0
2024-11-26,61.04249954223633,150.04486083984375,-0.5814948748943616,-0.3261637702452613,0
2024-11-27,60.92901992797852,150.5630340576172,-0.5865844442974089,-0.48632344868392086,0
2024-11-29,61.05765151977539,151.23849487304688,-0.5886677499418438,-0.5517091039877764,0
2024-12-02,60.64793014526367,150.86837768554688,-0.5931059576864595,-0.6936241998834171,0
2024-12-03,60.5240592956543,149.61923217773438,-0.5873637434854277,-0.48211466655336466,0
2024-12-04,59.27584457397461,148.21278381347656,-0.5993573005835202,-0.8776014151558531,0
2024-12-05,59.95235824584961,148.49964904785156,-0.5898199287839452,-0.5339272609085581,0
2024-12-06,59.580753326416016,147.24452209472656,-0.5880880162244271,-0.46474334689112823,0
2024-12-09,59.64745330810547,148.81224060058594,-0.596888088384028,-0.7463458392174886,0
2024-12-10,59.942832946777344,149.15753173828125,-0.5941188257483727,-0.6291066846718245,0
2024-12-11,59.68556594848633,146.29269409179688,-0.5802565336651364,-0.13981600630065874,0
2024-12-12,60.82896423339844,148.28033447265625,-0.5739198790436957,0.09413981550658587,0
2024-12-13,60.1429328918457,147.41249084472656,-0.5797644379741618,-0.098430673033505,0
2024-12-16,59.59980773925781,145.5928192138672,-0.5772030536191073,0.019877237826542028,0
2024-12-17,60.40972137451172,145.70481872558594,-0.564425549893202,0.5068367448660748,0
2024-12-18,59.88566207885742,144.1090850830078,-0.5628248044913029,0.606042576675035,0
2024-12-19,59.50452423095703,141.34690856933594,-0.55108391527616,1.1020485617756328,0
2024-12-20,59.59980773925781,142.57867431640625,-0.5576102393742248,0.9025631290239644,0
2024-12-23,59.43782806396485,141.17892456054688,-0.5510916783472668,1.2360837918079783,0
2024-12-24,59.87612915039063,142.59735107421875,-0.5531073486540823,1.2338489291464216,0
2024-12-26,59.61886215209961,142.25210571289062,-0.5551429737499154,1.2074771189785678,0
2024-12-27,59.50452423095703,142.67201232910156,-0.5598231547143273,1.064718068964679,0
2024-12-30,59.10433197021485,141.5802001953125,-0.5593765582488004,1.1633458075628416,0
2024-12-31,59.32348251342773,141.89747619628906,-0.5577720153731143,1.3255294686232006,0
2025-01-02,58.92329788208008,140.17112731933594,-0.5530763872107647,1.6057707247576518,0
2025-01-03,58.83754348754883,139.64854431152344,-0.5510345972766144,1.6900938003932244,0
2025-01-06,57.94187927246094,136.49444580078125,-0.5449785430092513,1.9421312031684133,0
2025-01-07,57.970462799072266,135.6825714111328,-0.5388979921793196,2.142644933295578,-1
2025-01-08,58.79943084716797,136.7463836669922,-0.5320138877356344,2.330300919073906,-1
2025-01-10,58.18961334228516,133.10702514648438,-0.5171758275884013,2.7834739148055636,-1
2025-01-13,58.74225997924805,134.84274291992188,-0.5198571815686677,2.4868144544552613,-1
2025-01-14,59.113861083984375,135.26266479492188,-0.5164632288109745,2.4697948039938824,-1
2025-01-15,58.85659790039063,135.10400390625,-0.5197255004665333,2.209172073720581,-1
2025-01-16,59.313961029052734,136.7463836669922,-0.5233013543223786,1.9801287905351248,-1
2025-01-17,59.75225830078125,138.3421173095703,-0.5268048522487447,1.769749909557848,-1
2025-01-21,59.4759407043457,138.62205505371094,-0.5333332062489644,1.4826277700101456,-1
2025-01-22,58.86612701416016,138.1927947998047,-0.5407345588563679,1.183290124605731,-1
2025-01-23,58.6279182434082,138.6873779296875,-0.5481353090081074,0.8974699921278261,-1
2025-01-24,58.9995231628418,139.1539764404297,-0.5449626322512913,0.9740623516835674,-1
2025-01-27,60.85755157470703,144.2770538330078,-0.5478169966275876,0.8479656435880917,-1
2025-01-28,59.41876983642578,140.20843505859375,-0.544952024030553,0.9156987025468661,-1
2025-01-29,59.86660385131836,140.32041931152344,-0.5381911073739056,1.1114397996848269,-1
2025-01-30,61.0290641784668,141.74815368652344,-0.5284409342813632,1.3896350044867813,-1
2025-01-31,60.48594284057617,140.61904907226562,-0.5298900154525432,1.2934878067446602,-1
2025-02-03,60.36207962036133,140.22711181640625,-0.5293258528509552,1.2666302587729383,-1
2025-02-04,59.71414566040039,133.90025329589844,-0.4968784943449558,2.208081897950896,-1
2025-02-05,60.1429328918457,135.9252166748047,-0.5037810584300653,1.9017322920567983,-1
2025-02-06,60.3716049194336,135.6359405517578,-0.4979908034373173,1.987297242266199,-1
2025-02-07,60.82896423339844,134.91737365722656,-0.4854687324159057,2.247324750657167,-1
2025-02-10,61.50548553466797,134.7027587890625,-0.4729174343669653,2.468996959809887,-1
2025-02-11,64.41162872314453,135.9065399169922,-0.43508211827474774,3.229727224210218,-1
2025-02-12,65.46926879882812,134.3668212890625,-0.40812431446817143,3.51989335944608,-1
2025-02-13,66.22201538085938,134.91737365722656,-0.40052182708940176,3.353435625432616,-1
2025-02-14,65.62174224853516,133.80691528320312,-0.4018872745740021,3.0238442725790837,-1
2025-02-18,65.79325103759766,134.46946716308594,-0.40390309322533025,2.750188367100622,-1
2025-02-19,66.76512908935547,136.06517028808594,-0.40028790355260213,2.6094947433778932,-1
2025-02-20,66.73654174804688,139.1352996826172,-0.4216136280517748,2.0858384467051385,-1
2025-02-21,67.98475646972656,143.24124145507812,-0.4303212394557825,1.8360344448253874,-1
2025-02-24,67.2605972290039,143.56787109375,-0.44316335999225664,1.5434527054474743,-1
2025-02-25,68.11815643310547,145.96609497070312,-0.4460097335727147,1.4381927339993539,-1
2025-02-26,67.46070098876953,141.3842315673828,-0.42583831129186667,1.7157482508094888,-1
2025-02-27,67.52739715576172,141.86013793945312,-0.42799736297941493,1.6115423781933977,-1
2025-02-28,67.85135650634766,143.21322631835938,-0.4321021797593474,1.484720206755384,-1
2025-03-03,68.90900421142578,145.56483459472656,-0.4318885112565427,1.4361022914815993,-1
2025-03-04,66.87946319580078,143.88511657714844,-0.4509132707798402,1.0798531709252632,-1
2025-03-05,66.77465057373047,143.5958709716797,-0.45059705895526925,1.0519046595354185,-1
2025-03-06,67.13673400878906,144.2770538330078,-0.44962156395896713,1.0347599407525725,-1
2025-03-07,68.06098175048828,145.39263916015625,-0.4431627100715607,1.1092357395182046,-1
2025-03-10,68.08003234863281,147.0966033935547,-0.4537953219676485,0.8977591406714556,-1
2025-03-11,67.68937683105469,143.40626525878906,-0.4357538640772969,1.1765113698167267,-1
2025-03-12,66.64126586914062,139.48992919921875,-0.4254263794121984,1.3141755623666016,-1
2025-03-13,66.33634948730469,139.6499786376953,-0.43108635781756366,1.1758633602640438,-1
2025-03-14,66.38434600830078,139.8853302001953,-0.43194014732642394,1.1255684290473034,-1
2025-03-17,67.30582427978516,142.47422790527344,-0.43532947794891363,1.0329074340958575,-1
2025-03-18,66.59552001953125,140.2619171142578,-0.4312820642317412,1.0704166674371536,-1
2025-03-19,66.49952697753906,139.4334716796875,-0.42717639374286254,1.108161324378006,-1
2025-03-20,66.91226196289062,138.52969360351562,-0.41489861605347045,1.285037153593542,-1
2025-03-21,65.91400909423828,136.92929077148438,-0.4190469420014882,1.171566273952396,-1
2025-03-24,66.18277740478516,137.87069702148438,-0.4213946419651142,1.0927753949124774,-1
2025-03-25,66.04838562011719,137.01400756835938,-0.4175896173895879,1.1248691592856046,-1
2025-03-26,67.2098159790039,139.93240356445312,-0.41989722928207396,1.0492543057857275,-1
2025-03-27,67.90093231201172,140.90206909179688,-0.416134342148764,1.0850023491023915,-1
2025-03-28,67.54579162597656,140.5255126953125,-0.4188720538988573,1.003805399758604,-1
2025-03-31,68.74562072753906,141.15625,-0.405459069574003,1.2191631934190441,-1
2025-04-01,68.98558807373047,140.90206909179688,-0.40028649299752495,1.278416766727894,-1
2025-04-02,68.46725463867188,140.38430786132812,-0.40438065419544067,1.166040931472284,-1
2025-04-03,70.2430191040039,142.5024871826172,-0.39280106784588487,1.34701866235908,-1
2025-04-04,67.12344360351562,138.0213165283203,-0.4083041549309847,1.0151583452325665,-1
2025-04-07,65.62605285644531,134.80169677734375,-0.4087586827333869,0.9748607775571004,-1
2025-04-08,65.6740493774414,132.08099365234375,-0.3889315307453982,1.3195465544109584,-1
2025-04-09,67.14263153076172,137.0610809326172,-0.4014797374727097,1.0384495358188304,-1
2025-04-10,67.9201431274414,135.69602966308594,-0.3805918541869717,1.4009219697754045,-1
2025-04-11,68.563232421875,135.96900939941406,-0.37305027823202863,1.4952577721199414,-1
2025-04-14,69.54229736328125,138.1531219482422,-0.37379631754070086,1.43243961703312,-1
2025-04-15,68.97599029541016,134.47216796875,-0.3566806917914338,1.7055656003626112,-1
2025-04-16,68.80320739746094,131.88328552246094,-0.34098206199035364,1.9369986206175485,-1
2025-04-17,70.07023620605469,134.47216796875,-0.3409410557230661,1.8772681533298412,-1
2025-04-21,69.84945678710938,133.42721557617188,-0.33679060458425436,1.9070309750432939,-1
2025-04-22,70.93411254882812,135.0558624267578,-0.33274420308320707,1.9350296162630642,-1
2025-04-23,70.35819244384766,133.92616271972656,-0.333029408835257,1.8906300942681662,-1
2025-04-24,69.6094970703125,127.38330841064452,-0.2968170530977714,2.5205733138791135,-1
2025-04-25,69.02398681640625,125.5663604736328,-0.2918089837953497,2.515003840963379,-1
2025-04-28,68.90879821777344,125.9240951538086,-0.296143648455911,2.3364891684246807,-1
2025-04-29,69.44631958007812,126.44186401367188,-0.29221646857997907,2.329712339354028,-1
2025-04-30,69.63829803466797,127.63748931884766,-0.2982703495932135,2.1512860877746585,-1
2025-05-01,68.42886352539062,125.72639465332033,-0.3016612368822589,2.004147238616589,-1
2025-05-02,68.77440643310547,125.91468048095705,-0.29802581300076536,2.0054252076017303,-1
2025-05-05,68.82240295410156,124.25779724121094,-0.28492232085248936,2.1718884400633467,-1
2025-05-06,68.84160614013672,123.0810317993164,-0.27573146632432,2.2399218536148457,-1
2025-05-07,69.49430084228516,124.19189453125,-0.2747100317142035,2.1503623301205943,-1
2025-05-08,68.31366729736328,123.7305908203125,-0.2883596313497332,1.8080839366303714,-1
2025-05-09,67.68976593017578,122.79859924316406,-0.29045317461968523,1.6927938820757253,-1
2025-05-12,66.739501953125,123.9659423828125,-0.31345224919693226,1.2411172240714694,-1
2025-05-13,66.19236755371094,122.67619323730467,-0.31188897636276725,1.2270518824920211,-1
2025-05-14,66.38434600830078,120.9251708984375,-0.2955284532033451,1.454442017341298,-1
2025-05-15,68.73601531982422,123.79650115966795,-0.2826949505515186,1.6048510632339568,-1
2025-05-16,69.1103515625,124.24836730957033,-0.28067603336786995,1.5718765710304528,-1
2025-05-19,69.04317474365234,124.06951141357422,-0.280299369352214,1.5165145286902046,-1
2025-05-20,68.81282043457031,124.07893371582033,-0.2837124516222005,1.4090565973238796,-1
2025-05-21,68.96638488769531,122.52557373046876,-0.26968432542147536,1.5731296034789577,-1
2025-05-22,68.28487396240234,122.4973373413086,-0.27939939931026725,1.3667886741709656,-1
2025-05-23,68.88958740234375,121.76301574707033,-0.26495141622884866,1.5332676491451223,-1
2025-05-27,68.8991928100586,123.67411041259766,-0.2793974024319592,1.2630731160865907,-1
2025-05-28,68.29448699951172,123.01512145996094,-0.2832090547626729,1.1639515956555724,-1
2025-05-29,68.62083435058594,124.19189453125,-0.2873585822968314,1.0659885202837702,-1
2025-05-30,69.20635223388672,123.74942779541016,-0.27551940458116686,1.213875331842081,-1
2025-06-02,69.1103515625,123.2410659790039,-0.27305220661723695,1.2157671240904178,-1
2025-06-03,68.30408477783203,124.1259994506836,-0.29148814282403546,0.8936359967205931,-1
2025-06-04,68.50565338134766,124.02245330810548,-0.28775983078457124,0.9262609818435418,-1
2025-06-05,68.06410217285156,123.42935180664062,-0.2897365692656182,0.865365923582891,-1
2025-06-06,68.4864501953125,123.75579833984376,-0.2860243524893802,0.8973312789190993,-1
2025-06-09,68.88958740234375,123.6891860961914,-0.27965098349762396,0.9741166051169275,-1
2025-06-10,69.44631958007812,125.46894073486328,-0.2849820799911891,0.8559753742167467,-1
2025-06-11,69.17755126953125,123.6320571899414,-0.2750469419210413,0.9995563421620357,-1
2025-06-12,69.34072875976562,125.9162826538086,-0.28983695609531335,0.7137565312830296,-1
2025-06-13,68.65437316894531,124.53622436523438,-0.2894630380437544,0.6951219304410599,-1
2025-06-16,68.17103576660156,125.0692138671875,-0.30052784423214174,0.4658244553610612,0
2025-06-17,67.30101776123047,123.05148315429688,-0.2981395370455395,0.48509670173615616,0
2025-06-18,66.90467071533203,122.84210968017578,-0.30245118233152013,0.37489523181295076,0
2025-06-20,66.5469970703125,122.84210968017578,-0.30781154248868337,0.2393035032365368,0
2025-06-23,67.41702270507812,122.86114501953124,-0.2949675317469529,0.4776552884086666,0
2025-06-24,67.87135314941406,124.72657775878906,-0.30236426754771806,0.290594253369699,0
2025-06-25,67.31068420410156,121.84278869628906,-0.2887508665414389,0.569288688259829,0
2025-06-26,67.15602111816406,122.03313446044922,-0.29251324260749634,0.4559121453167279,0
2025-06-27,67.98735809326172,124.71704864501952,-0.30058498162065383,0.23037085079186567,0
2025-06-30,68.39337158203125,125.66880798339844,-0.3017509659757076,0.16638104828992947,0
2025-07-01,69.2827377319336,128.73342895507812,-0.31139658663242287,-0.13022492645108047,0
2025-07-02,68.54804229736328,129.89456176757812,-0.33046715551323835,-0.7426123925698445,0
2025-07-03,68.973388671875,128.84765625,-0.3167022692473429,-0.41482731042011145,0
2025-07-07,68.64472198486328,127.9625244140625,-0.3150227550179743,-0.4285846038340642,0
2025-07-08,67.90036010742188,128.5240478515625,-0.33002649380170634,-1.0944756938668234,0
2025-07-09,67.16567993164062,127.99107360839844,-0.33701352940122753,-1.4856440908282367,0
2025-07-10,67.44600677490234,129.5138702392578,-0.3439257345303144,-1.880831060126824,0
2025-07-11,67.54268646240234,128.73342895507812,-0.33683257698323743,-1.7162011112948667,0
2025-07-14,67.15602111816406,129.0284881591797,-0.34471794773865394,-2.1365846578660497,1
2025-07-15,67.04967498779297,127.35340118408205,-0.3340643870847311,-1.656236440915692,1
2025-07-16,66.9626693725586,128.819091796875,-0.3460800858011286,-2.2052932862521564,1
2025-07-17,68.23870849609375,138.42222595214844,-0.3945420331234635,-3.92058652633881,1
2025-07-18,67.52335357666016,136.32839965820312,-0.3908054234479579,-3.3892783668404363,1
2025-07-21,67.73602294921875,134.86270141601562,-0.37753705937802806,-2.706088275267179,1
2025-07-22,67.33968353271484,138.99327087402344,-0.4116600387290257,-3.4444478827622436,1
2025-07-23,66.8563461303711,138.63162231445312,-0.41642348572800003,-3.206484988812671,1
2025-07-24,66.79832458496094,137.53709411621094,-0.4098679787595154,-2.76151001345392,1
2025-07-25,66.86600494384766,136.5282440185547,-0.4019601587797066,-2.376730878226975,1
2025-07-28,65.82197570800781,134.73898315429688,-0.4053418688535002,-2.3061625233661234,1
2025-07-29,67.06900024414062,136.947021484375,-0.4017972643221137,-2.0950348246964876,1
2025-07-30,66.45999908447266,135.9667205810547,-0.40419068391485435,-2.0353407958147396,1
2025-07-31,65.62863159179688,131.26507568359375,-0.38381984791411305,-1.508693933922394,1
2025-08-01,66.56632995605469,132.5594482421875,-0.37882301194375145,-1.346345620331476,1
2025-08-04,66.66299438476562,132.82594299316406,-0.3792528737665073,-1.30823922326138,1
2025-08-05,66.75000762939453,132.72125244140625,-0.37720998294639596,-1.2196269929844268,1
2025-08-06,67.19467163085938,134.00611877441406,-0.3795936624243712,-1.2280374154332407,1
2025-08-07,68.08403778076172,136.97557067871094,-0.3869716406098833,-1.3409291706663722,1
2025-08-08,67.99702453613281,138.20333862304688,-0.3966078987800685,-1.4885183904878765,1
2025-08-11,68.39337158203125,137.87973022460938,-0.3886003589198985,-1.2741257882334316,1
2025-08-12,68.35470581054688,139.78321838378906,-0.4020071015330604,-1.4930055081143554,1
2025-08-13,68.11302947998047,142.14356994628906,-0.4212315986130868,-1.802616884686862,1
2025-08-14,67.23335266113281,141.44879150390625,-0.42964165201595517,-1.879550932476155,1
2025-08-15,67.59101867675781,143.1428985595703,-0.43548641200427074,-1.8994355396572844,1
2025-08-18,66.82733154296875,142.33392333984375,-0.44154134431444003,-1.924695496251658,1
2025-08-19,67.79402923583984,144.81797790527344,-0.4433835897637426,-1.8702796649268656,1
2025-08-20,68.34503173828125,143.4569854736328,-0.4264454319331801,-1.5044221534364026,1
2025-08-21,68.30638122558594,141.79141235351562,-0.41607373239189727,-1.2693732298059919,1
2025-08-22,67.79402923583984,142.41957092285156,-0.4277427655406063,-1.4315319462579685,1
2025-08-25,66.63400268554688,141.04905700683594,-0.43594561697239076,-1.522530657361969,1
2025-08-26,66.44066619873047,139.90696716308594,-0.4312369646689369,-1.389941281546175,1
2025-08-27,66.5373306274414,140.51608276367188,-0.43385181317811305,-1.3919314849833255,1
2025-08-28,66.08299255371094,139.887939453125,-0.43650747750444197,-1.3901128000762453,1
2025-08-29,66.6919937133789,141.4773406982422,-0.4379151960387109,-1.3681847500863007,1
2025-09-02,66.7596664428711,143.02867126464844,-0.4471147516750573,-1.480828436820541,1
2025-09-03,66.6919937133789,141.4678192138672,-0.43785216270685456,-1.2729565866014747,1
2025-09-04,65.97665405273438,139.80227661132812,-0.4375442418685198,-1.2307743778530318,1
2025-09-05,65.6963119506836,140.68931579589844,-0.44772609502209626,-1.3733005754902836,1
2025-09-08,65.1839599609375,136.1915740966797,-0.42512506222277224,-0.9327713806288037,1
2025-09-09,65.5996322631836,137.52745056152344,-0.42791021722113953,-0.9556264016921,1
2025-09-10,65.56097412109375,137.10458374023438,-0.4256155266450419,-0.8847074111077926,1
2025-09-11,65.36764526367188,138.61343383789062,-0.4388194149277096,-1.1062317102900687,1
2025-09-12,64.77794647216797,137.94070434570312,-0.4433251415543049,-1.1607125113756243,1
2025-09-15,64.49546813964844,135.1632537841797,-0.42864512243038355,-0.843538909202033,1
2025-09-16,64.5246810913086,134.57699584960938,-0.4241211813682888,-0.7263597448363814,1
2025-09-17,65.30397033691406,135.73025512695312,-0.42010785963667185,-0.6195761852575964,1
2025-09-18,64.73898315429688,135.24974060058594,-0.4254756280729879,-0.7077721138372204,1
2025-09-19,64.70975494384766,136.2396240234375,-0.43275689835611253,-0.8458448778540197,1
2025-09-22,64.49546813964844,135.5380401611328,-0.43123847531351966,-0.7928385997030829,1
2025-09-23,64.9825210571289,136.37416076660156,-0.42947493578553786,-0.7311245913956617,1
2025-09-24,64.729248046875,136.6336669921875,-0.4351606016846068,-0.8538809309389307,1
2025-09-25,64.27141571044922,134.47128295898438,-0.42731801852219586,-0.6314360963526824,1
2025-09-26,63.96944046020508,134.97103881835938,-0.43550177380251576,-0.8268471347721797,1
2025-09-29,64.32986450195312,134.71153259277344,-0.428080822510835,-0.6013380715787144,1
2025-09-30,64.60260772705078,134.97103881835938,-0.4256524730512714,-0.5088526105720127,1
2025-10-01,65.05069732666016,137.56588745117188,-0.43657510212890127,-0.8308335465960655,1
2025-10-02,64.3883056640625,136.76821899414062,-0.4413635720176874,-0.9715999293540818,1
2025-10-03,64.92406463623047,136.4510498046875,-0.4309028074187333,-0.5946540423858205,1
2025-10-06,64.3883056640625,134.2598419189453,-0.4240271751866649,-0.32023035682080153,0
2025-10-07,65.06044006347656,135.30738830566406,-0.4209215933043611,-0.16445942987269146,0
2025-10-08,64.40779876708984,133.43331909179688,-0.41794103015480566,0.015051171261523033,0
2025-10-09,64.65132141113281,139.0747528076172,-0.45295008939317594,-1.6129209139483733,0
2025-10-10,65.30397033691406,144.23562622070312,-0.47703111070974913,-2.598023365855613,1
2025-10-13,65.07018280029297,143.0919647216797,-0.4731617910105932,-2.2853664003471543,1
2025-10-14,65.76179504394531,145.63876342773438,-0.4791118564305421,-2.4384603157683973,1
2025-10-15,65.34293365478516,145.27359008789062,-0.48315031670986297,-2.437552947218249,1
2025-10-16,65.8397216796875,146.7247772216797,-0.4848855357262254,-2.3461421127776885,1
2025-10-17,66.66771697998047,147.72427368164062,-0.4787463269672543,-1.9885767214766192,1
2025-10-20,66.66771697998047,147.65701293945312,-0.4783197999370339,-1.879485030354475,1
2025-10-21,69.37572479248047,147.21490478515625,-0.43569518481790936,-0.22911754022194966,0
2025-10-22,68.97633361816406,147.0707550048828,-0.44055123536967056,-0.3949226467883459,0
2025-10-23,68.12887573242188,145.6099395751953,-0.44356438382999563,-0.490015320990585,0
2025-10-24,67.90483093261719,145.6483917236328,-0.447105638926387,-0.6036604024384576,0
2025-10-27,68.24576568603516,146.68634033203125,-0.4487480937357802,-0.6467977174867223,0
2025-10-28,68.34318542480469,144.2740478515625,-0.43179153947728643,0.103303348015764,0
2025-10-29,66.58003997802734,140.46827697753906,-0.4328914451998189,0.10135082425529612,0
2025-10-30,67.19373321533203,141.8041534423828,-0.4325810905549723,0.16634162788860044,0
2025-10-31,67.11579895019531,140.4010009765625,-0.424428141057132,0.6283029621394831,0
2025-11-03,66.20989227294922,138.0079803466797,-0.42191713998016844,0.8056778989574184,0
2025-11-04,66.88201904296875,137.33522033691406,-0.4072401423283578,1.6657298993582033,0
2025-11-05,66.73590087890625,137.29678344726562,-0.40916508838848387,1.5845936561554084,0
2025-11-06,67.27165222167969,136.06663513183594,-0.39273997816178685,2.37217976886039,-1
2025-11-07,68.72306823730469,137.38328552246094,-0.3804131003851756,2.785951577953553,-1
2025-11-10,68.69384002685547,137.06614685058594,-0.378674008306243,2.6491725109432176,-1
2025-11-11,69.75562286376953,139.43032836914062,-0.37935208263739284,2.4357792148650104,-1
2025-11-12,69.65821838378906,138.76719665527344,-0.37628448995387664,2.3976537695954865,-1
2025-11-13,69.2296142578125,139.37266540527344,-0.386533984892254,1.8780438124330645,-1
2025-11-14,69.3172836303711,140.17034912109375,-0.3906134716940981,1.6592554132352533,-1
2025-11-17,68.8497085571289,142.0732421875,-0.41001063511554925,0.8634451374511739,-1
2025-11-18,69.37572479248047,142.9766387939453,-0.4083360592273362,0.9056466299378458,-1
2025-11-19,69.2685775756836,141.38128662109375,-0.3993726464449683,1.2236012024067682,-1
2025-11-20,69.36598205566406,140.41061401367188,-0.39151515883245125,1.4749922397617043,-1
2025-11-21,71.06092071533203,140.63165283203125,-0.3688473974142257,2.204142603496733,-1
2025-11-24,70.71025085449219,139.833984375,-0.36846703448659746,2.09378689834339,-1
2025-11-25,70.72972869873047,140.42022705078125,-0.37210987730366085,1.8696257185897822,-1
2025-11-26,70.99273681640625,142.2174072265625,-0.38030892626691504,1.5249501332549507,-1
2025-11-28,71.22652435302734,142.9478302001953,-0.3818190676175002,1.41935751441745,-1
2025-12-01,70.5791015625,143.6878204345703,-0.3957860195950289,0.9244177673250923,-1
2025-12-02,69.323486328125,142.82289123535156,-0.40808166043929983,0.5062800801308543,-1
2025-12-03,69.4608154296875,142.2943115234375,-0.4026300250388708,0.6701929031164362,-1
2025-12-04,69.10768127441406,141.18907165527344,-0.4004239640576479,0.7257895161166323,-1
2025-12-05,68.66625213623047,140.73587036132812,-0.4038209021880821,0.5948495895845606,-1
2025-12-08,68.91149139404297,141.32786560058594,-0.40418712741136975,0.5623040149891431,-1
2025-12-09,68.75453186035156,140.36708068847656,-0.4000786613232359,0.6792093928034308,-1
2025-12-10,68.87225341796875,145.27761840820312,-0.4305722011085207,-0.3149041780839649,0
2025-12-11,67.79320526123047,144.63711547851562,-0.4422253418368207,-0.681163684836878,0
2025-12-12,69.17634582519531,146.19955444335938,-0.43209129823445025,-0.34721632412876563,0
2025-12-15,69.6177749633789,146.75271606445312,-0.42926726331263954,-0.25737055252551777,0
2025-12-16,69.02920532226562,145.9278106689453,-0.43247816841732867,-0.3611585638261559,0
2025-12-17,69.323486328125,145.64639282226562,-0.42641620823090776,-0.16555035051910771,0
2025-12-18,69.0193862915039,144.95738220214844,-0.4263714105508205,-0.16911586506502818,0
2025-12-19,68.72511291503906,143.7831268310547,-0.42302643762496217,-0.062379745445123924,0
2025-12-22,68.87225341796875,142.70591735839844,-0.4138446547819141,0.225709808197958,0
2025-12-23,68.53873443603516,139.4354705810547,-0.39698560297255714,0.7561927508925002,0
2025-12-24,68.77415466308594,139.4936981201172,-0.3939476623212981,0.8330129977093836,0
2025-12-26,68.53873443603516,139.5325164794922,-0.3976372174244718,0.6916252303421755,0
2025-12-29,68.82321166992188,139.9789276123047,-0.3964868031072797,0.7047550898448711,0
2025-12-30,68.73491668701172,139.9012908935547,-0.397250958762414,0.6604137310213032,0
2025-12-31,68.57797241210938,139.28018188476562,-0.3953696437040266,0.7028756646388401,0
2026-01-02,67.80302429199219,138.02828979492188,-0.39827803790256144,0.5956676297709297,0
2026-01-05,66.6455078125,135.7865447998047,-0.4001613799301298,0.524678616742236,0
2026-01-06,66.54740142822266,134.85491943359375,-0.39518665318826507,0.6579917713790765,0
2026-01-07,66.25312805175781,132.96249389648438,-0.38638252155100883,0.9175822566040237,0
2026-01-08,68.04826354980469,135.25277709960938,-0.3756429849706624,1.2442557721212057,0
2026-01-09,69.16653442382812,135.77682495117188,-0.3629648421407188,1.642336267935367,0
2026-01-12,69.15673065185547,137.1840057373047,-0.37276312802475786,1.2947122730539613,0
2026-01-13,69.88262176513672,139.2413787841797,-0.3762630614139182,1.1688213114746742,0
2026-01-14,70.07881927490234,141.6092987060547,-0.38925265003464027,0.6583264700586153,0
2026-01-15,69.1371078491211,142.24008178710938,-0.4069442066204356,-0.11991374572021034,0
2026-01-16,69.09786987304688,141.9974822998047,-0.40591317167017404,-0.09791658001256154,0
2026-01-20,70.3829116821289,143.2978973388672,-0.39602461218177254,0.32067731881660627,0
2026-01-21,70.63795471191406,142.4050750732422,-0.3865539590826579,0.7318005459283529,0
2026-01-22,70.50062561035156,140.1342010498047,-0.37344460734791696,1.3262782049034971,0
2026-01-23,71.49137878417969,140.30886840820312,-0.36065595996423117,1.9059542562559615,0
2026-01-26,71.17747497558594,141.56077575683594,-0.37337587019535246,1.2425674123642994,0
2026-01-27,72.14861297607422,144.3848114013672,-0.3783240889696273,0.9685680554538175,0
2026-01-28,71.66793823242188,144.11306762695312,-0.3832443167818056,0.6943093544614152,0
2026-01-29,72.03089904785156,144.29745483398438,-0.37939015181615776,0.8652151282992873,0
2026-01-30,73.38460540771484,149.09152221679688,-0.3913814038976158,0.213143737180034,0
2026-02-02,73.89470672607422,150.61514282226562,-0.39397690753250636,0.06330538131654677,0
2026-02-03,75.42497253417969,158.03915405273438,-0.41854246028449715,-1.231202011953617,0
2026-02-04,75.87620544433594,161.27076721191406,-0.4315356197878284,-1.8307317741576226,0
2026-02-05,77.01410675048828,162.5808868408203,-0.4242278059926994,-1.4006339657078302,0
2026-02-06,77.52420043945312,165.4534454345703,-0.43402946395266007,-1.8122904954901884,0
2026-02-09,76.4843978881836,161.55221557617188,-0.42518504589573425,-1.3232483483523898,0
2026-02-10,75.34649658203125,162.03744506835938,-0.44298318760881017,-2.086399588755492,1
2026-02-11,77.1023941040039,164.15304565429688,-0.43209516722357133,-1.5026280812958177,1
2026-02-12,77.4947738647461,162.26063537597656,-0.4161592527275815,-0.7285044143651754,1
2026-02-13,77.18087005615234,161.03787231445312,-0.4131336342754599,-0.5829407507399829,1
2026-02-17,78.04409790039062,157.13662719726562,-0.3790430098560069,0.9888885785770055,0
2026-02-18,77.97543334960938,159.53366088867188,-0.39410212916830467,0.28210176075651666,0
2026-02-19,77.40648651123047,159.7277374267578,-0.40256402833313754,-0.10392685062461571,0
2026-02-20,78.31876373291016,160.06741333007812,-0.39283697488404545,0.3753946180964899,0
2026-02-23,79.0250473022461,163.34756469726562,-0.4028577093869279,-0.07504354763537588,0
2026-02-24,79.18199920654297,164.53150939941406,-0.4076373247776015,-0.28290555726176264,0
2026-02-25,78.93675994873047,164.1724395751953,-0.40869311859406743,-0.3144783879100108,0
2026-02-26,78.96619415283203,162.62940979003906,-0.3994760568806992,0.1604198109036218,0
2026-02-27,80.00598907470703,164.72561645507812,-0.3983890866367341,0.21732718993666775,0
2026-03-02,78.69152069091797,162.33827209472656,-0.40128235566672643,0.06626670794044992,0
2026-03-03,77.82828521728516,160.0382843017578,-0.398948808487269,0.18047500973949804,0
2026-03-04,76.61192321777344,159.07754516601562,-0.4090617020181826,-0.3204268776528704,0
2026-03-05,75.56230926513672,155.95266723632812,-0.4042760796577012,-0.07965214766434628,0
2026-03-06,75.5721206665039,156.1024627685547,-0.40504539972741505,-0.11756882818008302,0
2026-03-09,76.31764221191406,158.15863037109375,-0.4074845159370568,-0.233803983241609,0
2026-03-10,76.39611053466797,157.42430114746094,-0.4020982740528858,0.01303618795875678,0
2026-03-11,76.15087127685547,156.80743408203125,-0.4016364004690587,0.0021540116436738893,0
2026-03-12,76.13126373291016,155.54437255859375,-0.394319473086866,0.364443721829276,0
2026-03-13,76.38805389404297,156.54307556152344,-0.3969463315249744,0.1969146471750183,0
2026-03-16,76.86214447021484,154.42816162109375,-0.37801982357652086,1.210761996005644,0
2026-03-17,76.62510681152344,153.23361206054688,-0.37383573710140805,1.4001207307102077,0
2026-03-18,75.034912109375,150.3354034423828,-0.37692349433325756,1.1906372308777973,0
2026-03-19,74.6200942993164,149.55210876464844,-0.37757460851636626,1.1184237575648055,0
2026-03-20,73.8299331665039,146.908447265625,-0.3715162755785988,1.4108371856120903,0
2026-03-23,74.18550872802734,147.73092651367188,-0.3719405061747514,1.3418802356813209,0
2026-03-24,73.75092315673828,147.4469757080078,-0.3760139387570067,1.0871080463666536,0
2026-03-25,74.32378387451172,148.56317138671875,-0.37533968003290497,1.0924941871513274,0
2026-03-26,73.77067565917969,147.6819610595703,-0.37723755712496043,0.9635874111996291,0
2026-03-27,74.77811431884766,149.8458251953125,-0.37729677226834824,0.9353525830080155,0
2026-03-30,75.33122253417969,153.5469512939453,-0.39277901071622434,0.1007436040796998,0
2026-03-31,75.11393737792969,152.0488739013672,-0.38648513382332883,0.427956500726688,0
2026-04-01,75.14356231689453,151.42222595214844,-0.3822229156664587,0.6389840158940395,0
2026-04-02,75.77568817138672,153.73297119140625,-0.388030144803615,0.3214025737770974,0
2026-04-06,76.26953125,153.4588165283203,-0.3798624358698186,0.7499368503757253,0
2026-04-07,74.97566223144531,150.01229858398438,-0.3756983806121239,0.972021849105268,0
2026-04-08,76.33867645263672,151.56910705566406,-0.3673516912927095,1.4296395414029364,0
2026-04-09,77.21771240234375,154.20297241210938,-0.37203773516371363,1.1767291125992947,0
2026-04-10,76.5164566040039,153.7819366455078,-0.37860007035531584,0.8286413805814113,0
2026-04-13,75.46951293945312,152.62655639648438,-0.3853140553404284,0.46396723929381006,0
2026-04-14,74.96577453613281,152.4698944091797,-0.39104933676089715,0.14273702198033986,0
2026-04-15,74.3830337524414,151.61807250976562,-0.39360604099587704,-0.006003865576515763,0
2026-04-16,74.25464630126953,155.0743865966797,-0.41644395893375474,-1.2067540692787226,0
2026-04-17,74.80774688720703,154.3791961669922,-0.4048148524033337,-0.5689467848958722,0
2026-04-20,74.55094909667969,153.71340942382812,-0.4042056964625207,-0.5134104370741099,0
2026-04-21,73.7805404663086,151.6865997314453,-0.40216210443603106,-0.3769645952903355,0
2026-04-22,73.71141052246094,150.58016967773438,-0.3962429967329699,-0.028999352767875974,0
2026-04-23,75.34110260009766,152.4503173828125,-0.3859349074878038,0.5585120309254997,0
2026-04-24,75.68679809570312,152.19573974609375,-0.37979171481591933,0.8988592038908807,0
2026-04-27,74.51144409179688,150.88372802734375,-0.3873340265051528,0.4852356460230102,0
2026-04-28,77.3856201171875,153.02798461914062,-0.3627019082058789,1.7979710209707092,0
2026-04-29,77.89922332763672,152.0488739013672,-0.35007527692803375,2.333350992626982,-1
2026-04-30,77.79058074951172,155.1820831298828,-0.37057416000926224,1.2207789474779114,-1
2026-05-01,77.61279296875,154.1246337890625,-0.3664584124898287,1.4032974822791375,-1
2026-05-04,77.22759246826172,151.3634796142578,-0.3545031314313034,1.9587371149157942,-1
2026-05-05,77.51402282714844,151.8040771484375,-0.3535233272391931,1.9603962525063756,-1
2026-05-06,78.25479125976562,152.70489501953125,-0.3495533574999028,2.087100080671377,-1
2026-05-07,77.46463775634766,153.02798461914062,-0.3616813397276122,1.4551564892315882,-1
2026-05-08,77.45475769042969,151.39285278320312,-0.35174767533925255,1.9770384864911363,-1
2026-05-11,77.69181060791016,146.29161071777344,-0.31658995840718607,3.5346759362137443,-1
2026-05-12,79.0449447631836,148.68067932128906,-0.31449456990716484,3.2744676568428983,-1
2026-05-13,79.27210998535156,146.15452575683594,-0.29557541344180027,3.6188860621688956,-1
2026-05-14,79.45977783203125,145.56704711914062,-0.2894386468294803,3.4092463717860224,-1
2026-05-15,79.82522583007812,146.0076446533203,-0.2876805158663167,3.123625536016667,-1
2026-05-18,80.2005386352539,145.94891357421875,-0.2826130466876178,2.983547637691907,-1
2026-05-19,80.91168212890625,147.2315673828125,-0.2819799881619165,2.757367853340998,-1
2026-05-20,80.5462417602539,146.17410278320312,-0.2797557684152965,2.615056847850146,-1
2026-05-21,80.17090606689453,145.74330139160156,-0.28166223711795,2.3964159435825865,-1
2026-05-22,80.47710418701172,147.42738342285156,-0.2886102713116463,2.0866611221316322,-1
2026-05-26,79.46965026855469,142.6394500732422,-0.27028653266184755,2.3972553865330957,-1
2026-05-27,80.6153793334961,144.6564483642578,-0.26912304983503077,2.2781272408687907,-1
2026-05-28,79.42027282714844,143.23670959472656,-0.2748214575276329,2.0282124560091623,-1
2026-05-29,78.0374984741211,141.18055725097656,-0.2788439083004599,1.8469756380410391,-1
2026-06-01,77.67205810546875,138.56626892089844,-0.2660325181846783,2.030538866701964,-1
2026-06-02,77.44489288330078,139.0362548828125,-0.27213271925015725,1.8102567294458933,-1
2026-06-03,77.79058074951172,139.56497192382812,-0.27123373617860214,1.7525135056791665,-1
2026-06-04,75.87445831298828,139.18312072753906,-0.29360801678281323,1.2282159347001433,-1
2026-06-05,78.50171661376953,140.41990661621094,-0.2678532231580997,1.7060303115034856,-1
2026-06-08,78.56098175048828,139.19300842285156,-0.25887949820018985,1.8094598724483806,-1
2026-06-09,80.33881378173828,141.2708282470703,-0.2503791545006102,1.8919304925815204,-1
2026-06-10,82.56111907958984,142.7945556640625,-0.23314073119234102,2.114137910442825,-1
2026-06-11,81.51417541503906,142.21078491210938,-0.24206595121709906,1.8469582250647818,-1
2026-06-12,81.60306549072266,142.74508666992188,-0.24448824419516324,1.7211351807202968,-1
2026-06-15,80.43006896972656,144.7041473388672,-0.27173316503684397,1.1739032483082725,-1
2026-06-16,79.80380249023438,144.5755157470703,-0.2787172007206449,1.0114525698708727,-1
2026-06-17,79.45587921142578,140.09339904785156,-0.2535915684299681,1.4171997457848562,-1
2026-06-18,78.91908264160156,140.51885986328125,-0.26321041865346384,1.2005247176853084,-1
2026-06-22,79.0582504272461,139.22271728515625,-0.25276960681481686,1.3381746224415754,-1
2026-06-23,79.8336181640625,140.5485382080078,-0.25188656654083985,1.305902260188806,-1
2026-06-24,80.12190246582031,140.76622009277344,-0.24973143843920553,1.2965976724077497,-1
2026-06-25,79.9429702758789,138.0452880859375,-0.23368666061514176,1.5197831128148427,-1
2026-06-26,82.13985443115234,139.89552307128906,-0.2190463279673569,1.7013329481337298,-1
2026-06-29,82.15974426269531,137.2141571044922,-0.2006788854374255,1.92084942688525,-1
2026-06-30,80.78792572021484,133.9688262939453,-0.19509942305343664,1.9218560191062866,-1
2026-07-01,80.80780792236328,139.66795349121094,-0.23387130983341642,1.2414201985739237,-1
2026-07-02,83.64089965820312,142.6956024169922,-0.2194977144702861,1.4235346786595107,-1
2026-07-06,82.46790313720703,141.77542114257812,-0.22756212762702877,1.2479077200056095,-1
2026-07-07,83.55143737792969,143.44757080078125,-0.22549037912179326,1.2381349323377693,-1
2026-07-08,82.9052963256836,141.00367736816406,-0.21716029782529667,1.3262743322482762,-1
2026-07-09,82.13985443115234,136.40283203125,-0.19536680882531865,1.6159066756110096,-1
2026-07-10,82.99475860595703,135.9279022216797,-0.18174605009254563,1.7648445875446888,-1
2026-07-13,83.75025177001953,137.0261688232422,-0.1802211544351202,1.7259893927206247,-1
2026-07-14,82.58719635009766,134.01829528808594,-0.1734180523953528,1.7835970570960042,-1
2026-07-15,81.96092224121094,133.9688262939453,-0.18068436761796303,1.6228772112229166,-1
2026-07-16,84.41627502441406,137.9562225341797,-0.17863549638129506,1.6142388994130297,-1
2026-07-17,81.07620239257812,135.67063903808594,-0.20335975998883793,1.186338960654543,-1
2026-07-20,81.63288879394531,134.0281982421875,-0.18510968594187993,1.458399281243221,-1
2026-07-21,81.48377990722656,133.57305908203125,-0.18375209192583153,1.4466690103168425,-1
2026-07-22,81.71240997314453,134.2161865234375,-0.1854487363192927,1.3842960238015483,-1
2026-07-23,80.68852233886719,133.52359008789062,-0.19321281140439606,1.2260017164411874,-1
2026-07-24,81.76211547851562,135.1957244873047,-0.19165104897123175,1.223113834836202,-1
2026-07-27,83.57131958007812,138.3124237060547,-0.19111039930774165,1.1993638639547386,-1
2026-07-28,87.74639892578125,141.3499755859375,-0.16270576064877318,1.6895688448975656,-1
2026-07-29,88.55160522460938,141.98321533203125,-0.15775747871202128,1.743270094878591,-1
2026-07-30,87.96509552001953,138.7180938720703,-0.14261362249182685,1.9702474014599376,-1
2026-07-31,87.0704345703125,138.08485412597656,-0.14855118202580453,1.8082280433913938,-1
2026-08-03,86.34477233886719,138.1541290283203,-0.1573900449121135,1.6009691804938164,-1
2026-08-04,86.04654693603516,137.62973022460938,-0.15728818196804184,1.5849900600071245,-1
2026-08-05,86.31494903564453,137.3131103515625,-0.15201670249685062,1.668308274525937,-1
2026-08-06,86.33482360839844,136.97669982910156,-0.14948911820174438,1.6684058372221573,-1
2026-08-07,86.53364562988281,137.55056762695312,-0.15110441676612751,1.5873921217274694,-1
2026-08-10,86.3547134399414,136.27420043945312,-0.14444313379491902,1.6653683573740907,-1
2026-08-11,85.96702575683594,136.947021484375,-0.15355540687043678,1.4248534562911395,-1
2026-08-12,86.1956558227539,137.23394775390625,-0.15285963119882773,1.3921806234230985,-1
2026-08-13,86.90144348144531,139.13365173339844,-0.15758054733733928,1.2516876726434911,-1
2026-08-14,87.18972778320312,139.30184936523438,-0.15540018948370804,1.2562493295810997,-1
2026-08-17,86.46405792236328,136.77882385253906,-0.14663940473712156,1.3929873178856476,-1
2026-08-18,88.29314422607422,138.64883422851562,-0.13842352561095872,1.5130482177681226,-1
2026-08-19,89.8140640258789,141.07293701171875,-0.13757758670288123,1.4845043002493112,-1
2026-08-20,89.96318054199219,140.57823181152344,-0.13262862759339722,1.5320702046064252,-1
2026-08-21,90.5596160888672,141.9634246826172,-0.13520404121978746,1.427826986170346,-1
2026-08-24,91.4443359375,143.14085388183594,-0.13321771151445017,1.4226945084496816,-1
2026-08-25,91.0964126586914,140.76622009277344,-0.1213622687297482,1.6170270353506222,-1
2026-08-26,89.54566955566406,140.6870574951172,-0.13800508117739874,1.2284883406787688,-1
2026-08-27,88.5317153930664,138.2431640625,-0.1329808391882965,1.2956404225968672,-1
2026-08-28,89.12816619873047,139.5789031982422,-0.1352721690653409,1.2120267038718462,-1
2026-08-31,88.14402770996094,138.8566131591797,-0.1415163173804901,1.058170797346715,-1
2026-09-01,87.4780044555664,138.3124237060547,-0.14542340920118768,0.9441283277707445,-1
2026-09-02,87.71658325195312,139.0347137451172,-0.14757798959538704,0.8677598029310052,-1
2026-09-03,88.283203125,138.54000854492188,-0.1378007240626289,1.0601835758866058,-1
2026-09-04,87.54759216308594,137.6300048828125,-0.1399958883476522,0.9763372028807852,-1
2026-09-08,87.83586883544922,138.4499969482422,-0.14227194386492403,0.8936544567741819,-1
2026-09-09,87.03067779541016,136.69000244140625,-0.13949915821258685,0.9295156906675431,-1
2026-09-10,87.30902099609375,136.64999389648438,-0.13603187382155468,0.9935702458387539,-1
2026-09-11,87.76628875732422,136.32000732421875,-0.12854381200005438,1.170662705812302,-1
2026-09-14,88.81999969482422,136.33999633789062,-0.11674675882308172,1.4464304268004158,-1
2026-09-15,88.70999908447266,135.5,-0.112197929456479,1.5499068713300006,-1
2026-09-16,87.87000274658203,134.33999633789062,-0.11365969340437232,1.4877844773027098,-1
2026-09-17,88.05999755859375,133.66000366210938,-0.10674712514680174,1.6600098543323922,-1
2026-09-18,88.25,129.75,-0.07678540781739507,2.4468581590710117,-1
2026-09-21,87.12000274658203,129.58999633789062,-0.08851693808365368,2.041393248850329,-1
2026-09-22,88.61000061035156,131.19000244140625,-0.08305138660309108,2.1072472963695503,-1
2026-09-23,88.08999633789062,130.17999267578125,-0.0816987790020196,2.0411050643296513,-1
2026-09-24,88.0999984741211,128.14999389648438,-0.06686558125791375,2.3096346762436193,-1
2026-09-25,87.80999755859375,128.6300048828125,-0.07366426944984283,2.064981433887784,-1
2026-09-28,87.18000030517578,128.5,-0.07991762654557988,1.835711579725348,-1
2026-09-29,86.83999633789062,128.69000244140625,-0.08520907314248927,1.6575763756819721,-1
2026-09-30,86.08000183105469,126.72000122070312,-0.07955134660526042,1.7763373046250959,-1
2026-10-01,86.0999984741211,125.5999984741211,-0.07100453227175674,1.958678077602244,-1
2026-10-02,85.6500015258789,125.88999938964844,-0.07840464841937678,1.687768145703301,-1
2026-10-05,86.51000213623047,125.6500015258789,-0.0666266720039781,1.927013864436719,-1
2026-10-06,86.16999816894531,125.70999908447266,-0.07101174352785122,1.7316148711575472,-1
