Date,KO,PEP
2018-01-02,34.81647491455078,89.69091033935547
2018-01-03,34.74001693725586,89.45541381835938
2018-01-04,35.22932815551758,89.89604187011719
2018-01-05,35.22166061401367,90.15433502197266
2018-01-08,35.168155670166016,89.63773345947266
2018-01-09,35.34400177001953,89.70611572265625
2018-01-10,35.22166061401367,89.25027465820312
2018-01-11,35.19874572753906,88.79447174072266
2018-01-12,35.28282928466797,89.17431640625
2018-01-16,35.5733528137207,89.53897094726562
2018-01-17,35.79507064819336,90.54177856445312
2018-01-18,35.84093475341797,90.44304656982422
2018-01-19,36.054996490478516,91.29388427734375
2018-01-22,36.22319030761719,92.31192779541016
2018-01-23,36.276702880859375,92.15235137939453
2018-01-24,36.567237854003906,92.03081512451172
2018-01-25,36.57487487792969,91.84847259521484
2018-01-26,37.10240173339844,92.5018310546875
2018-01-29,36.467838287353516,90.9140396118164
2018-01-30,36.246131896972656,91.08118438720703
2018-01-31,36.38374328613281,91.39266967773438
2018-02-01,36.276702880859375,91.39266967773438
2018-02-02,35.726261138916016,90.15433502197266
2018-02-05,34.31953430175781,86.95597076416016
2018-02-06,34.15133285522461,86.27223205566406
2018-02-07,34.06724548339844,86.22666931152344
2018-02-08,32.95103073120117,83.6816177368164
2018-02-09,32.973968505859375,84.46412658691406
2018-02-12,33.616172790527344,85.03388977050781
2018-02-13,33.78436279296875,85.19346618652344
2018-02-14,33.715553283691406,82.89154815673828
2018-02-15,34.23542404174805,84.30461883544922
2018-02-16,34.388336181640625,84.37296295166016
2018-02-20,33.63145446777344,83.17263793945312
2018-02-21,33.134525299072266,82.04824829101562
2018-02-22,33.27213668823242,83.00550079345703
2018-02-23,33.66968536376953,83.32455444335938
2018-02-26,33.66204071044922,84.28181457519531
2018-02-27,33.34858703613281,84.24382781982422
2018-02-28,33.04277038574219,83.362548828125
2018-03-01,33.20332336425781,82.7464828491211
2018-03-02,33.425045013427734,83.45057678222656
2018-03-05,33.554996490478516,83.74906921386719
2018-03-06,33.58558654785156,83.86385345458984
2018-03-07,33.50148391723633,84.06282806396484
2018-03-08,33.98313903808594,85.77715301513672
2018-03-09,34.266021728515625,86.12919616699219
2018-03-12,34.0443000793457,86.2899169921875
2018-03-13,34.07487869262695,86.94044494628906
2018-03-14,33.766353607177734,86.18277740478516
2018-03-15,33.68152618408203,85.708251953125
2018-03-16,33.51957321166992,85.44042205810547
2018-03-19,33.36530685424805,84.46083068847656
2018-03-20,33.28818893432617,84.10874938964844
2018-03-21,33.16477966308594,83.22097778320312
2018-03-22,32.97967529296875,82.6087417602539
2018-03-23,32.64802551269531,81.23880004882812
2018-03-26,32.925682067871094,81.743896484375
2018-03-27,33.07994079589844,82.37911987304688
2018-03-28,33.41157913208008,83.5577163696289
2018-03-29,33.49642562866211,83.53478240966797
2018-04-02,32.91025161743164,81.92758178710938
2018-04-03,33.45787048339844,82.80004119873047
2018-04-04,34.12114715576172,84.32301330566406
2018-04-05,34.24455642700195,84.62151336669922
2018-04-06,33.874351501464844,83.6495361328125
2018-04-09,33.8049430847168,83.71078491210938
2018-04-10,33.928340911865234,83.7260971069336
2018-04-11,33.928340911865234,83.17506408691406
2018-04-12,33.95919418334961,82.89189147949219
2018-04-13,34.32939910888672,83.61894989013672
2018-04-16,34.46052169799805,84.12405395507812
2018-04-17,34.61478042602539,83.32048034667969
2018-04-18,34.32939910888672,81.8740234375
2018-04-19,34.17515182495117,80.79491424560547
2018-04-20,33.73551559448242,78.43006896972656
2018-04-23,33.92061996459961,78.5066146850586
2018-04-24,33.21876525878906,77.63414764404297
2018-04-25,32.725154876708984,77.4122085571289
2018-04-26,32.971954345703125,79.02702331542969
2018-04-27,33.403873443603516,77.84077453613281
2018-04-30,33.32674026489258,77.25148010253906
2018-05-01,32.84855651855469,75.86625671386719
2018-05-02,32.439781188964844,74.41213989257812
2018-05-03,32.30866622924805,74.69532012939453
2018-05-04,32.67115783691406,75.75910949707031
2018-05-07,32.50148391723633,75.1774673461914
2018-05-08,32.24696731567383,74.07537841796875
2018-05-09,32.22382354736328,73.59324645996094
2018-05-10,32.53232955932617,74.44271850585938
2018-05-11,32.50148391723633,74.5652084350586
2018-05-14,32.42435073852539,74.3509292602539
2018-05-15,32.17754364013672,74.08307647705078
2018-05-16,32.046424865722656,74.38151550292969
2018-05-17,32.6248893737793,74.94021606445312
2018-05-18,32.53232955932617,74.62643432617188
2018-05-21,32.7097282409668,76.1570816040039
2018-05-22,32.58633041381836,76.47850799560547
2018-05-23,32.7020149230957,76.87647247314453
2018-05-24,32.64031982421875,76.66984558105469
2018-05-25,32.7020149230957,76.76931762695312
2018-05-29,32.91796875,77.37393188476562
2018-05-30,33.265045166015625,77.93262481689453
2018-05-31,33.16477966308594,77.42903900146484
2018-06-01,33.25733184814453,77.42903900146484
2018-06-04,33.542701721191406,77.32862854003906
2018-06-05,33.24961471557617,77.39814758300781
2018-06-06,33.51957321166992,77.87700653076172
2018-06-07,33.50413513183594,78.13189697265625
2018-06-08,33.897483825683594,79.15911102294922
2018-06-11,34.036319732666016,79.7152328491211
2018-06-12,34.25227355957031,80.69609832763672
2018-06-13,34.07488250732422,81.30628204345703
2018-06-14,33.91147232055664,81.19815826416016
2018-06-15,34.3316650390625,83.11360168457031
2018-06-18,33.88812255859375,81.3912582397461
2018-06-19,33.927032470703125,81.83921813964844
2018-06-20,33.66246032714844,81.72335815429688
2018-06-21,33.530181884765625,82.82781219482422
2018-06-22,33.654685974121094,83.70059204101562
2018-06-25,33.91147232055664,84.17948150634766
2018-06-26,33.7169303894043,83.45343017578125
2018-06-27,33.514617919921875,83.62334442138672
2018-06-28,33.82587432861328,83.94003295898438
2018-06-29,34.129356384277344,84.0867691040039
2018-07-02,34.043758392333984,84.59652709960938
2018-07-03,34.23051452636719,84.03271484375
2018-07-05,34.751861572265625,84.61197662353516
2018-07-06,34.736305236816406,84.61970520019531
2018-07-09,34.5495491027832,83.22945404052734
2018-07-10,34.99309158325195,87.19164276123047
2018-07-11,34.853023529052734,86.92132568359375
2018-07-12,34.759647369384766,86.1412582397461
2018-07-13,34.81410598754883,87.03718566894531
2018-07-16,34.806339263916016,87.2457275390625
2018-07-17,35.21097183227539,88.7286605834961
2018-07-18,35.10980987548828,88.69004821777344
2018-07-19,35.102027893066406,89.4160385131836
2018-07-20,35.23432159423828,89.60143280029297
2018-07-23,34.9775276184082,88.3501968383789
2018-07-24,35.218753814697266,88.62052154541016
2018-07-25,35.86461639404297,88.98352813720703
2018-07-26,35.9813232421875,88.82133483886719
2018-07-27,35.957984924316406,88.26522827148438
2018-07-30,35.973548889160156,88.18798065185547
2018-07-31,36.284812927246094,88.82133483886719
2018-08-01,36.098045349121094,87.74774932861328
2018-08-02,35.93463134765625,88.58190155029297
2018-08-03,36.27701950073242,89.82540130615234
2018-08-06,36.300376892089844,90.6595458984375
2018-08-07,36.183650970458984,88.21890258789062
2018-08-08,35.911293029785156,87.65509033203125
2018-08-09,36.066925048828125,87.8172607421875
2018-08-10,35.85683059692383,87.17620849609375
2018-08-13,35.66228103637695,87.29206085205078
2018-08-14,35.708980560302734,87.35384368896484
2018-08-15,35.85683059692383,87.62417602539062
2018-08-16,35.96575927734375,88.24205780029297
2018-08-17,36.26146697998047,88.79044342041016
2018-08-20,36.36262130737305,88.69776916503906
2018-08-21,35.96575927734375,87.83272552490234
2018-08-22,35.7401123046875,86.68963623046875
2018-08-23,35.561126708984375,86.4501724243164
2018-08-24,35.506656646728516,86.62010955810547
2018-08-27,35.55335998535156,86.8209228515625
2018-08-28,35.304344177246094,85.86319732666016
2018-08-29,35.273216247558594,86.54287719726562
2018-08-30,34.9775276184082,86.4733657836914
2018-08-31,34.68183517456055,86.51200103759766
2018-09-04,34.829681396484375,85.73189544677734
2018-09-05,35.3121337890625,87.3692855834961
2018-09-06,35.6156005859375,88.38792419433594
2018-09-07,35.576690673828125,87.79606628417969
2018-09-10,35.841270446777344,88.4424057006836
2018-09-11,35.81013870239258,88.25552368164062
2018-09-12,35.9813232421875,88.66047668457031
2018-09-13,35.96563720703125,89.5482406616211
2018-09-14,36.0911979675293,89.22115325927734
2018-09-17,36.350162506103516,89.86753845214844
2018-09-18,36.04410934448242,88.76171112060547
2018-09-19,36.067649841308594,88.59817504882812
2018-09-20,36.601287841796875,89.72737121582031
2018-09-21,36.554195404052734,89.4859390258789
2018-09-24,36.15397644042969,87.4300308227539
2018-09-25,35.84792709350586,87.1964340209961
2018-09-26,35.9813232421875,86.8304214477539
2018-09-27,36.106895446777344,86.47998046875
2018-09-28,36.24814987182617,87.06402587890625
2018-10-01,36.279537200927734,86.21519470214844
2018-10-02,36.49927520751953,84.66547393798828
2018-10-03,35.99702835083008,83.73098754882812
2018-10-04,35.9813232421875,83.02234649658203
2018-10-05,36.004878997802734,82.92886352539062
2018-10-08,36.475730895996094,84.25273132324219
2018-10-09,36.40509796142578,84.1982421875
2018-10-10,35.84792709350586,83.59081268310547
2018-10-11,35.03178024291992,81.8152847290039
2018-10-12,35.06317138671875,81.98661041259766
2018-10-15,35.24365234375,82.25914764404297
2018-10-16,35.69882583618164,83.62977600097656
2018-10-17,35.98917007446289,84.34622192382812
2018-10-18,35.792991638183594,84.0502700805664
2018-10-19,36.3580207824707,85.88814544677734
2018-10-22,36.075496673583984,85.19503021240234
2018-10-23,36.381553649902344,85.76351928710938
2018-10-24,36.67192840576172,87.9674072265625
2018-10-25,36.49927520751953,87.88172912597656
2018-10-26,36.036258697509766,86.0127182006836
2018-10-29,36.46003341674805,87.91284942626953
2018-10-30,37.37820053100586,88.59817504882812
2018-10-31,37.574398040771484,87.51569366455078
2018-11-01,37.46452713012695,86.83818817138672
2018-11-02,37.66857147216797,86.57343292236328
2018-11-05,38.21005630493164,89.08100128173828
2018-11-06,38.539649963378906,89.71957397460938
2018-11-07,38.74369430541992,90.03104400634766
2018-11-08,38.712303161621094,90.38148498535156
2018-11-09,38.986968994140625,91.48731994628906
2018-11-12,39.13606643676758,91.09016418457031
2018-11-13,39.12822341918945,91.22256469726562
2018-11-14,39.04975509643555,90.8409652709961
2018-11-15,39.034053802490234,90.957763671875
2018-11-16,39.37150192260742,92.16483306884766
2018-11-19,39.63833236694336,92.6788101196289
2018-11-20,38.75153350830078,90.33478546142578
2018-11-21,38.241432189941406,89.77406311035156
2018-11-23,38.46902847290039,89.87529754638672
2018-11-26,38.35131072998047,90.22573852539062
2018-11-27,38.74369430541992,90.67742156982422
2018-11-28,39.01051330566406,92.2816162109375
2018-11-29,38.741580963134766,92.10252380371094
2018-11-30,39.864749908447266,94.96055603027344
2018-12-03,39.303165435791016,92.65544128417969
2018-12-04,39.216163635253906,91.73652648925781
2018-12-06,39.05796813964844,91.7114028930664
2018-12-07,38.828590393066406,90.91080474853516
2018-12-10,38.947242736816406,91.20120239257812
2018-12-11,39.18452072143555,92.06463623046875
2018-12-12,38.93141555786133,91.83699798583984
2018-12-13,39.12915802001953,92.89665222167969
2018-12-14,39.02634048461914,89.44295501708984
2018-12-17,38.22745895385742,88.59522247314453
2018-12-18,38.21954345703125,87.7867431640625
2018-12-19,37.8873405456543,86.37385559082031
2018-12-20,37.60258865356445,86.5073013305664
2018-12-21,37.62632369995117,85.88721466064453
2018-12-24,36.35285568237305,83.2262954711914
2018-12-26,37.128013610839844,85.03163146972656
2018-12-27,37.59467697143555,85.88721466064453
2018-12-28,37.333656311035156,86.62506866455078
2018-12-31,37.45231246948242,86.71924591064453
2019-01-02,37.12009811401367,85.77732849121094
2019-01-03,36.890716552734375,84.97669219970703
2019-01-04,37.62632369995117,86.71924591064453
2019-01-07,37.13591766357422,85.97355651855469
2019-01-08,37.55513381958008,86.7977294921875
2019-01-09,36.83534240722656,84.372314453125
2019-01-10,37.23084259033203,84.89036560058594
2019-01-11,37.44438552856445,84.89820098876953
2019-01-14,37.29410934448242,84.23886108398438
2019-01-15,37.62632369995117,85.54969024658203
2019-01-16,37.11219787597656,85.03949737548828
2019-01-17,37.22291946411133,85.73021697998047
2019-01-18,37.657962799072266,86.39739990234375
2019-01-22,37.74496841430664,86.27184295654297
2019-01-23,38.179996490478516,86.91547393798828
2019-01-24,37.72123718261719,85.95000457763672
2019-01-25,37.46812438964844,85.83229064941406
2019-01-28,37.30992889404297,85.416259765625
2019-01-29,37.491851806640625,85.55753326416016
2019-01-30,37.85570526123047,86.9861068725586
2019-01-31,38.06926727294922,88.43824768066406
2019-02-01,38.52011489868164,88.06148529052734
2019-02-04,38.955142974853516,88.7679214477539
2019-02-05,38.96305465698242,88.61878204345703
2019-02-06,38.96305465698242,88.73651885986328
2019-02-07,39.08960723876953,88.7679214477539
2019-02-08,39.152889251708984,88.71295166015625
2019-02-11,39.239891052246094,88.67369842529297
2019-02-12,39.27943420410156,89.3173599243164
2019-02-13,39.382266998291016,89.57640838623047
2019-02-14,36.06019973754883,88.37542724609375
2019-02-15,35.783363342285156,90.98141479492188
2019-02-19,35.45905685424805,90.99712371826172
2019-02-20,35.67263412475586,90.91861724853516
2019-02-21,36.27375793457031,91.13055419921875
2019-02-22,35.814998626708984,91.64860534667969
2019-02-25,35.54606628417969,91.09915161132812
2019-02-26,35.348323822021484,91.02851867675781
2019-02-27,35.54606628417969,90.55755615234375
2019-02-28,35.862457275390625,91.50554656982422
2019-03-01,35.89410400390625,91.9328384399414
2019-03-04,36.107666015625,91.92493438720703
2019-03-05,36.068115234375,91.81413269042969
2019-03-06,35.94947052001953,92.3126449584961
2019-03-07,35.814998626708984,91.86953735351562
2019-03-08,35.46696853637695,91.18110656738281
2019-03-11,36.52688217163086,92.25726318359375
2019-03-12,36.424049377441406,92.24143981933594
2019-03-13,36.558509826660156,92.24933624267578
2019-03-14,36.46276092529297,91.39474487304688
2019-03-15,36.143611907958984,91.5213623046875
2019-03-18,36.23138427734375,92.79534149169922
2019-03-19,36.3510627746582,93.4441909790039
2019-03-20,36.327125549316406,93.62620544433594
2019-03-21,36.311180114746094,94.51246643066406
2019-03-22,36.646278381347656,95.52533721923828
2019-03-25,36.726070404052734,95.6281967163086
2019-03-26,37.212764739990234,96.55401611328125
2019-03-27,37.18883514404297,96.45114135742188
2019-03-28,37.16489028930664,96.41156768798828
2019-03-29,37.3882942199707,96.973388671875
2019-04-01,37.27660369873047,96.5381851196289
2019-04-02,37.15691375732422,96.2849349975586
2019-04-03,36.84574890136719,96.19001770019531
2019-04-04,37.08510971069336,96.11881256103516
2019-04-05,37.07712936401367,96.23748779296875
2019-04-08,37.140960693359375,96.5381851196289
2019-04-09,37.23670196533203,96.6727066040039
2019-04-10,37.212764739990234,96.56983184814453
2019-04-11,37.26861572265625,96.27704620361328
2019-04-12,37.29255294799805,96.72018432617188
2019-04-15,37.5,97.85173797607422
2019-04-16,37.46009826660156,96.86261749267578
2019-04-17,37.72340393066406,100.50257873535156
2019-04-18,37.88297653198242,100.56587219238281
2019-04-22,37.81915283203125,100.05154418945312
2019-04-23,38.465423583984375,100.56587219238281
2019-04-24,38.28190994262695,100.43133544921875
2019-04-25,38.170204162597656,99.80621337890625
2019-04-26,38.50532150268555,100.01988983154297
2019-04-29,38.63298034667969,100.24935913085938
2019-04-30,39.143619537353516,101.32553100585938
2019-05-01,38.76861572265625,100.68458557128906
2019-05-02,38.60903549194336,100.36014556884766
2019-05-03,38.87234115600586,101.02484130859375
2019-05-06,38.67286682128906,100.70829010009766
2019-05-07,38.29787063598633,99.68753814697266
2019-05-08,38.17819595336914,99.71918487548828
2019-05-09,37.81915283203125,99.742919921875
2019-05-10,38.4494743347168,101.29386901855469
2019-05-13,38.3377685546875,100.62126922607422
2019-05-14,38.84840774536133,100.819091796875
2019-05-15,39.23936462402344,102.35421752929688
2019-05-16,39.55851745605469,103.08220672607422
2019-05-17,39.25532150268555,103.27210235595703
2019-05-20,38.97605895996094,102.86064910888672
2019-05-21,38.7765998840332,102.11680603027344
2019-05-22,39.61436462402344,102.9239501953125
2019-05-23,39.773929595947266,102.84481048583984
2019-05-24,39.58244323730469,102.4729232788086
2019-05-28,39.175537109375,100.9931640625
2019-05-29,38.784576416015625,101.42048645019531
2019-05-30,39.29521179199219,101.7686538696289
2019-05-31,39.19948196411133,101.28595733642578
2019-06-03,39.87765884399414,102.06143188476562
2019-06-04,39.89361572265625,102.13265228271484
2019-06-05,40.515953063964844,103.96844482421875
2019-06-06,41.01063537597656,105.19993591308594
2019-06-07,41.08244323730469,106.38764190673828
2019-06-10,40.994686126708984,106.48326873779297
2019-06-11,40.95478439331055,106.17240905761719
2019-06-12,41.202125549316406,106.12457275390625
2019-06-13,41.113677978515625,105.96515655517578
2019-06-14,41.25841522216797,105.79776000976562
2019-06-17,40.90461349487305,105.63037872314453
2019-06-18,40.719661712646484,105.26372528076172
2019-06-19,41.10564041137695,105.8934326171875
2019-06-20,41.539852142333984,106.9375991821289
2019-06-21,41.4514045715332,106.7781982421875
2019-06-24,41.74890899658203,106.92166900634766
2019-06-25,41.62025833129883,106.65861511230469
2019-06-26,41.10564041137695,105.47097778320312
2019-06-27,41.0734748840332,104.96879577636719
2019-06-28,40.94480514526367,104.52244567871094
2019-07-01,41.491600036621094,105.11225891113281
2019-07-02,41.79715347290039,105.55865478515625
2019-07-03,41.893653869628906,106.8021011352539
2019-07-05,41.90169143676758,106.0289535522461
2019-07-08,41.81324005126953,105.66226959228516
2019-07-09,41.48356246948242,105.00865936279297
2019-07-10,41.66850662231445,107.13689422607422
2019-07-11,41.845401763916016,107.08907318115234
2019-07-12,41.90974044799805,106.2361831665039
2019-07-15,41.91777420043945,106.92963409423828
2019-07-16,41.925819396972656,106.6506576538086
2019-07-17,41.957984924316406,105.83763122558594
2019-07-18,41.837371826171875,105.91731262207031
2019-07-19,41.32274627685547,103.6934585571289
2019-07-22,41.18604278564453,103.84490966796875
2019-07-23,43.686805725097656,104.21157836914062
2019-07-24,43.244537353515625,102.99201965332031
2019-07-25,42.67362594604492,102.81666564941406
2019-07-26,43.55813980102539,104.59415435791016
2019-07-29,43.41341018676758,104.84123992919922
2019-07-30,43.19629669189453,104.00432586669922
2019-07-31,42.31983184814453,101.87609100341797
2019-08-01,41.837371826171875,101.34202575683594
2019-08-02,42.078609466552734,101.96376037597656
2019-08-05,41.531803131103516,99.15802001953125
2019-08-06,42.03034973144531,100.79203033447266
2019-08-07,42.7620849609375,101.8521499633789
2019-08-08,43.17216873168945,103.19925689697266
2019-08-09,42.95506286621094,102.50579071044922
2019-08-12,42.77817153930664,102.3065185546875
2019-08-13,43.0193977355957,103.56593322753906
2019-08-14,42.609310150146484,102.92028045654297
2019-08-15,43.31690979003906,104.19562530517578
2019-08-16,43.751129150390625,105.02459716796875
2019-08-19,43.97626495361328,105.67024993896484
2019-08-20,43.32495880126953,105.26372528076172
2019-08-21,43.50185775756836,105.48688507080078
2019-08-22,43.815460205078125,105.74198913574219
2019-08-23,43.2123908996582,103.83692932128906
2019-08-26,43.85566711425781,106.60284423828125
2019-08-27,44.00040054321289,107.41585540771484
2019-08-28,44.314002990722656,107.75861358642578
2019-08-29,44.26575469970703,108.42020416259766
2019-08-30,44.25770568847656,108.98614501953125
2019-09-03,44.46677780151367,109.5680160522461
2019-09-04,44.84470748901367,110.9150619506836
2019-09-05,44.32204055786133,109.1373291015625
2019-09-06,44.41048812866211,110.2529296875
2019-09-09,43.839576721191406,109.47441101074219
2019-09-10,43.74309158325195,109.0410385131836
2019-09-11,44.04059982299805,109.44232177734375
2019-09-12,44.314002990722656,110.18873596191406
2019-09-13,43.94949722290039,109.50651550292969
2019-09-16,43.70652389526367,108.25448608398438
2019-09-17,43.933311462402344,108.91262817382812
2019-09-18,43.925201416015625,108.7520980834961
2019-09-19,44.16010284423828,108.73604583740234
2019-09-20,43.666019439697266,108.1180419921875
2019-09-23,43.85231399536133,108.70394134521484
2019-09-24,43.981910705566406,108.63972473144531
2019-09-25,43.876609802246094,108.42304992675781
2019-09-26,44.054805755615234,108.92865753173828
2019-09-27,43.990013122558594,108.83235931396484
2019-09-30,44.09530258178711,110.03623962402344
2019-10-01,44.26540756225586,110.2529296875
2019-10-02,42.993736267089844,107.50005340576172
2019-10-03,43.609317779541016,110.70240783691406
2019-10-04,44.176307678222656,112.5885238647461
2019-10-07,43.63361358642578,111.03147888183594
2019-10-08,43.398719787597656,110.14862823486328
2019-10-09,43.601219177246094,110.63819885253906
2019-10-10,43.46352005004883,110.67029571533203
2019-10-11,43.171932220458984,110.46964263916016
2019-10-14,43.171932220458984,110.31713104248047
2019-10-15,43.3420295715332,109.41824340820312
2019-10-16,43.325828552246094,109.490478515625
2019-10-17,43.568817138671875,109.92387390136719
2019-10-18,44.37070083618164,109.3540267944336
2019-10-21,43.925201416015625,109.24969482421875
2019-10-22,43.617408752441406,109.68309783935547
2019-10-23,44.25729751586914,110.31713104248047
2019-10-24,44.233001708984375,110.67029571533203
2019-10-25,43.53641891479492,109.66703796386719
2019-10-28,43.39061737060547,109.61088562011719
2019-10-29,43.26102066040039,109.21761322021484
2019-10-30,43.69031524658203,109.87571716308594
2019-10-31,44.08720016479492,110.09241485595703
2019-11-01,43.65791702270508,109.8998031616211
2019-11-04,43.042327880859375,108.47920989990234
2019-11-05,42.45914077758789,107.55622100830078
2019-11-06,42.76694107055664,107.9013442993164
2019-11-07,42.353851318359375,107.00242614746094
2019-11-08,42.289039611816406,106.84992980957031
2019-11-11,41.989356994628906,106.25599670410156
2019-11-12,41.884056091308594,105.92693328857422
2019-11-13,42.4510383605957,106.97835540771484
2019-11-14,42.629241943359375,107.01044464111328
2019-11-15,42.6616325378418,107.39567565917969
2019-11-18,42.953224182128906,107.59634399414062
2019-11-19,42.993736267089844,108.00566864013672
2019-11-20,43.10712814331055,107.33952331542969
2019-11-21,42.89654541015625,107.4759521484375
2019-11-22,42.953224182128906,107.60437774658203
2019-11-25,43.10712814331055,107.41175842285156
2019-11-26,43.65791702270508,108.91262817382812
2019-11-27,43.69841766357422,109.0811767578125
2019-11-29,43.57600784301758,109.01695251464844
2019-12-02,43.86162185668945,109.05708312988281
2019-12-03,43.902435302734375,108.7199935913086
2019-12-04,44.302284240722656,110.19678497314453
2019-12-05,44.220672607421875,110.19271850585938
2019-12-06,44.408363342285156,111.01713562011719
2019-12-09,44.12274932861328,110.85548400878906
2019-12-10,43.8779411315918,110.13616180419922
2019-12-11,44.02482986450195,110.8069839477539
2019-12-12,44.179874420166016,110.87164306640625
2019-12-13,44.408363342285156,111.48588562011719
2019-12-16,44.408363342285156,110.77464294433594
2019-12-17,44.408363342285156,110.05532836914062
2019-12-18,43.99219512939453,109.8936996459961
2019-12-19,44.32676315307617,110.29777526855469
2019-12-20,44.85718536376953,111.46969604492188
2019-12-23,44.80821228027344,110.75847625732422
2019-12-24,44.64500427246094,110.63725280761719
2019-12-26,44.89797592163086,110.4756088256836
2019-12-27,45.16726303100586,111.16259765625
2019-12-30,45.10198211669922,110.57259368896484
2019-12-31,45.16726303100586,110.45945739746094
2020-01-02,44.873504638671875,109.7724609375
2020-01-03,44.628684997558594,109.61890411376953
2020-01-06,44.61236572265625,110.0391616821289
2020-01-07,44.269630432128906,108.3095703125
2020-01-08,44.35123825073242,108.86724853515625
2020-01-09,45.15911102294922,108.93998718261719
2020-01-10,45.314151763916016,108.72984313964844
2020-01-13,45.80378723144531,110.3463134765625
2020-01-14,45.697689056396484,110.60491180419922
2020-01-15,46.268917083740234,112.50424194335938
2020-01-16,46.36684036254883,112.8355941772461
2020-01-17,46.464744567871094,114.16915893554688
2020-01-21,46.65243911743164,114.65409851074219
2020-01-22,47.01148986816406,115.88258361816406
2020-01-23,47.1910285949707,116.1008529663086
2020-01-24,47.0686149597168,115.51081848144531
2020-01-27,46.905418395996094,114.8803939819336
2020-01-28,46.52186965942383,115.12286376953125
2020-01-29,46.52186965942383,114.54901885986328
2020-01-30,48.03152847290039,116.24629974365234
2020-01-31,47.65616226196289,114.78340911865234
2020-02-03,47.80305099487305,115.179443359375
2020-02-04,48.01522445678711,115.7532958984375
2020-02-05,48.023380279541016,116.62617492675781
2020-02-06,48.13762283325195,116.65038299560547
2020-02-07,48.30082321166992,117.49093627929688
2020-02-10,48.75779342651367,117.72530364990234
2020-02-11,48.62724685668945,118.06478881835938
2020-02-12,48.4803466796875,118.06478881835938
2020-02-13,48.64356231689453,118.37999725341797
2020-02-14,48.92101287841797,118.80026245117188
2020-02-18,48.57826614379883,117.67681884765625
2020-02-19,48.77411651611328,117.62025451660156
2020-02-20,48.73331832885742,117.32123565673828
2020-02-21,49.06789779663086,117.87889862060547
2020-02-24,47.860164642333984,115.2845230102539
2020-02-25,47.182861328125,114.03985595703125
2020-02-26,47.003334045410156,114.7510757446289
2020-02-27,44.82454299926758,110.21697235107422
2020-02-28,43.64945983886719,106.70927429199219
2020-03-02,45.63240432739258,111.1949234008789
2020-03-03,45.74665832519531,109.5784683227539
2020-03-04,48.08049774169922,115.08247375488281
2020-03-05,46.301551818847656,112.36885833740234
2020-03-06,45.09383010864258,111.68534851074219
2020-03-09,42.3193244934082,105.90825653076172
2020-03-10,43.78818130493164,109.14669036865234
2020-03-11,42.60492706298828,105.57462310791016
2020-03-12,38.48398208618164,93.84956359863281
2020-03-13,39.899864196777344,103.70318603515625
2020-03-16,37.25743103027344,92.01878356933594
2020-03-17,38.83795166015625,103.92285919189453
2020-03-18,36.9199333190918,98.38988494873047
2020-03-19,34.433895111083984,95.47691345214844
2020-03-20,31.528053283691406,84.56549835205078
2020-03-23,30.918895721435547,85.58258819580078
2020-03-24,32.474727630615234,92.62904357910156
2020-03-25,34.25279998779297,91.53871154785156
2020-03-26,36.45894241333008,97.85282897949219
2020-03-27,35.24062728881836,98.01557159423828
2020-03-30,37.04341125488281,102.1002426147461
2020-03-31,36.4260139465332,97.7226333618164
2020-04-01,34.6726188659668,96.111572265625
2020-04-02,36.17905807495117,100.7820816040039
2020-04-03,36.08028030395508,101.37606811523438
2020-04-06,38.41813659667969,106.7219467163086
2020-04-07,38.28641891479492,106.16862487792969
2020-04-08,39.36479568481445,107.9017562866211
2020-04-09,40.33614730834961,108.73173522949219
2020-04-13,38.63216018676758,106.50222778320312
2020-04-14,40.270294189453125,112.61296081542969
2020-04-15,39.19191360473633,109.87086486816406
2020-04-16,38.772098541259766,110.36717987060547
2020-04-17,39.56235122680664,111.92132568359375
2020-04-20,38.302879333496094,109.48030090332031
2020-04-21,37.35621643066406,106.54292297363281
2020-04-22,37.60316848754883,107.909912109375
2020-04-23,37.10103225708008,105.98959350585938
2020-04-24,37.397369384765625,109.32567596435547
2020-04-27,38.508689880371094,109.40706634521484
2020-04-28,38.47574996948242,110.92050170898438
2020-04-29,38.7885627746582,108.51200866699219
2020-04-30,37.77604293823242,107.64137268066406
2020-05-01,37.53731155395508,105.8919677734375
2020-05-04,37.15864944458008,106.5266342163086
2020-05-05,37.3726806640625,107.13690185546875
2020-05-06,36.837608337402344,106.41272735595703
2020-05-07,36.71413040161133,107.03927612304688
2020-05-08,37.95713806152344,109.21992492675781
2020-05-11,37.4879264831543,109.34197235107422
2020-05-12,36.89523696899414,108.17025756835938
2020-05-13,36.17082595825195,108.18656158447266
2020-05-14,35.973262786865234,108.2841796875
2020-05-15,35.611053466796875,110.61946105957031
2020-05-18,37.01871871948242,110.26956176757812
2020-05-19,36.66474151611328,107.18572235107422
2020-05-20,37.77604293823242,106.80329895019531
2020-05-21,37.18335723876953,105.94892883300781
2020-05-22,37.068111419677734,106.16862487792969
2020-05-26,37.940677642822266,105.57462310791016
2020-05-27,38.4675178527832,106.43712615966797
2020-05-28,38.76387023925781,107.64137268066406
2020-05-29,38.426361083984375,107.03927612304688
2020-06-01,38.68154525756836,108.21095275878906
2020-06-02,38.607460021972656,107.91802978515625
2020-06-03,39.43065643310547,108.0726318359375
2020-06-04,39.44710159301758,107.06652069091797
2020-06-05,40.41024398803711,108.59990692138672
2020-06-08,41.035865783691406,108.41129302978516
2020-06-09,40.33614730834961,109.03449249267578
2020-06-10,40.02334976196289,109.98567962646484
2020-06-11,37.4879264831543,104.82793426513672
2020-06-12,37.87833786010742,105.77910614013672
2020-06-15,38.459808349609375,106.9926986694336
2020-06-16,38.850215911865234,107.9684829711914
2020-06-17,38.69239044189453,108.04227447509766
2020-06-18,39.032958984375,108.8786849975586
2020-06-19,38.22721862792969,107.64871215820312
2020-06-22,37.99462890625,107.46009826660156
2020-06-23,37.91157150268555,107.71429443359375
2020-06-24,37.08920669555664,106.23831176757812
2020-06-25,37.321807861328125,107.75528717041016
2020-06-26,36.19208908081055,105.72171783447266
2020-06-29,36.84831237792969,107.48470306396484
2020-06-30,37.11412811279297,108.45226287841797
2020-07-01,37.23041915893555,108.53426361083984
2020-07-02,37.280269622802734,108.93610382080078
2020-07-06,37.57099533081055,109.30506896972656
2020-07-07,37.55437469482422,109.52647399902344
2020-07-08,37.438087463378906,110.05949401855469
2020-07-09,36.474517822265625,108.82129669189453
2020-07-10,37.504539489746094,110.25627899169922
2020-07-13,37.58760070800781,110.62525939941406
2020-07-14,38.102622985839844,111.12547302246094
2020-07-15,38.54287338256836,109.6248779296875
2020-07-16,38.335208892822266,109.78067016601562
2020-07-17,38.891746520996094,110.42024993896484
2020-07-20,38.31028747558594,109.1492919921875
2020-07-21,39.207393646240234,110.2316665649414
2020-07-22,40.27065658569336,111.52725219726562
2020-07-23,40.104515075683594,112.40465545654297
2020-07-24,40.278961181640625,111.56826782226562
2020-07-27,40.27065658569336,112.88846588134766
2020-07-28,40.02145767211914,112.65067291259766
2020-07-29,39.888545989990234,113.1016616821289
2020-07-30,39.61442947387695,112.90486145019531
2020-07-31,39.24063491821289,112.8802490234375
2020-08-03,38.459808349609375,112.0930404663086
2020-08-04,38.78376388549805,112.72445678710938
2020-08-05,39.224021911621094,111.72406005859375
2020-08-06,39.43999099731445,111.40428924560547
2020-08-07,39.70579528808594,112.12586212158203
2020-08-10,39.63935470581055,111.50267791748047
2020-08-11,39.81379318237305,110.79744720458984
2020-08-12,40.229122161865234,112.99504852294922
2020-08-13,40.18758773803711,113.2410659790039
2020-08-14,40.24573516845703,112.79825592041016
2020-08-17,40.0463752746582,113.09343719482422
2020-08-18,40.2208137512207,113.24922943115234
2020-08-19,39.34861755371094,111.88803100585938
2020-08-20,39.33200454711914,112.10945892333984
2020-08-21,39.27385711669922,111.89627075195312
2020-08-24,39.847023010253906,112.86386108398438
2020-08-25,39.797176361083984,112.58506774902344
2020-08-26,40.00483322143555,113.54443359375
2020-08-27,40.06298828125,113.48705291748047
2020-08-28,41.39205551147461,114.74983978271484
2020-08-31,41.14284896850586,114.84822082519531
2020-09-01,40.80228805541992,114.13485717773438
2020-09-02,42.521751403808594,117.4968032836914
2020-09-03,41.931983947753906,115.10420227050781
2020-09-04,42.39715576171875,114.60041046142578
2020-09-08,41.37543869018555,111.94933319091797
2020-09-09,41.69108200073242,113.23768615722656
2020-09-10,41.533267974853516,111.29686737060547
2020-09-11,42.41376876831055,112.16404724121094
2020-09-14,42.46400833129883,112.87432861328125
2020-09-15,42.74872589111328,112.0071029663086
2020-09-16,42.53101348876953,111.478515625
2020-09-17,42.33002853393555,110.00846099853516
2020-09-18,42.246299743652344,108.57967376708984
2020-09-21,41.107444763183594,108.38973999023438
2020-09-22,41.584754943847656,109.14129638671875
2020-09-23,40.37053298950195,108.19152069091797
2020-09-24,40.78086471557617,108.67052459716797
2020-09-25,40.797611236572266,110.29753875732422
2020-09-28,41.26654052734375,113.94796752929688
2020-09-29,40.965084075927734,113.27900695800781
2020-09-30,41.3419075012207,114.46827697753906
2020-10-01,41.182804107666016,116.28526306152344
2020-10-02,41.33354187011719,114.02229309082031
2020-10-05,41.35029220581055,113.91492462158203
2020-10-06,40.98183059692383,112.07318115234375
2020-10-07,41.50102233886719,113.15509033203125
2020-10-08,42.254669189453125,113.84886932373047
2020-10-09,42.547752380371094,114.33612823486328
2020-10-12,42.78221893310547,117.38365936279297
2020-10-13,42.05370330810547,118.54815673828125
2020-10-14,41.96996307373047,117.7057876586914
2020-10-15,41.86109924316406,116.80553436279297
2020-10-16,41.89459991455078,117.05330657958984
2020-10-19,41.551265716552734,115.36024475097656
2020-10-20,42.07882308959961,115.385009765625
2020-10-21,41.86109924316406,115.29414367675781
2020-10-22,42.43889236450195,115.30242919921875
2020-10-23,42.30491256713867,115.26112365722656
2020-10-26,41.70199203491211,114.02229309082031
2020-10-27,41.785743713378906,114.89774322509766
2020-10-28,40.161190032958984,110.80957794189453
2020-10-29,40.21144104003906,110.66092681884766
2020-10-30,40.24494171142578,110.08280944824219
2020-11-02,40.713871002197266,111.61896514892578
2020-11-03,41.32516098022461,113.17989349365234
2020-11-04,41.174442291259766,113.85711669921875
2020-11-05,41.40053176879883,114.01404571533203
2020-11-06,41.408905029296875,114.28657531738281
2020-11-09,44.02155685424805,114.34437561035156
2020-11-10,45.2022819519043,117.04503631591797
2020-11-11,44.86731719970703,118.84548950195312
2020-11-12,44.390010833740234,118.79592895507812
2020-11-13,44.758460998535156,119.51448822021484
2020-11-16,45.09342956542969,120.38163757324219
2020-11-17,44.9510612487793,119.95215606689453
2020-11-18,44.0550651550293,118.41602325439453
2020-11-19,44.490501403808594,118.3664779663086
2020-11-20,44.10530090332031,118.44908905029297
2020-11-23,44.113677978515625,118.11872100830078
2020-11-24,44.56586456298828,118.95283508300781
2020-11-25,44.323020935058594,119.06021118164062
2020-11-27,44.13042068481445,119.42365264892578
2020-11-30,43.548091888427734,119.11799621582031
2020-12-01,43.9194221496582,120.6377182006836
2020-12-02,43.978511810302734,119.44013214111328
2020-12-03,44.5439567565918,120.14961242675781
2020-12-04,45.446998596191406,121.3141098022461
2020-12-07,44.72119140625,120.91482543945312
2020-12-08,44.88153839111328,121.03965759277344
2020-12-09,45.00813674926758,121.18102264404297
2020-12-10,44.771827697753906,120.33261108398438
2020-12-11,45.02501678466797,120.58216857910156
2020-12-14,44.95750427246094,119.96662139892578
2020-12-15,45.43855285644531,120.41580200195312
2020-12-16,44.780269622802734,120.51560974121094
2020-12-17,44.95750427246094,121.19766235351562
2020-12-18,45.354164123535156,122.21240997314453
2020-12-21,44.569278717041016,120.93980407714844
2020-12-22,44.52708053588867,119.7919692993164
2020-12-23,44.797142028808594,120.11634826660156
2020-12-24,45.10097122192383,120.65702056884766
2020-12-28,45.7086181640625,122.19577026367188
2020-12-29,45.68330383300781,122.62001037597656
2020-12-30,45.94492721557617,122.52848815917969
2020-12-31,46.282508850097656,123.35194396972656
2021-01-04,44.52708053588867,119.99991607666016
2021-01-05,44.03758239746094,120.35758972167969
2021-01-06,42.63662338256836,118.88531494140625
2021-01-07,42.16400146484375,118.50271606445312
2021-01-08,43.10923385620117,119.9250717163086
2021-01-11,42.366554260253906,118.1866226196289
2021-01-12,42.290592193603516,117.63766479492188
2021-01-13,42.332794189453125,118.60253143310547
2021-01-14,41.54791259765625,117.91216278076172
2021-01-15,41.10062789916992,117.60440826416016
2021-01-19,40.94027328491211,118.16168212890625
2021-01-20,41.08374786376953,117.55448150634766
2021-01-21,41.311614990234375,116.12386322021484
2021-01-22,40.92338562011719,115.27542877197266
2021-01-25,41.16813659667969,116.59794616699219
2021-01-26,41.59855651855469,117.94544982910156
2021-01-27,40.957157135009766,114.81798553466797
2021-01-28,41.48039627075195,115.77450561523438
2021-01-29,40.63644790649414,113.59526824951172
2021-02-01,40.91495132446289,113.93630981445312
2021-02-02,41.32004928588867,115.1007308959961
2021-02-03,41.159698486328125,114.80133056640625
2021-02-04,41.36225128173828,116.18203735351562
2021-02-05,41.90238571166992,117.24678802490234
2021-02-08,42.1302375793457,116.78097534179688
2021-02-09,41.94457244873047,116.11553192138672
2021-02-10,41.86017608642578,114.53516387939453
2021-02-11,42.450950622558594,112.26444244384766
2021-02-12,42.78009033203125,111.34947204589844
2021-02-16,42.42562484741211,111.7737045288086
2021-02-17,42.30747604370117,111.8402099609375
2021-02-18,42.84760284423828,112.59715270996094
2021-02-19,42.290592193603516,110.21826934814453
2021-02-22,42.729461669921875,109.78575897216797
2021-02-23,42.65349197387695,110.44285583496094
2021-02-24,42.796966552734375,109.868896484375
2021-02-25,42.34123992919922,108.1305160522461
2021-02-26,41.34537124633789,107.45677947998047
2021-03-01,42.11337661743164,108.64620971679688
2021-03-02,42.28215789794922,109.02051544189453
2021-03-03,42.18088150024414,107.41520690917969
2021-03-04,42.147125244140625,108.01296997070312
2021-03-05,42.86449432373047,111.53431701660156
2021-03-08,43.58185958862305,110.77974700927734
2021-03-09,42.92356491088867,110.8803482055664
2021-03-10,43.413063049316406,111.99544525146484
2021-03-11,42.9404411315918,111.6936264038086
2021-03-12,42.85533905029297,111.54268646240234
2021-03-15,43.425498962402344,111.53431701660156
2021-03-16,43.58719253540039,112.35595703125
2021-03-17,43.60419845581055,112.02898406982422
2021-03-18,43.0340576171875,111.11512756347656
2021-03-19,43.23828887939453,112.76678466796875
2021-03-22,43.39997482299805,115.53356170654297
2021-03-23,43.73185729980469,116.92538452148438
2021-03-24,43.84248352050781,116.38036346435547
2021-03-25,44.267974853515625,117.0678482055664
2021-03-26,45.1359748840332,119.64179229736328
2021-03-29,45.82527542114258,121.41083526611328
2021-03-30,45.229583740234375,119.50762939453125
2021-03-31,44.85515594482422,118.5937728881836
2021-04-01,44.68495178222656,118.45124053955078
2021-04-05,44.940242767333984,120.0274658203125
2021-04-06,45.263614654541016,120.45501708984375
2021-04-07,45.34020233154297,120.237060546875
2021-04-08,45.20404815673828,119.50762939453125
2021-04-09,45.25510025024414,119.53279876708984
2021-04-12,45.39977264404297,119.9100570678711
2021-04-13,45.17851638793945,119.93524169921875
2021-04-14,45.17001724243164,119.14713287353516
2021-04-15,45.382755279541016,119.3148193359375
2021-04-16,45.68058776855469,120.86587524414062
2021-04-19,45.952919006347656,121.36054229736328
2021-04-20,46.09756851196289,122.16541290283203
2021-04-21,46.472015380859375,123.23019409179688
2021-04-22,46.32734298706055,122.46726989746094
2021-04-23,46.35287094116211,122.2660140991211
2021-04-26,45.66357421875,120.19513702392578
2021-04-27,45.59550094604492,119.80107116699219
2021-04-28,45.6040153503418,118.91236114501953
2021-04-29,46.174171447753906,120.68143463134766
2021-04-30,45.93589782714844,120.86587524414062
2021-05-03,46.36138916015625,122.23249053955078
2021-05-04,46.07204055786133,120.69817352294922
2021-05-05,45.952919006347656,120.6395034790039
2021-05-06,46.412437438964844,122.03964233398438
2021-05-07,46.38692855834961,122.03964233398438
2021-05-10,46.7273063659668,123.01219940185547
2021-05-11,46.225223541259766,122.1151123046875
2021-05-12,45.98694610595703,120.924560546875
2021-05-13,46.38692855834961,122.71876525878906
2021-05-14,46.57412338256836,122.90323638916016
2021-05-17,46.4975471496582,122.55107116699219
2021-05-18,46.24223327636719,121.99773406982422
2021-05-19,46.09756851196289,121.93065643310547
2021-05-20,46.506046295166016,123.43978881835938
2021-05-21,46.480525970458984,123.3308334350586
2021-05-24,46.63369369506836,123.95964050292969
2021-05-25,46.62518310546875,124.3369140625
2021-05-26,46.82942199707031,124.3369140625
2021-05-27,47.22087478637695,122.83615112304688
2021-05-28,47.05067825317383,124.03507232666016
2021-06-01,47.04216766357422,123.77517700195312
2021-06-02,47.22938919067383,124.26984405517578
2021-06-03,47.3485221862793,124.71321868896484
2021-06-04,47.859100341796875,124.85678100585938
2021-06-07,47.68891143798828,124.78076171875
2021-06-08,47.35702896118164,123.61529541015625
2021-06-09,47.21236801147461,123.38729858398438
2021-06-10,47.57828140258789,124.6541519165039
2021-06-11,47.791038513183594,124.7301254272461
2021-06-14,47.62812805175781,125.47335052490234
2021-06-15,47.50809860229492,125.48174285888672
2021-06-16,46.87361145019531,124.23184204101562
2021-06-17,47.11369705200195,125.43106842041016
2021-06-18,46.10196304321289,122.8130111694336
2021-06-21,46.607826232910156,123.77580261230469
2021-06-22,46.77930450439453,123.9615707397461
2021-06-23,46.40205001831055,122.33167266845703
2021-06-24,46.63355255126953,123.02416229248047
2021-06-25,46.57353973388672,123.64911651611328
2021-06-28,46.5220947265625,124.18119049072266
2021-06-29,46.17913818359375,124.09673309326172
2021-06-30,46.393489837646484,125.13550567626953
2021-07-01,46.26487350463867,125.16079711914062
2021-07-02,46.45349884033203,125.76048278808594
2021-07-06,46.19628143310547,125.94625854492188
2021-07-07,46.57353973388672,126.50365447998047
2021-07-08,46.41062545776367,126.56275177001953
2021-07-09,46.693565368652344,126.24183654785156
2021-07-12,46.71071243286133,126.26712036132812
2021-07-13,47.1737060546875,129.18084716796875
2021-07-14,48.23687744140625,130.51519775390625
2021-07-15,48.391204833984375,131.1148223876953
2021-07-16,48.356910705566406,131.59622192382812
2021-07-19,47.78245544433594,131.57936096191406
2021-07-20,47.86819076538086,131.59622192382812
2021-07-21,48.485511779785156,131.1064453125
2021-07-22,48.41691589355469,131.0641632080078
2021-07-23,48.87991714477539,132.7447967529297
2021-07-26,48.922794342041016,132.6519012451172
2021-07-27,49.09426498413086,133.3866424560547
2021-07-28,48.6484260559082,132.16209411621094
2021-07-29,48.914215087890625,132.4322967529297
2021-07-30,48.897056579589844,132.55055236816406
2021-08-02,48.76845932006836,132.01853942871094
2021-08-03,48.8027458190918,132.31410217285156
2021-08-04,48.09968948364258,130.10140991210938
2021-08-05,48.442649841308594,130.32095336914062
2021-08-06,48.56268310546875,130.33787536621094
2021-08-09,48.571250915527344,130.35476684570312
2021-08-10,48.69986343383789,130.42233276367188
2021-08-11,48.63983917236328,130.9375
2021-08-12,48.734161376953125,130.9628143310547
2021-08-13,49.068546295166016,132.18740844726562
2021-08-16,49.28288269042969,133.4795379638672
2021-08-17,49.111412048339844,133.3528594970703
2021-08-18,48.442649841308594,131.9846954345703
2021-08-19,48.75131607055664,134.20582580566406
2021-08-20,48.56268310546875,133.73294067382812
2021-08-23,48.391204833984375,133.31065368652344
2021-08-24,48.022518157958984,131.65536499023438
2021-08-25,48.07396697998047,131.07261657714844
2021-08-26,47.61955642700195,130.5912322998047
2021-08-27,47.7138671875,130.85305786132812
2021-08-30,48.16829299926758,131.74826049804688
2021-08-31,48.27974319458008,132.07760620117188
2021-09-01,48.605552673339844,133.36131286621094
2021-09-02,48.67414474487305,133.4591064453125
2021-09-03,48.63983917236328,133.57814025878906
2021-09-07,47.73101043701172,131.4012908935547
2021-09-08,48.37405776977539,133.26348876953125
2021-09-09,47.8939208984375,132.4217071533203
2021-09-10,47.679569244384766,132.1920928955078
2021-09-13,48.07396697998047,132.4471893310547
2021-09-14,48.1085319519043,131.92852783203125
2021-09-15,48.27265930175781,132.66831970214844
2021-09-16,47.8148078918457,132.27713012695312
2021-09-17,47.028690338134766,131.06118774414062
2021-09-20,46.700435638427734,130.61898803710938
2021-09-21,46.69179153442383,130.5594482421875
2021-09-22,46.760894775390625,130.9591827392578
2021-09-23,46.68315505981445,131.06118774414062
2021-09-24,46.55357360839844,131.12071228027344
2021-09-27,46.31168746948242,129.8622283935547
2021-09-28,45.47373580932617,128.44215393066406
2021-09-29,45.75018310546875,129.50503540039062
2021-09-30,45.32688522338867,127.8979263305664
2021-10-01,45.80200958251953,128.35714721679688
2021-10-04,45.77609634399414,127.7193832397461
2021-10-05,45.85383987426758,128.47616577148438
2021-10-06,46.398075103759766,131.76695251464844
2021-10-07,46.5449333190918,132.98291015625
2021-10-08,46.752254486083984,132.67681884765625
2021-10-11,46.84728240966797,132.85536193847656
2021-10-12,46.84728240966797,133.44212341308594
2021-10-13,46.85593032836914,134.34344482421875
2021-10-14,47.17555618286133,135.42335510253906
2021-10-15,47.06324768066406,135.04067993164062
2021-10-18,46.59675979614258,134.428466796875
2021-10-19,46.77817153930664,136.13763427734375
2021-10-20,47.192832946777344,137.16651916503906
2021-10-21,46.9509391784668,135.35531616210938
2021-10-22,47.03733444213867,136.027099609375
2021-10-25,46.84728240966797,135.38934326171875
2021-10-26,47.05461120605469,137.04750061035156
2021-10-27,47.961666107177734,136.5712890625
2021-10-28,48.4108772277832,137.43014526367188
2021-10-29,48.695953369140625,137.41314697265625
2021-11-01,48.52317428588867,137.1240234375
2021-11-02,48.46270751953125,138.3825225830078
2021-11-03,48.6268424987793,139.7090301513672
2021-11-04,48.8946418762207,139.71751403808594
2021-11-05,49.101966857910156,141.15460205078125
2021-11-08,48.66139602661133,138.11891174316406
2021-11-09,48.799625396728516,139.03726196289062
2021-11-10,48.9983024597168,139.48789978027344
2021-11-11,49.01558303833008,138.33998107910156
2021-11-12,48.90327835083008,138.30596923828125
2021-11-15,48.91191101074219,139.28387451171875
2021-11-16,48.56637191772461,138.86721801757812
2021-11-17,48.2985725402832,138.91819763183594
2021-11-18,47.86664962768555,138.9607391357422
2021-11-19,47.624759674072266,139.2923583984375
2021-11-22,47.91847610473633,139.58145141601562
2021-11-23,48.27265930175781,140.516845703125
2021-11-24,47.88391876220703,139.23281860351562
2021-11-26,46.41535186767578,137.02198791503906
2021-11-29,47.14963912963867,139.5729522705078
2021-11-30,45.660972595214844,135.86553955078125
2021-12-01,45.5303955078125,136.18869018554688
2021-12-02,46.20072555541992,137.50271606445312
2021-12-03,46.60988998413086,141.0040740966797
2021-12-06,47.80255889892578,142.46798706054688
2021-12-07,48.063724517822266,142.3052978515625
2021-12-08,47.88091278076172,142.55357360839844
2021-12-09,47.759029388427734,142.3737335205078
2021-12-10,48.99522399902344,144.65093994140625
2021-12-13,50.28365707397461,145.37002563476562
2021-12-14,50.3184814453125,145.01051330566406
2021-12-15,50.54483413696289,146.87672424316406
2021-12-16,51.0584602355957,147.0907745361328
2021-12-17,50.25754165649414,144.077392578125
2021-12-20,50.09213638305664,145.0361785888672
2021-12-21,50.292362213134766,144.608154296875
2021-12-22,50.649288177490234,145.50704956054688
2021-12-23,50.684112548828125,145.34434509277344
2021-12-27,51.0584602355957,146.7911376953125
2021-12-28,51.25868606567383,147.55307006835938
2021-12-29,51.31962585449219,148.07522583007812
2021-12-30,51.171630859375,147.81842041015625
2021-12-31,51.54598617553711,148.7087860107422
2022-01-03,51.62432098388672,148.0838165283203
2022-01-04,52.4861946105957,148.29783630371094
2022-01-05,52.92145919799805,148.8029327392578
2022-01-06,52.64287567138672,148.83718872070312
2022-01-07,52.5210075378418,149.0255126953125
2022-01-10,52.60805892944336,149.10255432128906
2022-01-11,52.6254768371582,149.0340576171875
2022-01-12,52.703826904296875,148.87139892578125
2022-01-13,53.017234802246094,149.11111450195312
2022-01-14,53.44379806518555,150.3609619140625
2022-01-18,53.017234802246094,148.92274475097656
2022-01-19,53.104286193847656,149.9928741455078
2022-01-20,52.88663864135742,148.9056396484375
2022-01-21,52.6254768371582,149.1453857421875
2022-01-24,52.19890213012695,148.38340759277344
2022-01-25,52.077022552490234,146.67984008789062
2022-01-26,51.885498046875,145.13038635253906
2022-01-27,51.92902755737305,144.99339294433594
2022-01-28,52.96498489379883,147.81842041015625
2022-01-31,53.11298370361328,148.54611206054688
2022-02-01,52.72123718261719,147.5359344482422
2022-02-02,53.260986328125,150.2154541015625
2022-02-03,53.63532257080078,150.1298065185547
2022-02-04,53.069454193115234,147.6643524169922
2022-02-07,53.626617431640625,147.08216857910156
2022-02-08,53.97484588623047,147.26199340820312
2022-02-09,53.139102935791016,147.19349670410156
2022-02-10,53.43509292602539,144.1372833251953
2022-02-11,52.4861946105957,144.3170928955078
2022-02-14,52.82569885253906,142.70767211914062
2022-02-15,53.02592849731445,142.0741729736328
2022-02-16,53.017234802246094,142.36521911621094
2022-02-17,54.079307556152344,142.75048828125
2022-02-18,54.444942474365234,143.57229614257812
2022-02-22,54.218597412109375,144.1201934814453
2022-02-23,53.6179084777832,142.6990966796875
2022-02-24,52.67770767211914,140.2164764404297
2022-02-25,54.714820861816406,144.1458740234375
2022-02-28,54.18378448486328,140.17364501953125
2022-03-01,53.948726654052734,138.915283203125
2022-03-02,54.34918212890625,140.8414306640625
2022-03-03,54.38400650024414,140.6906280517578
2022-03-04,54.4710578918457,142.8276824951172
2022-03-07,53.173927307128906,139.98403930664062
2022-03-08,51.06717300415039,136.03744506835938
2022-03-09,51.328338623046875,135.6324005126953
2022-03-10,50.38813018798828,133.14208984375
2022-03-11,50.422950744628906,132.46995544433594
2022-03-14,51.352813720703125,134.33128356933594
2022-03-15,52.30021286010742,137.01113891601562
2022-03-16,52.15985870361328,137.6143341064453
2022-03-17,52.71250534057617,138.68287658691406
2022-03-18,52.72127914428711,140.27699279785156
2022-03-21,53.1423454284668,140.0788116455078
2022-03-22,53.3353385925293,141.6126708984375
2022-03-23,52.98445510864258,140.87156677246094
2022-03-24,53.49323272705078,141.72467041015625
2022-03-25,53.97571563720703,142.38818359375
2022-03-28,54.317832946777344,142.8104248046875
2022-03-29,54.52836608886719,144.93020629882812
2022-03-30,54.572227478027344,144.7320556640625
2022-03-31,54.38801193237305,144.2322540283203
2022-04-01,55.15119934082031,146.2830810546875
2022-04-04,54.8617057800293,145.90394592285156
2022-04-05,54.80030822753906,146.05905151367188
2022-04-06,55.352962493896484,148.5493927001953
2022-04-07,55.65121841430664,148.68727111816406
2022-04-08,55.99333572387695,149.18702697753906
2022-04-11,55.975799560546875,148.73037719726562
2022-04-12,56.63371276855469,149.33355712890625
2022-04-13,56.7828369140625,149.0750274658203
2022-04-14,57.0372314453125,148.1271209716797
2022-04-18,56.528446197509766,146.85182189941406
2022-04-19,57.08108901977539,148.98887634277344
2022-04-20,57.8618278503418,151.2034149169922
2022-04-21,58.08113098144531,150.66053771972656
2022-04-22,57.23898696899414,148.342529296875
2022-04-25,57.84429168701172,149.7126922607422
2022-04-26,57.06355667114258,149.33355712890625
2022-04-27,57.51093292236328,150.66915893554688
2022-04-28,58.063594818115234,152.95269775390625
2022-04-29,56.677581787109375,147.9634246826172
2022-05-02,55.65121841430664,144.55966186523438
2022-05-03,55.33541488647461,144.7578887939453
2022-05-04,57.04600524902344,149.8160858154297
2022-05-05,56.589847564697266,146.82594299316406
2022-05-06,56.791603088378906,146.84323120117188
2022-05-09,56.677581787109375,147.9547576904297
2022-05-10,56.1512451171875,147.77386474609375
2022-05-11,56.414405822753906,147.05862426757812
2022-05-12,56.589847564697266,146.83456420898438
2022-05-13,57.65129089355469,149.69541931152344
2022-05-16,57.8618278503418,151.2034149169922
2022-05-17,57.70392990112305,150.33309936523438
2022-05-18,53.68622970581055,141.01806640625
2022-05-19,52.63356018066406,138.90692138671875
2022-05-20,53.49323272705078,139.77720642089844
2022-05-23,55.142425537109375,142.69839477539062
2022-05-24,56.15999984741211,144.6114044189453
2022-05-25,56.20386505126953,145.6023406982422
2022-05-26,56.405635833740234,146.5846710205078
2022-05-27,56.73897933959961,148.01513671875
2022-05-31,55.59858322143555,144.55104064941406
2022-06-01,55.32664108276367,143.46531677246094
2022-06-02,55.90560531616211,144.62803649902344
2022-06-03,55.23891830444336,143.04014587402344
2022-06-06,55.15119934082031,143.6388397216797
2022-06-07,55.484535217285156,144.52392578125
2022-06-08,55.16874694824219,143.80374145507812
2022-06-09,54.21255874633789,141.24398803710938
2022-06-10,53.87044906616211,141.0184326171875
2022-06-13,53.80903244018555,138.606201171875
2022-06-14,52.33348846435547,135.46514892578125
2022-06-15,52.72224807739258,136.91419982910156
2022-06-16,52.19211959838867,136.2547149658203
2022-06-17,52.51020812988281,136.28077697753906
2022-06-21,53.63233184814453,139.44790649414062
2022-06-22,54.02993392944336,140.59324645996094
2022-06-23,54.674930572509766,142.38937377929688
2022-06-24,55.69987106323242,144.1508331298828
2022-06-27,55.58500289916992,144.3417205810547
2022-06-28,55.02836227416992,142.311279296875
2022-06-29,55.42596435546875,144.67140197753906
2022-06-30,55.58500289916992,144.61068725585938
2022-07-01,56.88384246826172,146.97950744628906
2022-07-05,55.91191864013672,146.64976501464844
2022-07-06,56.02678680419922,148.11619567871094
2022-07-07,55.58500289916992,147.82115173339844
2022-07-08,55.78822708129883,149.1400909423828
2022-07-11,55.61150360107422,147.91661071777344
2022-07-12,55.372947692871094,147.07496643066406
2022-07-13,55.11671447753906,147.5955810546875
2022-07-14,54.94000244140625,148.35911560058594
2022-07-15,55.22274398803711,148.4805908203125
2022-07-18,54.47171401977539,145.99899291992188
2022-07-19,55.249244689941406,147.56085205078125
2022-07-20,54.339176177978516,145.99899291992188
2022-07-21,54.21548080444336,146.2158966064453
2022-07-22,54.418697357177734,147.17041015625
2022-07-25,54.9488410949707,147.378662109375
2022-07-26,55.850074768066406,149.09669494628906
2022-07-27,55.673370361328125,148.88844299316406
2022-07-28,56.60110855102539,151.70848083496094
2022-07-29,56.69829177856445,151.8125762939453
2022-08-01,57.00753402709961,153.53932189941406
2022-08-02,56.23000717163086,152.27247619628906
2022-08-03,56.4774055480957,153.4351806640625
2022-08-04,56.256507873535156,152.6021728515625
2022-08-05,56.000282287597656,151.45681762695312
2022-08-08,55.63801956176758,150.84945678710938
2022-08-09,55.708702087402344,151.41343688964844
2022-08-10,56.23884963989258,152.6629180908203
2022-08-11,55.858909606933594,151.88197326660156
2022-08-12,56.28302001953125,153.8690643310547
2022-08-15,56.989871978759766,155.56103515625
2022-08-16,57.458160400390625,156.4634552001953
2022-08-17,57.32562255859375,156.37667846679688
2022-08-18,57.626033782958984,156.53286743164062
2022-08-19,57.581851959228516,156.3332977294922
2022-08-22,56.72480010986328,154.84088134765625
2022-08-23,56.786643981933594,154.7714080810547
2022-08-24,56.86616897583008,155.54368591308594
2022-08-25,57.140071868896484,155.55235290527344
2022-08-26,55.761722564697266,151.88197326660156
2022-08-29,55.42596435546875,151.40475463867188
2022-08-30,54.913490295410156,150.1032257080078
2022-08-31,54.52472686767578,149.47850036621094
2022-09-01,54.78096008300781,150.9897003173828
2022-09-02,54.02993392944336,149.07664489746094
2022-09-06,54.05644226074219,148.0720672607422
2022-09-07,55.05487060546875,151.339111328125
2022-09-08,54.886985778808594,150.8323974609375
2022-09-09,55.0637092590332,151.31288146972656
2022-09-12,55.22274398803711,151.9068603515625
2022-09-13,53.429107666015625,146.23770141601562
2022-09-14,53.711849212646484,147.3470458984375
2022-09-15,52.982051849365234,144.90118408203125
2022-09-16,52.99095153808594,145.8533172607422
2022-09-19,53.391448974609375,147.39073181152344
2022-09-20,53.31134033203125,147.5566864013672
2022-09-21,52.8663444519043,147.13739013671875
2022-09-22,52.74174499511719,147.2771759033203
2022-09-23,52.15434265136719,147.207275390625
2022-09-26,51.50462341308594,147.14613342285156
2022-09-27,50.17852783203125,145.0147247314453
2022-09-28,50.7125244140625,147.3383026123047
2022-09-29,50.347625732421875,145.53884887695312
2022-09-30,49.858131408691406,142.61251831054688
2022-10-03,50.41883087158203,144.350830078125
2022-10-04,50.53452682495117,145.97561645507812
2022-10-05,50.05392837524414,145.00599670410156
2022-10-06,48.977012634277344,142.210693359375
2022-10-07,48.51421356201172,141.1711883544922
2022-10-10,48.40741729736328,141.35462951660156
2022-10-11,48.487518310546875,142.02728271484375
2022-10-12,49.074920654296875,147.96725463867188
2022-10-13,49.72462844848633,152.52706909179688
2022-10-14,48.93252182006836,148.6660919189453
2022-10-17,49.56441879272461,150.8848419189453
2022-10-18,50.2319221496582,152.92018127441406
2022-10-19,49.804725646972656,151.4351806640625
2022-10-20,49.021514892578125,149.7754669189453
2022-10-21,49.804725646972656,151.17312622070312
2022-10-24,51.23762893676758,155.20883178710938
2022-10-25,52.46583938598633,155.7241973876953
2022-10-26,52.85743713378906,156.4230499267578
2022-10-27,52.982051849365234,156.25706481933594
2022-10-28,54.07674789428711,159.18341064453125
2022-10-31,53.266845703125,158.61558532714844
2022-11-01,53.07994842529297,157.8992919921875
2022-11-02,52.34123611450195,155.69801330566406
2022-11-03,52.314537048339844,155.2961883544922
2022-11-04,52.74174499511719,156.16969299316406
2022-11-07,52.946441650390625,157.41885375976562
2022-11-08,53.04434585571289,157.85562133789062
2022-11-09,52.30563735961914,155.96881103515625
2022-11-10,54.18354797363281,158.7204132080078
2022-11-11,54.57514953613281,155.5320587158203
2022-11-14,54.050052642822266,154.3789520263672
2022-11-15,53.9610481262207,154.78076171875
2022-11-16,53.863155364990234,155.77662658691406
2022-11-17,54.03224563598633,157.26161193847656
2022-11-18,54.414947509765625,158.39723205566406
2022-11-21,55.251564025878906,161.44581604003906
2022-11-22,55.491851806640625,161.4633026123047
2022-11-23,55.74106979370117,161.67294311523438
2022-11-25,55.79446029663086,160.8256072998047
2022-11-28,55.80336380004883,160.6334228515625
2022-11-29,55.607566833496094,159.497802734375
2022-11-30,57.0147819519043,162.04856872558594
2022-12-01,57.17612075805664,163.40219116210938
2022-12-02,57.67805480957031,163.21759033203125
2022-12-05,56.88929748535156,160.9586181640625
2022-12-06,56.86240005493164,159.64894104003906
2022-12-07,56.9520378112793,160.13235473632812
2022-12-08,57.19403839111328,161.53878784179688
2022-12-09,56.593505859375,160.94107055664062
2022-12-12,57.33745574951172,161.7057647705078
2022-12-13,57.355377197265625,161.61785888671875
2022-12-14,57.355377197265625,161.16958618164062
2022-12-15,56.566619873046875,158.43594360351562
2022-12-16,56.24393844604492,158.51507568359375
2022-12-19,56.32460403442383,159.39405822753906
2022-12-20,56.2797966003418,159.29736328125
2022-12-21,57.18507766723633,160.41366577148438
2022-12-22,56.772769927978516,159.17431640625
2022-12-23,57.2030029296875,160.20272827148438
2022-12-27,57.55257034301758,160.91468811035156
2022-12-28,56.978919982910156,159.75445556640625
2022-12-29,57.31952667236328,159.95657348632812
2022-12-30,57.0147819519043,158.7963409423828
2023-01-03,56.4232063293457,157.69761657714844
2023-01-04,56.39631271362305,157.31085205078125
2023-01-05,55.75096893310547,155.6671905517578
2023-01-06,56.82655334472656,159.18309020996094
2023-01-09,56.11846160888672,157.62733459472656
2023-01-10,55.688228607177734,156.32640075683594
2023-01-11,55.58066940307617,156.50221252441406
2023-01-12,54.86361312866211,154.50694274902344
2023-01-13,55.06081008911133,154.0322723388672
2023-01-17,55.284889221191406,154.75302124023438
2023-01-18,53.6087760925293,150.85032653808594
2023-01-19,53.52810287475586,149.10122680664062
2023-01-20,53.85078048706055,149.32095336914062
2023-01-23,53.98522186279297,148.65292358398438
2023-01-24,54.27204513549805,150.03292846679688
2023-01-25,54.61264419555664,151.12283325195312
2023-01-26,54.50509262084961,149.61981201171875
2023-01-27,54.21826934814453,149.09242248535156
2023-01-30,54.35271453857422,148.9693603515625
2023-01-31,54.96221160888672,150.322998046875
2023-02-01,54.97117233276367,150.79763793945312
2023-02-02,54.0300407409668,149.4000701904297
2023-02-03,53.626705169677734,148.65292358398438
2023-02-06,53.93144607543945,151.0261688232422
2023-02-07,53.84181594848633,150.79763793945312
2023-02-08,53.52810287475586,150.446044921875
2023-02-09,53.4384651184082,151.87001037597656
2023-02-10,53.4384651184082,154.87612915039062
2023-02-13,54.31686019897461,156.25607299804688
2023-02-14,53.41157913208008,154.4981231689453
2023-02-15,53.41157913208008,154.7091064453125
2023-02-16,53.07994842529297,154.26963806152344
2023-02-17,53.88662338256836,154.94639587402344
2023-02-21,53.59980392456055,154.8584747314453
2023-02-22,53.76115036010742,154.8057861328125
2023-02-23,53.859737396240234,154.9727783203125
2023-02-24,53.63566207885742,154.6651611328125
2023-02-27,53.61773681640625,154.62118530273438
2023-02-28,53.339881896972656,152.52920532226562
2023-03-01,52.757266998291016,150.59548950195312
2023-03-02,53.52810287475586,153.3740997314453
2023-03-03,53.27712631225586,153.22366333007812
2023-03-06,54.10175323486328,153.5334014892578
2023-03-07,53.78804397583008,152.7723846435547
2023-03-08,53.81492614746094,153.18829345703125
2023-03-09,53.29506301879883,152.02902221679688
2023-03-10,53.07098388671875,152.23255920410156
2023-03-13,53.6087760925293,153.71925354003906
2023-03-14,53.80595779418945,153.55992126464844
2023-03-15,54.16448211669922,156.30316162109375
2023-03-16,54.46254348754883,156.19699096679688
2023-03-17,54.209651947021484,154.975830078125
2023-03-20,54.733497619628906,157.15272521972656
2023-03-21,54.48060989379883,157.5243682861328
2023-03-22,54.23674392700195,156.19699096679688
2023-03-23,54.119319915771484,155.43597412109375
2023-03-24,55.00446319580078,158.48011779785156
2023-03-27,55.410892486572266,158.8340606689453
2023-03-28,55.474117279052734,158.7809600830078
2023-03-29,55.871517181396484,159.87826538085938
2023-03-30,55.862483978271484,160.0198516845703
2023-03-31,56.02506637573242,161.32069396972656
2023-04-03,56.359249114990234,161.4976806640625
2023-04-04,56.187644958496094,160.9224853515625
2023-04-05,56.720523834228516,162.50645446777344
2023-04-06,56.75664520263672,163.14358520507812
2023-04-10,56.62117385864258,162.11712646484375
2023-04-11,56.52183532714844,161.86935424804688
2023-04-12,56.62117385864258,161.55078125
2023-04-13,57.036643981933594,163.16131591796875
2023-04-14,56.946319580078125,162.39141845703125
2023-04-17,57.31662368774414,163.22328186035156
2023-04-18,57.40695571899414,163.55950927734375
2023-04-19,57.51532745361328,163.4622039794922
2023-04-20,57.76823425292969,164.00198364257812
2023-04-21,57.84951400756836,164.07281494140625
2023-04-24,57.75920104980469,164.15245056152344
2023-04-25,57.66887283325195,167.8779296875
2023-04-26,57.39791488647461,166.84255981445312
2023-04-27,57.51532745361328,167.86021423339844
2023-04-28,57.9398307800293,168.922119140625
2023-05-01,58.07530975341797,169.62120056152344
2023-05-02,57.813392639160156,170.12562561035156
2023-05-03,57.48823928833008,170.0636749267578
2023-05-04,57.55146026611328,171.12559509277344
2023-05-05,57.82241439819336,171.91319274902344
2023-05-08,57.73209762573242,171.09902954101562
2023-05-09,57.2534065246582,171.79812622070312
2023-05-10,57.35275650024414,171.91319274902344
2023-05-11,57.67790985107422,172.86000061035156
2023-05-12,57.903709411621094,173.55026245117188
2023-05-15,57.75016403198242,171.91319274902344
2023-05-16,57.09986877441406,171.16981506347656
2023-05-17,57.036643981933594,169.95750427246094
2023-05-18,56.720523834228516,169.51502990722656
2023-05-19,56.747623443603516,169.76280212402344
2023-05-22,55.55540084838867,165.1612548828125
2023-05-23,55.45606231689453,164.65684509277344
2023-05-24,54.986392974853516,163.61264038085938
2023-05-25,54.561885833740234,162.64805603027344
2023-05-26,54.42641830444336,162.45338439941406
2023-05-30,53.99287796020508,160.71006774902344
2023-05-31,53.884490966796875,161.36495971679688
2023-06-01,54.19158172607422,162.34962463378906
2023-06-02,55.23929214477539,164.0159454345703
2023-06-05,54.86898422241211,164.13180541992188
2023-06-06,54.47157287597656,161.78819274902344
2023-06-07,54.390289306640625,160.4961395263672
2023-06-08,54.525760650634766,162.2694091796875
2023-06-09,54.6160888671875,162.49220275878906
2023-06-12,54.381256103515625,162.09117126464844
2023-06-13,54.59801483154297,161.7703857421875
2023-06-14,54.96833419799805,163.22288513183594
2023-06-15,55.72368621826172,165.48629760742188
2023-06-16,56.12411880493164,165.78033447265625
2023-06-20,55.75099563598633,165.1298370361328
2023-06-21,55.90570831298828,165.23675537109375
2023-06-22,56.28792953491211,166.9476776123047
2023-06-23,55.69638442993164,165.8070831298828
2023-06-26,55.714599609375,164.75558471679688
2023-06-27,55.596282958984375,165.94073486328125
2023-06-28,55.07753372192383,163.6951446533203
2023-06-29,54.62250900268555,163.85557556152344
2023-06-30,54.80451965332031,165.04965209960938
2023-07-03,55.13214111328125,165.38829040527344
2023-07-05,55.54167175292969,166.26153564453125
2023-07-06,55.11394119262695,166.27935791015625
2023-07-07,54.38589096069336,163.14266967773438
2023-07-10,53.976356506347656,164.22979736328125
2023-07-11,54.16746139526367,163.94467163085938
2023-07-12,54.45869064331055,163.22288513183594
2023-07-13,54.922828674316406,167.1080780029297
2023-07-14,55.42337417602539,167.71401977539062
2023-07-17,55.34145736694336,165.4149932861328
2023-07-18,55.12303924560547,164.36349487304688
2023-07-19,56.096824645996094,165.9763641357422
2023-07-20,56.77936935424805,168.68533325195312
2023-07-21,56.82487106323242,169.45169067382812
2023-07-24,56.843082427978516,170.12889099121094
2023-07-25,56.65195846557617,170.52098083496094
2023-07-26,57.38002014160156,170.73484802246094
2023-07-27,56.82487106323242,167.99916076660156
2023-07-28,56.86128234863281,169.58531188964844
2023-07-31,56.360740661621094,167.04571533203125
2023-08-01,56.21512222290039,166.47540283203125
2023-08-02,56.38804244995117,167.8031463623047
2023-08-03,56.096824645996094,166.7427215576172
2023-08-04,55.250450134277344,164.49717712402344
2023-08-07,55.68728256225586,166.5377655029297
2023-08-08,55.44156265258789,164.3545684814453
2023-08-09,55.5689811706543,163.94467163085938
2023-08-10,55.44156265258789,163.73973083496094
2023-08-11,55.66908264160156,163.9981231689453
2023-08-14,55.4051628112793,163.62388610839844
2023-08-15,55.032039642333984,161.60108947753906
2023-08-16,55.041133880615234,161.47633361816406
2023-08-17,55.159446716308594,159.01690673828125
2023-08-18,55.468875885009766,158.7762908935547
2023-08-21,54.995635986328125,157.76934814453125
2023-08-22,54.658905029296875,156.5663604736328
2023-08-23,54.85002517700195,158.72280883789062
2023-08-24,54.70440673828125,157.88519287109375
2023-08-25,54.959224700927734,159.8812255859375
2023-08-28,55.11394119262695,160.620849609375
2023-08-29,55.05934143066406,161.22679138183594
2023-08-30,55.032039642333984,161.3604736328125
2023-08-31,54.449588775634766,159.6599578857422
2023-09-01,53.976356506347656,157.3268280029297
2023-09-05,53.53042221069336,156.2858428955078
2023-09-06,53.494014739990234,156.79734802246094
2023-09-07,53.08448028564453,158.29595947265625
2023-09-08,53.08448028564453,158.1793212890625
2023-09-11,53.585025787353516,160.56626892089844
2023-09-12,53.05718231201172,159.97402954101562
2023-09-13,53.18458557128906,161.2393035888672
2023-09-14,53.62488555908203,162.6302490234375
2023-09-15,53.14789962768555,161.38290405273438
2023-09-18,53.47812271118164,160.97007751464844
2023-09-19,53.368038177490234,160.0189208984375
2023-09-20,53.60654067993164,160.07276916503906
2023-09-21,52.780982971191406,157.38064575195312
2023-09-22,52.83601379394531,157.2819061279297
2023-09-25,52.285640716552734,156.43838500976562
2023-09-26,51.85451889038086,154.81417846679688
2023-09-27,51.322486877441406,152.1669158935547
2023-09-28,51.19406509399414,152.10411071777344
2023-09-29,51.350006103515625,152.05029296875
2023-10-02,50.89136505126953,151.8079833984375
2023-10-03,50.34098434448242,150.48883056640625
2023-10-04,50.48774719238281,151.5746612548828
2023-10-05,48.047752380371094,143.66883850097656
2023-10-06,48.74489212036133,143.83935546875
2023-10-09,48.50640106201172,144.79954528808594
2023-10-10,49.561283111572266,147.52749633789062
2023-10-11,49.26774978637695,145.93019104003906
2023-10-12,48.442195892333984,141.8561553955078
2023-10-13,48.515567779541016,143.5791015625
2023-10-16,49.01091766357422,144.5482635498047
2023-10-17,49.597984313964844,143.91111755371094
2023-10-18,49.579627990722656,145.4007568359375
2023-10-19,49.85481643676758,144.08164978027344
2023-10-20,50.056617736816406,143.5791015625
2023-10-23,49.607154846191406,143.65084838867188
2023-10-24,51.03813171386719,145.54434204101562
2023-10-25,51.478424072265625,145.6879119873047
2023-10-26,51.16654586791992,144.84439086914062
2023-10-27,50.67120361328125,143.23809814453125
2023-10-30,51.50595474243164,145.62510681152344
2023-10-31,51.81782531738281,146.5224609375
2023-11-01,51.7719612121582,147.9492950439453
2023-11-02,52.36819839477539,149.70811462402344
2023-11-03,52.047149658203125,149.67221069335938
2023-11-06,52.25812530517578,149.59149169921875
2023-11-07,52.45075607299805,150.02220153808594
2023-11-08,52.36819839477539,150.21066284179688
2023-11-09,51.97376251220703,149.1068878173828
2023-11-10,52.02880096435547,149.7888946533203
2023-11-13,52.221435546875,150.5516815185547
2023-11-14,52.37737274169922,150.8567352294922
2023-11-15,52.478275299072266,150.0850372314453
2023-11-16,52.423240661621094,150.49781799316406
2023-11-17,52.524139404296875,149.64532470703125
2023-11-20,52.652565002441406,149.42994689941406
2023-11-21,53.23044967651367,150.57858276367188
2023-11-22,53.588199615478516,151.8528289794922
2023-11-24,53.72578811645508,151.98744201660156
2023-11-27,53.62488555908203,151.04522705078125
2023-11-28,53.73496627807617,151.52980041503906
2023-11-29,53.413909912109375,150.0042724609375
2023-11-30,54.033390045166016,152.16986083984375
2023-12-01,54.21831512451172,152.53152465820312
2023-12-04,54.153587341308594,152.93846130371094
2023-12-05,54.23680114746094,151.85337829589844
2023-12-06,54.18132781982422,151.46458435058594
2023-12-07,54.31077194213867,151.4193572998047
2023-12-08,54.190574645996094,149.8098602294922
2023-12-11,54.58814239501953,151.74488830566406
2023-12-12,54.93949890136719,152.3325958251953
2023-12-13,55.411041259765625,155.53350830078125
2023-12-14,54.58814239501953,152.13365173339844
2023-12-15,54.18132781982422,151.00341796875
2023-12-18,54.56965637207031,152.73046875
2023-12-19,54.393985748291016,151.86241149902344
2023-12-20,53.26597595214844,149.8189239501953
2023-12-21,53.61732482910156,150.9762725830078
2023-12-22,53.92244338989258,151.61827087402344
2023-12-26,54.144344329833984,152.6852569580078
2023-12-27,54.283023834228516,153.1735382080078
2023-12-28,54.32001876831055,153.16448974609375
2023-12-29,54.486446380615234,153.5713653564453
2024-01-02,55.30933380126953,156.3473358154297
2024-01-03,55.438777923583984,156.3834991455078
2024-01-04,55.25386047363281,155.0452423095703
2024-01-05,55.17063903808594,152.75758361816406
2024-01-08,55.57746887207031,152.91131591796875
2024-01-09,55.47576141357422,151.1571044921875
2024-01-10,55.660682678222656,150.9310760498047
2024-01-11,55.30009078979492,150.2167510986328
2024-01-12,55.83634948730469,151.24755859375
2024-01-16,55.466514587402344,150.25289916992188
2024-01-17,55.466514587402344,150.49705505371094
2024-01-18,55.62369918823242,151.1571044921875
2024-01-19,55.318580627441406,149.90023803710938
2024-01-22,55.078182220458984,149.29446411132812
2024-01-23,55.33707046508789,151.58212280273438
2024-01-24,54.467952728271484,149.7375030517578
2024-01-25,54.699100494384766,150.60556030273438
2024-01-26,54.89326858520508,151.78102111816406
2024-01-29,55.22611999511719,152.04324340820312
2024-01-30,55.383304595947266,153.37245178222656
2024-01-31,55.00422286987305,152.38687133789062
2024-02-01,56.38186264038086,155.2532196044922
2024-02-02,55.975040435791016,154.59315490722656
2024-02-05,55.51274108886719,154.54791259765625
2024-02-06,55.420284271240234,155.00001525878906
2024-02-07,55.466514587402344,155.0452423095703
2024-02-08,55.318580627441406,157.197265625
2024-02-09,55.068939208984375,151.60923767089844
2024-02-12,55.19837951660156,154.26763916015625
2024-02-13,54.87477111816406,152.7033233642578
2024-02-14,54.819297790527344,151.47361755371094
2024-02-15,54.9210090637207,151.78102111816406
2024-02-16,54.91175842285156,150.3885498046875
2024-02-20,56.12297821044922,152.49537658691406
2024-02-21,56.62226486206055,152.65814208984375
2024-02-22,56.5390510559082,152.13365173339844
2024-02-23,56.58528137207031,153.3543701171875
2024-02-26,56.13222885131836,152.14271545410156
2024-02-27,55.790122985839844,152.0523223876953
2024-02-28,55.84560012817383,151.03053283691406
2024-02-29,55.49425506591797,150.64329528808594
2024-03-01,55.04120635986328,149.95997619628906
2024-03-04,55.30009078979492,150.670654296875
2024-03-05,55.03195571899414,147.63662719726562
2024-03-06,55.059696197509766,148.51129150390625
2024-03-07,54.95798110961914,148.61154174804688
2024-03-08,55.03195571899414,148.55686950683594
2024-03-11,55.69766616821289,150.08753967285156
2024-03-12,55.938053131103516,149.91441345214844
2024-03-13,56.51131057739258,150.60690307617188
2024-03-14,56.3854866027832,150.1331024169922
2024-03-15,55.80766677856445,150.0237579345703
2024-03-18,56.040653228759766,156.03709411621094
2024-03-19,56.13385009765625,156.5290985107422
2024-03-20,56.618492126464844,156.58375549316406
2024-03-21,56.3575325012207,157.12132263183594
2024-03-22,56.37617492675781,156.7295379638672
2024-03-25,56.292293548583984,157.25799560546875
2024-03-26,56.42277145385742,157.3764190673828
2024-03-27,56.87944412231445,158.1417694091797
2024-03-28,57.019248962402344,159.45376586914062
2024-04-01,56.553245544433594,157.60423278808594
2024-04-02,56.059295654296875,156.20111083984375
2024-04-03,55.76105499267578,154.5975341796875
2024-04-04,55.26709747314453,154.57020568847656
2024-04-05,55.46282196044922,154.10557556152344
2024-04-08,55.23914337158203,154.50643920898438
2024-04-09,55.65854263305664,155.44488525390625
2024-04-10,54.912940979003906,153.93243408203125
2024-04-11,55.03410720825195,153.39488220214844
2024-04-12,54.31646728515625,153.1580047607422
2024-04-15,54.18599319458008,152.11021423339844
2024-04-16,54.111427307128906,152.61129760742188
2024-04-17,54.53082275390625,154.4153289794922
2024-04-18,54.903621673583984,156.95733642578125
2024-04-19,56.07793045043945,158.65200805664062
2024-04-22,56.432090759277344,160.77490234375
2024-04-23,56.515968322753906,156.0006561279297
2024-04-24,57.36407470703125,161.6404266357422
2024-04-25,57.54116439819336,160.97531127929688
2024-04-26,57.54116439819336,159.97311401367188
2024-04-29,57.82075881958008,160.48333740234375
2024-04-30,57.569122314453125,160.2737579345703
2024-05-01,57.718238830566406,159.58131408691406
2024-05-02,57.7741584777832,159.85467529296875
2024-05-03,57.941917419433594,160.49246215820312
2024-05-06,58.10967254638672,160.19178771972656
2024-05-07,58.36131286621094,162.1962127685547
2024-05-08,58.5756721496582,161.6404266357422
2024-05-09,58.60363006591797,162.232666015625
2024-05-10,58.957786560058594,163.80886840820312
2024-05-13,59.25602340698242,164.82022094726562
2024-05-14,58.80867004394531,163.8817596435547
2024-05-15,58.836631774902344,163.5082244873047
2024-05-16,59.01370620727539,166.8338165283203
2024-05-17,58.74342727661133,165.9955596923828
2024-05-20,58.3147087097168,164.28265380859375
2024-05-21,58.631595611572266,164.98423767089844
2024-05-22,58.71547317504883,165.90444946289062
2024-05-23,57.86735916137695,163.33511352539062
2024-05-24,57.783477783203125,162.1688995361328
2024-05-28,57.61571502685547,157.96865844726562
2024-05-29,57.503883361816406,155.93687438964844
2024-05-30,57.75551986694336,155.32643127441406
2024-05-31,58.65023422241211,157.5313262939453
2024-06-03,58.65023422241211,156.009765625
2024-06-04,59.59153366088867,158.433349609375
2024-06-05,59.572898864746094,158.06887817382812
2024-06-06,59.78726577758789,157.80465698242188
2024-06-07,59.56358337402344,157.0654296875
2024-06-10,59.26534652709961,152.34539794921875
2024-06-11,59.22806930541992,151.58322143554688
2024-06-12,58.60363006591797,150.44451904296875
2024-06-13,58.706153869628906,149.98536682128906
2024-06-14,58.748409271240234,150.4261474609375
2024-06-17,58.81416320800781,152.5657958984375
2024-06-18,58.82354736328125,152.87799072265625
2024-06-20,58.400901794433594,153.0616455078125
2024-06-21,58.955047607421875,153.61265563964844
2024-06-24,60.08210754394531,154.34727478027344
2024-06-25,59.96000671386719,153.67694091796875
2024-06-26,60.157249450683594,153.1167449951172
2024-06-27,60.025760650634766,152.67596435546875
2024-06-28,59.78156280517578,151.45465087890625
2024-07-01,59.434043884277344,149.58132934570312
2024-07-02,59.31194305419922,150.21495056152344
2024-07-03,59.48100662231445,149.3150177001953
2024-07-05,59.88487243652344,150.95875549316406
2024-07-08,59.13349914550781,148.87420654296875
2024-07-09,58.87990188598633,148.67218017578125
2024-07-10,59.01139450073242,150.22412109375
2024-07-11,59.264984130859375,150.5546875
2024-07-12,59.828521728515625,152.7861785888672
2024-07-15,59.55614471435547,150.47206115722656
2024-07-16,60.36387634277344,151.2985076904297
2024-07-17,61.246742248535156,156.0093994140625
2024-07-18,61.227970123291016,156.45018005371094
2024-07-19,61.32188415527344,155.52268981933594
2024-07-22,60.83348083496094,153.96157836914062
2024-07-23,61.01194763183594,152.6943359375
2024-07-24,61.81027603149414,154.429931640625
2024-07-25,62.05448532104492,157.04708862304688
2024-07-26,62.97493362426758,158.63572692871094
2024-07-29,62.768287658691406,159.05813598632812
2024-07-30,63.56663131713867,159.0305938720703
2024-07-31,62.68376159667969,158.562255859375
2024-08-01,63.82960891723633,160.66514587402344
2024-08-02,65.11634826660156,163.4935302734375
2024-08-05,63.96110534667969,159.82032775878906
2024-08-06,63.91414260864258,158.39697265625
2024-08-07,64.2992172241211,157.754150390625
2024-08-08,64.55282592773438,158.28677368164062
2024-08-09,64.50585174560547,158.30514526367188
2024-08-12,64.02684020996094,157.41436767578125
2024-08-13,64.2992172241211,158.28677368164062
2024-08-14,64.41193389892578,159.5172882080078
2024-08-15,64.47767639160156,158.42453002929688
2024-08-16,64.97547149658203,158.51632690429688
2024-08-19,64.78762817382812,159.6183319091797
2024-08-20,65.16332244873047,161.48245239257812
2024-08-21,65.34176635742188,160.89476013183594
2024-08-22,65.11634826660156,161.38145446777344
2024-08-23,65.54840087890625,161.50079345703125
2024-08-26,66.53457641601562,161.59263610839844
2024-08-27,67.15446472167969,160.9773712158203
2024-08-28,67.3892822265625,159.7101287841797
2024-08-29,67.67103576660156,158.02963256835938
2024-08-30,68.06550598144531,158.75509643554688
2024-09-03,68.57269287109375,163.03436279296875
2024-09-04,68.1500473022461,163.93429565429688
2024-09-05,66.84452056884766,164.6505584716797
2024-09-06,66.81632995605469,164.09075927734375
2024-09-09,67.48319244384766,164.8772735595703
2024-09-10,67.20143127441406,164.52565002441406
2024-09-11,66.7599868774414,162.64732360839844
2024-09-12,66.90087127685547,164.0074920654297
2024-09-13,67.52973937988281,164.10926818847656
2024-09-16,68.1822509765625,163.97048950195312
2024-09-17,67.89855194091797,163.65586853027344
2024-09-18,67.85126495361328,162.1199188232422
2024-09-19,66.78266143798828,161.6109619140625
2024-09-20,67.74723815917969,158.39096069335938
2024-09-23,67.83235168457031,159.25149536132812
2024-09-24,67.45408630371094,157.22512817382812
2024-09-25,67.56755065917969,156.74395751953125
2024-09-26,67.52027893066406,157.01229858398438
2024-09-27,67.88909149169922,157.2991485595703
2024-09-30,67.95529174804688,157.34542846679688
2024-10-01,67.81343841552734,158.5760498046875
2024-10-02,67.15147399902344,156.88275146484375
2024-10-03,66.68810272216797,155.93898010253906
2024-10-04,66.35711669921875,155.4208221435547
2024-10-07,65.2601547241211,154.7176055908203
2024-10-08,65.4209213256836,157.68775939941406
2024-10-09,65.78972625732422,159.64938354492188
2024-10-10,65.48710632324219,160.06576538085938
2024-10-11,65.78972625732422,161.74977111816406
2024-10-14,66.51788330078125,162.94342041015625
2024-10-15,66.51788330078125,162.75833129882812
2024-10-16,66.73538208007812,161.44442749023438
2024-10-17,66.10179138183594,161.62022399902344
2024-10-18,66.61246490478516,161.98110961914062
2024-10-21,65.67622375488281,161.93482971191406
2024-10-22,65.67622375488281,161.3426513671875
2024-10-23,64.31448364257812,160.0287628173828
2024-10-24,63.64306640625,159.2977752685547
2024-10-25,63.28371047973633,158.9553985595703
2024-10-28,63.04729461669922,157.1510772705078
2024-10-29,61.99761199951172,154.98590087890625
2024-10-30,62.338050842285156,153.7923126220703
2024-10-31,61.761199951171875,153.67201232910156
2024-11-01,61.47749710083008,153.2186279296875
2024-11-04,61.57206726074219,153.91259765625
2024-11-05,61.81793975830078,155.30978393554688
2024-11-06,60.238685607910156,152.4043731689453
2024-11-07,60.20085144042969,151.74740600585938
2024-11-08,60.44672775268555,152.77447509765625
2024-11-11,59.91715621948242,151.9879913330078
2024-11-12,59.76585388183594,152.06201171875
2024-11-13,59.576717376708984,152.43212890625
2024-11-14,59.15116882324219,152.81149291992188
2024-11-15,58.385189056396484,146.76934814453125
2024-11-18,58.4986572265625,146.5010223388672
2024-11-19,59.18899917602539,145.01129150390625
2024-11-20,59.567264556884766,146.88040161132812
2024-11-21,60.29542541503906,148.36083984375
2024-11-22,60.44672775268555,149.89682006835938
2024-11-25,60.88172912597656,150.86837768554688
2024-11-26,61.04249954223633,150.04486083984375
2024-11-27,60.929019927978516,150.5630340576172
2024-11-29,61.05765151977539,151.23849487304688
2024-12-02,60.64793014526367,150.86837768554688
2024-12-03,60.5240592956543,149.61923217773438
2024-12-04,59.27584457397461,148.21278381347656
2024-12-05,59.95235824584961,148.49964904785156
2024-12-06,59.580753326416016,147.24452209472656
2024-12-09,59.64745330810547,148.81224060058594
2024-12-10,59.942832946777344,149.15753173828125
2024-12-11,59.68556594848633,146.29269409179688
2024-12-12,60.82896423339844,148.28033447265625
2024-12-13,60.1429328918457,147.41249084472656
2024-12-16,59.59980773925781,145.5928192138672
2024-12-17,60.40972137451172,145.70481872558594
2024-12-18,59.88566207885742,144.1090850830078
2024-12-19,59.50452423095703,141.34690856933594
2024-12-20,59.59980773925781,142.57867431640625
2024-12-23,59.437828063964844,141.17892456054688
2024-12-24,59.876129150390625,142.59735107421875
2024-12-26,59.61886215209961,142.25210571289062
2024-12-27,59.50452423095703,142.67201232910156
2024-12-30,59.104331970214844,141.5802001953125
2024-12-31,59.323482513427734,141.89747619628906
2025-01-02,58.92329788208008,140.17112731933594
2025-01-03,58.83754348754883,139.64854431152344
2025-01-06,57.94187927246094,136.49444580078125
2025-01-07,57.970462799072266,135.6825714111328
2025-01-08,58.79943084716797,136.7463836669922
2025-01-10,58.189613342285156,133.10702514648438
2025-01-13,58.74225997924805,134.84274291992188
2025-01-14,59.113861083984375,135.26266479492188
2025-01-15,58.856597900390625,135.10400390625
2025-01-16,59.313961029052734,136.7463836669922
2025-01-17,59.75225830078125,138.3421173095703
2025-01-21,59.4759407043457,138.62205505371094
2025-01-22,58.866127014160156,138.1927947998047
2025-01-23,58.6279182434082,138.6873779296875
2025-01-24,58.9995231628418,139.1539764404297
2025-01-27,60.85755157470703,144.2770538330078
2025-01-28,59.41876983642578,140.20843505859375
2025-01-29,59.86660385131836,140.32041931152344
2025-01-30,61.0290641784668,141.74815368652344
2025-01-31,60.48594284057617,140.61904907226562
2025-02-03,60.36207962036133,140.22711181640625
2025-02-04,59.71414566040039,133.90025329589844
2025-02-05,60.1429328918457,135.9252166748047
2025-02-06,60.371604919433594,135.6359405517578
2025-02-07,60.82896423339844,134.91737365722656
2025-02-10,61.50548553466797,134.7027587890625
2025-02-11,64.41162872314453,135.9065399169922
2025-02-12,65.46926879882812,134.3668212890625
2025-02-13,66.22201538085938,134.91737365722656
2025-02-14,65.62174224853516,133.80691528320312
2025-02-18,65.79325103759766,134.46946716308594
2025-02-19,66.76512908935547,136.06517028808594
2025-02-20,66.73654174804688,139.1352996826172
2025-02-21,67.98475646972656,143.24124145507812
2025-02-24,67.2605972290039,143.56787109375
2025-02-25,68.11815643310547,145.96609497070312
2025-02-26,67.46070098876953,141.3842315673828
2025-02-27,67.52739715576172,141.86013793945312
2025-02-28,67.85135650634766,143.21322631835938
2025-03-03,68.90900421142578,145.56483459472656
2025-03-04,66.87946319580078,143.88511657714844
2025-03-05,66.77465057373047,143.5958709716797
2025-03-06,67.13673400878906,144.2770538330078
2025-03-07,68.06098175048828,145.39263916015625
2025-03-10,68.08003234863281,147.0966033935547
2025-03-11,67.68937683105469,143.40626525878906
2025-03-12,66.64126586914062,139.48992919921875
2025-03-13,66.33634948730469,139.6499786376953
2025-03-14,66.38434600830078,139.8853302001953
2025-03-17,67.30582427978516,142.47422790527344
2025-03-18,66.59552001953125,140.2619171142578
2025-03-19,66.49952697753906,139.4334716796875
2025-03-20,66.91226196289062,138.52969360351562
2025-03-21,65.91400909423828,136.92929077148438
2025-03-24,66.18277740478516,137.87069702148438
2025-03-25,66.04838562011719,137.01400756835938
2025-03-26,67.2098159790039,139.93240356445312
2025-03-27,67.90093231201172,140.90206909179688
2025-03-28,67.54579162597656,140.5255126953125
2025-03-31,68.74562072753906,141.15625
2025-04-01,68.98558807373047,140.90206909179688
2025-04-02,68.46725463867188,140.38430786132812
2025-04-03,70.2430191040039,142.5024871826172
2025-04-04,67.12344360351562,138.0213165283203
2025-04-07,65.62605285644531,134.80169677734375
2025-04-08,65.6740493774414,132.08099365234375
2025-04-09,67.14263153076172,137.0610809326172
2025-04-10,67.9201431274414,135.69602966308594
2025-04-11,68.563232421875,135.96900939941406
2025-04-14,69.54229736328125,138.1531219482422
2025-04-15,68.97599029541016,134.47216796875
2025-04-16,68.80320739746094,131.88328552246094
2025-04-17,70.07023620605469,134.47216796875
2025-04-21,69.84945678710938,133.42721557617188
2025-04-22,70.93411254882812,135.0558624267578
2025-04-23,70.35819244384766,133.92616271972656
2025-04-24,69.6094970703125,127.38330841064453
2025-04-25,69.02398681640625,125.56636047363281
2025-04-28,68.90879821777344,125.9240951538086
2025-04-29,69.44631958007812,126.44186401367188
2025-04-30,69.63829803466797,127.63748931884766
2025-05-01,68.42886352539062,125.72639465332031
2025-05-02,68.77440643310547,125.91468048095703
2025-05-05,68.82240295410156,124.25779724121094
2025-05-06,68.84160614013672,123.0810317993164
2025-05-07,69.49430084228516,124.19189453125
2025-05-08,68.31366729736328,123.7305908203125
2025-05-09,67.68976593017578,122.79859924316406
2025-05-12,66.739501953125,123.9659423828125
2025-05-13,66.19236755371094,122.67619323730469
2025-05-14,66.38434600830078,120.9251708984375
2025-05-15,68.73601531982422,123.79650115966797
2025-05-16,69.1103515625,124.24836730957031
2025-05-19,69.04317474365234,124.06951141357422
2025-05-20,68.81282043457031,124.07893371582031
2025-05-21,68.96638488769531,122.52557373046875
2025-05-22,68.28487396240234,122.4973373413086
2025-05-23,68.88958740234375,121.76301574707031
2025-05-27,68.8991928100586,123.67411041259766
2025-05-28,68.29448699951172,123.01512145996094
2025-05-29,68.62083435058594,124.19189453125
2025-05-30,69.20635223388672,123.74942779541016
2025-06-02,69.1103515625,123.2410659790039
2025-06-03,68.30408477783203,124.1259994506836
2025-06-04,68.50565338134766,124.02245330810547
2025-06-05,68.06410217285156,123.42935180664062
2025-06-06,68.4864501953125,123.75579833984375
2025-06-09,68.88958740234375,123.6891860961914
2025-06-10,69.44631958007812,125.46894073486328
2025-06-11,69.17755126953125,123.6320571899414
2025-06-12,69.34072875976562,125.9162826538086
2025-06-13,68.65437316894531,124.53622436523438
2025-06-16,68.17103576660156,125.0692138671875
2025-06-17,67.30101776123047,123.05148315429688
2025-06-18,66.90467071533203,122.84210968017578
2025-06-20,66.5469970703125,122.84210968017578
2025-06-23,67.41702270507812,122.86114501953125
2025-06-24,67.87135314941406,124.72657775878906
2025-06-25,67.31068420410156,121.84278869628906
2025-06-26,67.15602111816406,122.03313446044922
2025-06-27,67.98735809326172,124.71704864501953
2025-06-30,68.39337158203125,125.66880798339844
2025-07-01,69.2827377319336,128.73342895507812
2025-07-02,68.54804229736328,129.89456176757812
2025-07-03,68.973388671875,128.84765625
2025-07-07,68.64472198486328,127.9625244140625
2025-07-08,67.90036010742188,128.5240478515625
2025-07-09,67.16567993164062,127.99107360839844
2025-07-10,67.44600677490234,129.5138702392578
2025-07-11,67.54268646240234,128.73342895507812
2025-07-14,67.15602111816406,129.0284881591797
2025-07-15,67.04967498779297,127.35340118408203
2025-07-16,66.9626693725586,128.819091796875
2025-07-17,68.23870849609375,138.42222595214844
2025-07-18,67.52335357666016,136.32839965820312
2025-07-21,67.73602294921875,134.86270141601562
2025-07-22,67.33968353271484,138.99327087402344
2025-07-23,66.8563461303711,138.63162231445312
2025-07-24,66.79832458496094,137.53709411621094
2025-07-25,66.86600494384766,136.5282440185547
2025-07-28,65.82197570800781,134.73898315429688
2025-07-29,67.06900024414062,136.947021484375
2025-07-30,66.45999908447266,135.9667205810547
2025-07-31,65.62863159179688,131.26507568359375
2025-08-01,66.56632995605469,132.5594482421875
2025-08-04,66.66299438476562,132.82594299316406
2025-08-05,66.75000762939453,132.72125244140625
2025-08-06,67.19467163085938,134.00611877441406
2025-08-07,68.08403778076172,136.97557067871094
2025-08-08,67.99702453613281,138.20333862304688
2025-08-11,68.39337158203125,137.87973022460938
2025-08-12,68.35470581054688,139.78321838378906
2025-08-13,68.11302947998047,142.14356994628906
2025-08-14,67.23335266113281,141.44879150390625
2025-08-15,67.59101867675781,143.1428985595703
2025-08-18,66.82733154296875,142.33392333984375
2025-08-19,67.79402923583984,144.81797790527344
2025-08-20,68.34503173828125,143.4569854736328
2025-08-21,68.30638122558594,141.79141235351562
2025-08-22,67.79402923583984,142.41957092285156
2025-08-25,66.63400268554688,141.04905700683594
2025-08-26,66.44066619873047,139.90696716308594
2025-08-27,66.5373306274414,140.51608276367188
2025-08-28,66.08299255371094,139.887939453125
2025-08-29,66.6919937133789,141.4773406982422
2025-09-02,66.7596664428711,143.02867126464844
2025-09-03,66.6919937133789,141.4678192138672
2025-09-04,65.97665405273438,139.80227661132812
2025-09-05,65.6963119506836,140.68931579589844
2025-09-08,65.1839599609375,136.1915740966797
2025-09-09,65.5996322631836,137.52745056152344
2025-09-10,65.56097412109375,137.10458374023438
2025-09-11,65.36764526367188,138.61343383789062
2025-09-12,64.77794647216797,137.94070434570312
2025-09-15,64.49546813964844,135.1632537841797
2025-09-16,64.5246810913086,134.57699584960938
2025-09-17,65.30397033691406,135.73025512695312
2025-09-18,64.73898315429688,135.24974060058594
2025-09-19,64.70975494384766,136.2396240234375
2025-09-22,64.49546813964844,135.5380401611328
2025-09-23,64.9825210571289,136.37416076660156
2025-09-24,64.729248046875,136.6336669921875
2025-09-25,64.27141571044922,134.47128295898438
2025-09-26,63.96944046020508,134.97103881835938
2025-09-29,64.32986450195312,134.71153259277344
2025-09-30,64.60260772705078,134.97103881835938
2025-10-01,65.05069732666016,137.56588745117188
2025-10-02,64.3883056640625,136.76821899414062
2025-10-03,64.92406463623047,136.4510498046875
2025-10-06,64.3883056640625,134.2598419189453
2025-10-07,65.06044006347656,135.30738830566406
2025-10-08,64.40779876708984,133.43331909179688
2025-10-09,64.65132141113281,139.0747528076172
2025-10-10,65.30397033691406,144.23562622070312
2025-10-13,65.07018280029297,143.0919647216797
2025-10-14,65.76179504394531,145.63876342773438
2025-10-15,65.34293365478516,145.27359008789062
2025-10-16,65.8397216796875,146.7247772216797
2025-10-17,66.66771697998047,147.72427368164062
2025-10-20,66.66771697998047,147.65701293945312
2025-10-21,69.37572479248047,147.21490478515625
2025-10-22,68.97633361816406,147.0707550048828
2025-10-23,68.12887573242188,145.6099395751953
2025-10-24,67.90483093261719,145.6483917236328
2025-10-27,68.24576568603516,146.68634033203125
2025-10-28,68.34318542480469,144.2740478515625
2025-10-29,66.58003997802734,140.46827697753906
2025-10-30,67.19373321533203,141.8041534423828
2025-10-31,67.11579895019531,140.4010009765625
2025-11-03,66.20989227294922,138.0079803466797
2025-11-04,66.88201904296875,137.33522033691406
2025-11-05,66.73590087890625,137.29678344726562
2025-11-06,67.27165222167969,136.06663513183594
2025-11-07,68.72306823730469,137.38328552246094
2025-11-10,68.69384002685547,137.06614685058594
2025-11-11,69.75562286376953,139.43032836914062
2025-11-12,69.65821838378906,138.76719665527344
2025-11-13,69.2296142578125,139.37266540527344
2025-11-14,69.3172836303711,140.17034912109375
2025-11-17,68.8497085571289,142.0732421875
2025-11-18,69.37572479248047,142.9766387939453
2025-11-19,69.2685775756836,141.38128662109375
2025-11-20,69.36598205566406,140.41061401367188
2025-11-21,71.06092071533203,140.63165283203125
2025-11-24,70.71025085449219,139.833984375
2025-11-25,70.72972869873047,140.42022705078125
2025-11-26,70.99273681640625,142.2174072265625
2025-11-28,71.22652435302734,142.9478302001953
2025-12-01,70.5791015625,143.6878204345703
2025-12-02,69.323486328125,142.82289123535156
2025-12-03,69.4608154296875,142.2943115234375
2025-12-04,69.10768127441406,141.18907165527344
2025-12-05,68.66625213623047,140.73587036132812
2025-12-08,68.91149139404297,141.32786560058594
2025-12-09,68.75453186035156,140.36708068847656
2025-12-10,68.87225341796875,145.27761840820312
2025-12-11,67.79320526123047,144.63711547851562
2025-12-12,69.17634582519531,146.19955444335938
2025-12-15,69.6177749633789,146.75271606445312
2025-12-16,69.02920532226562,145.9278106689453
2025-12-17,69.323486328125,145.64639282226562
2025-12-18,69.0193862915039,144.95738220214844
2025-12-19,68.72511291503906,143.7831268310547
2025-12-22,68.87225341796875,142.70591735839844
2025-12-23,68.53873443603516,139.4354705810547
2025-12-24,68.77415466308594,139.4936981201172
2025-12-26,68.53873443603516,139.5325164794922
2025-12-29,68.82321166992188,139.9789276123047
2025-12-30,68.73491668701172,139.9012908935547
2025-12-31,68.57797241210938,139.28018188476562
2026-01-02,67.80302429199219,138.02828979492188
2026-01-05,66.6455078125,135.7865447998047
2026-01-06,66.54740142822266,134.85491943359375
2026-01-07,66.25312805175781,132.96249389648438
2026-01-08,68.04826354980469,135.25277709960938
2026-01-09,69.16653442382812,135.77682495117188
2026-01-12,69.15673065185547,137.1840057373047
2026-01-13,69.88262176513672,139.2413787841797
2026-01-14,70.07881927490234,141.6092987060547
2026-01-15,69.1371078491211,142.24008178710938
2026-01-16,69.09786987304688,141.9974822998047
2026-01-20,70.3829116821289,143.2978973388672
2026-01-21,70.63795471191406,142.4050750732422
2026-01-22,70.50062561035156,140.1342010498047
2026-01-23,71.49137878417969,140.30886840820312
2026-01-26,71.17747497558594,141.56077575683594
2026-01-27,72.14861297607422,144.3848114013672
2026-01-28,71.66793823242188,144.11306762695312
2026-01-29,72.03089904785156,144.29745483398438
2026-01-30,73.38460540771484,149.09152221679688
2026-02-02,73.89470672607422,150.61514282226562
2026-02-03,75.42497253417969,158.03915405273438
2026-02-04,75.87620544433594,161.27076721191406
2026-02-05,77.01410675048828,162.5808868408203
2026-02-06,77.52420043945312,165.4534454345703
2026-02-09,76.4843978881836,161.55221557617188
2026-02-10,75.34649658203125,162.03744506835938
2026-02-11,77.1023941040039,164.15304565429688
2026-02-12,77.4947738647461,162.26063537597656
2026-02-13,77.18087005615234,161.03787231445312
2026-02-17,78.04409790039062,157.13662719726562
2026-02-18,77.97543334960938,159.53366088867188
2026-02-19,77.40648651123047,159.7277374267578
2026-02-20,78.31876373291016,160.06741333007812
2026-02-23,79.0250473022461,163.34756469726562
2026-02-24,79.18199920654297,164.53150939941406
2026-02-25,78.93675994873047,164.1724395751953
2026-02-26,78.96619415283203,162.62940979003906
2026-02-27,80.00598907470703,164.72561645507812
2026-03-02,78.69152069091797,162.33827209472656
2026-03-03,77.82828521728516,160.0382843017578
2026-03-04,76.61192321777344,159.07754516601562
2026-03-05,75.56230926513672,155.95266723632812
2026-03-06,75.5721206665039,156.1024627685547
2026-03-09,76.31764221191406,158.15863037109375
2026-03-10,76.39611053466797,157.42430114746094
2026-03-11,76.15087127685547,156.80743408203125
2026-03-12,76.13126373291016,155.54437255859375
2026-03-13,76.38805389404297,156.54307556152344
2026-03-16,76.86214447021484,154.42816162109375
2026-03-17,76.62510681152344,153.23361206054688
2026-03-18,75.034912109375,150.3354034423828
2026-03-19,74.6200942993164,149.55210876464844
2026-03-20,73.8299331665039,146.908447265625
2026-03-23,74.18550872802734,147.73092651367188
2026-03-24,73.75092315673828,147.4469757080078
2026-03-25,74.32378387451172,148.56317138671875
2026-03-26,73.77067565917969,147.6819610595703
2026-03-27,74.77811431884766,149.8458251953125
2026-03-30,75.33122253417969,153.5469512939453
2026-03-31,75.11393737792969,152.0488739013672
2026-04-01,75.14356231689453,151.42222595214844
2026-04-02,75.77568817138672,153.73297119140625
2026-04-06,76.26953125,153.4588165283203
2026-04-07,74.97566223144531,150.01229858398438
2026-04-08,76.33867645263672,151.56910705566406
2026-04-09,77.21771240234375,154.20297241210938
2026-04-10,76.5164566040039,153.7819366455078
2026-04-13,75.46951293945312,152.62655639648438
2026-04-14,74.96577453613281,152.4698944091797
2026-04-15,74.3830337524414,151.61807250976562
2026-04-16,74.25464630126953,155.0743865966797
2026-04-17,74.80774688720703,154.3791961669922
2026-04-20,74.55094909667969,153.71340942382812
2026-04-21,73.7805404663086,151.6865997314453
2026-04-22,73.71141052246094,150.58016967773438
2026-04-23,75.34110260009766,152.4503173828125
2026-04-24,75.68679809570312,152.19573974609375
2026-04-27,74.51144409179688,150.88372802734375
2026-04-28,77.3856201171875,153.02798461914062
2026-04-29,77.89922332763672,152.0488739013672
2026-04-30,77.79058074951172,155.1820831298828
2026-05-01,77.61279296875,154.1246337890625
2026-05-04,77.22759246826172,151.3634796142578
2026-05-05,77.51402282714844,151.8040771484375
2026-05-06,78.25479125976562,152.70489501953125
2026-05-07,77.46463775634766,153.02798461914062
2026-05-08,77.45475769042969,151.39285278320312
2026-05-11,77.69181060791016,146.29161071777344
2026-05-12,79.0449447631836,148.68067932128906
2026-05-13,79.27210998535156,146.15452575683594
2026-05-14,79.45977783203125,145.56704711914062
2026-05-15,79.82522583007812,146.0076446533203
2026-05-18,80.2005386352539,145.94891357421875
2026-05-19,80.91168212890625,147.2315673828125
2026-05-20,80.5462417602539,146.17410278320312
2026-05-21,80.17090606689453,145.74330139160156
2026-05-22,80.47710418701172,147.42738342285156
2026-05-26,79.46965026855469,142.6394500732422
2026-05-27,80.6153793334961,144.6564483642578
2026-05-28,79.42027282714844,143.23670959472656
2026-05-29,78.0374984741211,141.18055725097656
2026-06-01,77.67205810546875,138.56626892089844
2026-06-02,77.44489288330078,139.0362548828125
2026-06-03,77.79058074951172,139.56497192382812
2026-06-04,75.87445831298828,139.18312072753906
2026-06-05,78.50171661376953,140.41990661621094
2026-06-08,78.56098175048828,139.19300842285156
2026-06-09,80.33881378173828,141.2708282470703
2026-06-10,82.56111907958984,142.7945556640625
2026-06-11,81.51417541503906,142.21078491210938
2026-06-12,81.60306549072266,142.74508666992188
2026-06-15,80.43006896972656,144.7041473388672
2026-06-16,79.80380249023438,144.5755157470703
2026-06-17,79.45587921142578,140.09339904785156
2026-06-18,78.91908264160156,140.51885986328125
2026-06-22,79.0582504272461,139.22271728515625
2026-06-23,79.8336181640625,140.5485382080078
2026-06-24,80.12190246582031,140.76622009277344
2026-06-25,79.9429702758789,138.0452880859375
2026-06-26,82.13985443115234,139.89552307128906
2026-06-29,82.15974426269531,137.2141571044922
2026-06-30,80.78792572021484,133.9688262939453
2026-07-01,80.80780792236328,139.66795349121094
2026-07-02,83.64089965820312,142.6956024169922
2026-07-06,82.46790313720703,141.77542114257812
2026-07-07,83.55143737792969,143.44757080078125
2026-07-08,82.9052963256836,141.00367736816406
2026-07-09,82.13985443115234,136.40283203125
2026-07-10,82.99475860595703,135.9279022216797
2026-07-13,83.75025177001953,137.0261688232422
2026-07-14,82.58719635009766,134.01829528808594
2026-07-15,81.96092224121094,133.9688262939453
2026-07-16,84.41627502441406,137.9562225341797
2026-07-17,81.07620239257812,135.67063903808594
2026-07-20,81.63288879394531,134.0281982421875
2026-07-21,81.48377990722656,133.57305908203125
2026-07-22,81.71240997314453,134.2161865234375
2026-07-23,80.68852233886719,133.52359008789062
2026-07-24,81.76211547851562,135.1957244873047
2026-07-27,83.57131958007812,138.3124237060547
2026-07-28,87.74639892578125,141.3499755859375
2026-07-29,88.55160522460938,141.98321533203125
2026-07-30,87.96509552001953,138.7180938720703
2026-07-31,87.0704345703125,138.08485412597656
2026-08-03,86.34477233886719,138.1541290283203
2026-08-04,86.04654693603516,137.62973022460938
2026-08-05,86.31494903564453,137.3131103515625
2026-08-06,86.33482360839844,136.97669982910156
2026-08-07,86.53364562988281,137.55056762695312
2026-08-10,86.3547134399414,136.27420043945312
2026-08-11,85.96702575683594,136.947021484375
2026-08-12,86.1956558227539,137.23394775390625
2026-08-13,86.90144348144531,139.13365173339844
2026-08-14,87.18972778320312,139.30184936523438
2026-08-17,86.46405792236328,136.77882385253906
2026-08-18,88.29314422607422,138.64883422851562
2026-08-19,89.8140640258789,141.07293701171875
2026-08-20,89.96318054199219,140.57823181152344
2026-08-21,90.55961608886719,141.9634246826172
2026-08-24,91.4443359375,143.14085388183594
2026-08-25,91.0964126586914,140.76622009277344
2026-08-26,89.54566955566406,140.6870574951172
2026-08-27,88.5317153930664,138.2431640625
2026-08-28,89.12816619873047,139.5789031982422
2026-08-31,88.14402770996094,138.8566131591797
2026-09-01,87.4780044555664,138.3124237060547
2026-09-02,87.71658325195312,139.0347137451172
2026-09-03,88.283203125,138.54000854492188
2026-09-04,87.54759216308594,137.6300048828125
2026-09-08,87.83586883544922,138.4499969482422
2026-09-09,87.03067779541016,136.69000244140625
2026-09-10,87.30902099609375,136.64999389648438
2026-09-11,87.76628875732422,136.32000732421875
2026-09-14,88.81999969482422,136.33999633789062
2026-09-15,88.70999908447266,135.5
2026-09-16,87.87000274658203,134.33999633789062
2026-09-17,88.05999755859375,133.66000366210938
2026-09-18,88.25,129.75
2026-09-21,87.12000274658203,129.58999633789062
2026-09-22,88.61000061035156,131.19000244140625
2026-09-23,88.08999633789062,130.17999267578125
2026-09-24,88.0999984741211,128.14999389648438
2026-09-25,87.80999755859375,128.6300048828125
2026-09-28,87.18000030517578,128.5
2026-09-29,86.83999633789062,128.69000244140625
2026-09-30,86.08000183105469,126.72000122070312
2026-10-01,86.0999984741211,125.5999984741211
2026-10-02,85.6500015258789,125.88999938964844
2026-10-05,86.51000213623047,125.6500015258789
2026-10-06,86.16999816894531,125.70999908447266
